Time [s], Transmitter [V], Receiver [V],
-4.999999999999999562e-05,4.511718749999893419e-03,5.449218749999963640e-05
-4.979999999999999076e-05,4.453124999999946709e-03,2.421874999999993477e-05
-4.959999999999998590e-05,4.453124999999946709e-03,6.660156249999917011e-05
-4.939999999999998104e-05,4.335937499999831246e-03,1.289062499999944766e-05
-4.919999999999997617e-05,4.726562500000031086e-03,4.023437499999730355e-05
-4.899999999999999842e-05,4.589843749999822364e-03,8.085937499999803352e-05
-4.879999999999999356e-05,4.648437499999880096e-03,8.398437500000029143e-05
-4.859999999999998870e-05,4.355468750000035527e-03,8.593749999999920897e-05
-4.839999999999998383e-05,4.492187499999911182e-03,3.183593749999952954e-05
-4.819999999999997897e-05,4.726562500000031086e-03,3.222656250000035388e-05
-4.799999999999997411e-05,4.414062500000093259e-03,2.226562499999928252e-05
-4.779999999999999635e-05,4.687499999999955591e-03,2.871093749999987371e-05
-4.759999999999999149e-05,4.589843749999933387e-03,4.589843750000058287e-05
-4.739999999999998663e-05,4.492187500000133227e-03,2.050781250000164452e-05
-4.719999999999998177e-05,4.628906249999897859e-03,3.437500000000055095e-05
-4.699999999999997691e-05,4.570312499999951150e-03,3.671874999999855810e-05
-4.679999999999999915e-05,4.453124999999835687e-03,8.691406249999866773e-05
-4.659999999999999429e-05,4.335937499999942268e-03,1.517578125000001998e-04
-4.639999999999998943e-05,4.316406250000071054e-03,4.453124999999943240e-05
-4.619999999999998457e-05,4.316406249999849010e-03,1.107421875000012476e-04
-4.599999999999997971e-05,4.433593750000075495e-03,-6.250000000001046385e-06
-4.579999999999997485e-05,4.335937499999831246e-03,4.218749999999795580e-05
-4.559999999999999709e-05,4.511718750000004441e-03,-2.812500000000210665e-05
-4.539999999999999223e-05,4.707031250000048850e-03,8.007812499999551747e-06
-4.519999999999998737e-05,4.277343749999995559e-03,5.859374999999961836e-05
-4.499999999999998251e-05,4.628906250000008882e-03,4.902343749999937134e-05
-4.479999999999997764e-05,4.609375000000026645e-03,7.695312499999933109e-05
-4.459999999999999989e-05,4.316406249999960032e-03,7.499999999999867883e-05
-4.439999999999999503e-05,4.179687499999973355e-03,1.222656250000012795e-04
-4.419999999999999016e-05,4.375000000000017764e-03,1.037109374999985525e-04
-4.399999999999998530e-05,4.531249999999653610e-03,3.808593749999884120e-05
-4.379999999999998044e-05,4.140624999999897859e-03,5.371093750000058981e-05
-4.359999999999997558e-05,4.082031250000062172e-03,1.097656250000000541e-04
-4.339999999999999782e-05,4.433593749999964473e-03,4.160156249999932138e-05
-4.319999999999999296e-05,4.355468749999924505e-03,2.792968749999995975e-05
-4.299999999999998810e-05,4.550781250000079936e-03,6.054687500000634215e-06
-4.279999999999998324e-05,4.570312500000062172e-03,7.597656250000073969e-05
-4.259999999999997838e-05,4.296874999999977796e-03,2.441406250000121431e-05
-4.240000000000000062e-05,4.492187499999689138e-03,4.355468750000170836e-05
-4.219999999999999576e-05,4.355468749999924505e-03,6.972656249999882594e-05
-4.199999999999999090e-05,4.394531249999888978e-03,3.417968750000100614e-05
-4.179999999999998604e-05,4.335937499999942268e-03,6.503906250000020955e-05
-4.159999999999998118e-05,4.433593749999964473e-03,8.593749999999920897e-05
-4.139999999999997632e-05,4.453124999999946709e-03,7.695312500000019845e-05
-4.119999999999999856e-05,4.687500000000066613e-03,5.058593749999919925e-05
-4.099999999999999370e-05,4.531250000000097700e-03,4.941406250000019568e-05
-4.079999999999998884e-05,4.824218749999942268e-03,7.734374999999928807e-05
-4.059999999999998397e-05,4.667968749999973355e-03,3.789062499999929640e-05
-4.039999999999997911e-05,4.531249999999875655e-03,2.226562500000014988e-05
-4.019999999999997425e-05,4.394531249999777955e-03,7.304687499999889394e-05
-3.999999999999999650e-05,4.628906250000008882e-03,7.636718750000069666e-05
-3.979999999999999163e-05,4.453124999999835687e-03,4.707031250000045380e-05
-3.959999999999998677e-05,4.042968749999875655e-03,7.363281250000013045e-05
-3.939999999999998191e-05,4.121093749999693578e-03,4.863281249999941436e-05
-3.919999999999997705e-05,4.394531250000000000e-03,8.828124999999895084e-05
-3.899999999999999929e-05,4.609375000000137668e-03,4.980468750000015266e-05
-3.879999999999999443e-05,4.374999999999906741e-03,3.554687499999955452e-05
-3.859999999999998957e-05,4.414062499999871214e-03,1.367187499999415745e-06
-3.839999999999998471e-05,4.550781250000079936e-03,5.898437500000131006e-05
-3.819999999999997985e-05,4.726562500000253131e-03,9.101562500000038441e-05
-3.799999999999997499e-05,4.277343749999995559e-03,7.910156249999866079e-05
-3.779999999999999723e-05,4.492187499999911182e-03,9.648437499999978212e-05
-3.759999999999999237e-05,4.765625000000106581e-03,6.289062500000087985e-05
-3.739999999999998751e-05,4.414062499999760192e-03,5.957031249999994449e-05
-3.719999999999998265e-05,4.414062499999982236e-03,2.089843749999986677e-05
-3.699999999999997779e-05,4.472656249999928946e-03,7.382812499999967526e-05
-3.680000000000000003e-05,4.492187500000022204e-03,5.000000000000056483e-05
-3.659999999999999517e-05,4.277343749999995559e-03,1.193359374999994338e-04
-3.639999999999999031e-05,4.414062499999982236e-03,2.363281249999956563e-05
-3.619999999999998544e-05,4.667968749999973355e-03,7.656249999999850675e-05
-3.599999999999998058e-05,4.433593750000075495e-03,3.710937499998290257e-06
-3.579999999999997572e-05,4.570312499999951150e-03,9.472656249999867467e-05
-3.559999999999999797e-05,4.121093749999915623e-03,1.691406249999987191e-04
-3.539999999999999310e-05,4.355468749999813483e-03,1.281249999999988995e-04
-3.519999999999998824e-05,4.628906249999897859e-03,1.464843749999968775e-05
-3.499999999999998338e-05,4.550781249999857891e-03,3.183593749999692746e-05
-3.479999999999997852e-05,4.277343749999884537e-03,5.253906249999898415e-05
-3.459999999999997366e-05,4.140625000000119904e-03,1.582031249999869132e-05
-3.439999999999999590e-05,4.296874999999977796e-03,6.874999999999849981e-05
-3.419999999999999104e-05,4.570312500000062172e-03,6.542968750000016653e-05
-3.399999999999998618e-05,4.726562499999920064e-03,6.933593749999886896e-05
-3.379999999999998132e-05,4.355468750000035527e-03,2.871093749999813899e-05
-3.359999999999997646e-05,4.375000000000017764e-03,4.687499999999917427e-05
-3.339999999999999870e-05,4.277343749999884537e-03,4.062499999999899525e-05
-3.319999999999999384e-05,4.550781249999968914e-03,1.269531249999998959e-04
-3.299999999999998898e-05,4.746093750000124345e-03,1.058593750000004843e-04
-3.279999999999998412e-05,4.882812499999888978e-03,6.152343749999886202e-05
-3.259999999999997925e-05,4.746093749999791278e-03,2.812500000000123929e-05
-3.239999999999997439e-05,4.238281250000031086e-03,2.070312500000032196e-05
-3.219999999999999664e-05,4.316406249999849010e-03,4.394531249999993061e-05
-3.199999999999999178e-05,4.433593750000075495e-03,3.144531250000043993e-05
-3.179999999999998691e-05,4.492187499999800160e-03,5.957031249999820977e-05
-3.159999999999998205e-05,4.472656250000150990e-03,1.388671874999990175e-04
-3.139999999999997719e-05,4.492187499999689138e-03,5.781249999999970440e-05
-3.119999999999999944e-05,4.394531249999888978e-03,2.500000000000071609e-05
-3.099999999999999457e-05,4.453124999999835687e-03,1.660156249999773792e-05
-3.079999999999998971e-05,4.687499999999955591e-03,1.425781249999973077e-05
-3.059999999999998485e-05,4.628906250000008882e-03,8.671874999999912292e-05
-3.039999999999997999e-05,4.394531250000000000e-03,2.929687499999937550e-05
-3.019999999999997513e-05,4.531249999999764633e-03,3.027343750000143635e-05
-2.999999999999999737e-05,4.863281250000017764e-03,2.890624999999855116e-05
-2.979999999999999251e-05,4.355468750000035527e-03,1.132812499999875239e-05
-2.959999999999998765e-05,4.570312499999729106e-03,6.992187500000184019e-05
-2.939999999999998279e-05,4.550781250000079936e-03,4.687499999999917427e-05
-2.919999999999997793e-05,4.550781250000079936e-03,8.476562499999933803e-05
-2.899999999999997306e-05,4.062499999999857891e-03,9.570312499999813344e-05
-2.879999999999999531e-05,4.765625000000106581e-03,7.031250000000006245e-05
-2.859999999999999045e-05,4.394531250000000000e-03,5.878906250000003053e-05
-2.839999999999998559e-05,4.238281250000031086e-03,1.367187500000109635e-05
-2.819999999999998072e-05,4.374999999999906741e-03,3.652343749999901329e-05
-2.799999999999997586e-05,4.570312500000173195e-03,6.484375000000066475e-05
-2.779999999999999811e-05,4.511718749999782396e-03,3.925781249999957950e-05
-2.759999999999999325e-05,4.667968749999862332e-03,2.675781250000008882e-05
-2.739999999999998838e-05,4.296874999999977796e-03,-6.445312500000591194e-06
-2.719999999999998352e-05,4.550781250000079936e-03,6.074218750000068279e-05
-2.699999999999997866e-05,4.296875000000088818e-03,3.574218750000083406e-05
-2.679999999999997380e-05,4.492187499999911182e-03,8.906249999999886480e-05
-2.659999999999999604e-05,4.296875000000088818e-03,7.187499999999989037e-05
-2.639999999999999118e-05,4.726562499999920064e-03,8.886718749999931999e-05
-2.619999999999998632e-05,4.140625000000119904e-03,1.136718749999987566e-04
-2.599999999999998146e-05,4.648437500000102141e-03,1.699218750000029698e-05
-2.579999999999997660e-05,4.609374999999915623e-03,-1.582031249999869132e-05
-2.559999999999999884e-05,4.472656250000039968e-03,4.257812499999964750e-05
-2.539999999999999398e-05,4.492187500000022204e-03,2.851562499999946154e-05
-2.519999999999998912e-05,4.472656249999928946e-03,1.503906249999964473e-05
-2.499999999999998426e-05,4.257812500000124345e-03,5.136718749999911321e-05
-2.479999999999997940e-05,4.511718750000004441e-03,9.140624999999860667e-05
-2.459999999999997453e-05,4.628906249999897859e-03,6.406249999999988343e-05
-2.439999999999999678e-05,4.394531250000222045e-03,8.613281250000048850e-05
-2.419999999999999192e-05,4.355468749999702460e-03,9.687500000000060646e-05
-2.399999999999998706e-05,4.160156249999880096e-03,8.476562499999933803e-05
-2.379999999999998219e-05,4.531250000000208722e-03,5.917968749999912015e-05
-2.359999999999997733e-05,4.394531250000111022e-03,4.765625000000082295e-05
-2.339999999999997247e-05,4.277343750000106581e-03,1.464843749999968775e-05
-2.319999999999999471e-05,4.453124999999835687e-03,1.035156249999929362e-05
-2.299999999999998985e-05,4.589843749999933387e-03,4.804687499999817785e-05
-2.279999999999998499e-05,4.492187500000022204e-03,5.136718750000084793e-05
-2.259999999999998013e-05,4.277343750000106581e-03,6.250000000000005551e-05
-2.239999999999997527e-05,4.511718750000115463e-03,4.589843749999884814e-05
-2.219999999999999751e-05,4.453124999999835687e-03,6.542968750000016653e-05
-2.199999999999999265e-05,4.531249999999986677e-03,6.777343749999904104e-05
-2.179999999999998779e-05,4.531249999999875655e-03,7.109374999999910905e-05
-2.159999999999998293e-05,4.296874999999977796e-03,5.507812500000087291e-05
-2.139999999999997807e-05,4.238281249999809042e-03,2.148437500000197065e-06
-2.119999999999997321e-05,4.472656249999928946e-03,1.933593750000090622e-05
-2.099999999999999545e-05,4.433593749999853451e-03,7.285156250000195122e-05
-2.079999999999999059e-05,4.472656250000039968e-03,8.242187499999786143e-05
-2.059999999999998573e-05,4.570312499999951150e-03,4.941406250000019568e-05
-2.039999999999998087e-05,4.218749999999937828e-03,9.472656249999867467e-05
-2.019999999999997600e-05,4.335937499999831246e-03,5.976562499999948930e-05
-1.999999999999999825e-05,4.472656249999928946e-03,5.781250000000057176e-05
-1.979999999999999339e-05,4.492187500000022204e-03,8.554687499999925199e-05
-1.959999999999998853e-05,4.687499999999955591e-03,4.316406249999914929e-05
-1.939999999999998366e-05,4.453124999999835687e-03,5.292968749999980849e-05
-1.919999999999997880e-05,4.687499999999844569e-03,2.988281249999800993e-05
-1.899999999999997394e-05,4.394531250000000000e-03,5.820312499999966138e-05
-1.879999999999999618e-05,4.687500000000177636e-03,1.835937499999797801e-05
-1.859999999999999132e-05,4.296875000000088818e-03,6.035156249999899108e-05
-1.839999999999998646e-05,4.257812499999791278e-03,1.148437499999994948e-04
-1.819999999999998160e-05,4.375000000000017764e-03,1.142578124999999931e-04
-1.799999999999997674e-05,4.374999999999906741e-03,8.457031249999805850e-05
-1.779999999999997188e-05,4.335937500000053291e-03,3.945312499999999167e-05
-1.759999999999999412e-05,4.531249999999653610e-03,3.730468749999892725e-05
-1.739999999999998926e-05,4.257812499999902300e-03,6.054687499999766853e-06
-1.719999999999998440e-05,4.511718750000115463e-03,3.242187500000076605e-05
-1.699999999999997954e-05,4.589843750000044409e-03,9.570312499999379663e-06
-1.679999999999997468e-05,4.335937500000164313e-03,7.890624999999911598e-05
-1.659999999999999692e-05,4.492187499999911182e-03,1.048828125000010256e-04
-1.639999999999999206e-05,4.394531250000222045e-03,4.296875000000220657e-05
-1.619999999999998720e-05,4.472656250000039968e-03,2.265625000000097422e-05
-1.599999999999998234e-05,4.628906249999786837e-03,1.035156249999981404e-04
-1.579999999999997747e-05,4.687499999999955591e-03,1.564453124999988162e-04
-1.559999999999997261e-05,4.101562499999711342e-03,5.937500000000039968e-05
-1.539999999999999486e-05,4.570312499999840128e-03,7.968749999999902994e-05
-1.519999999999998999e-05,4.414062499999982236e-03,4.003906249999949346e-05
-1.499999999999998513e-05,4.335937499999942268e-03,5.546874999999909517e-05
-1.479999999999998027e-05,4.296874999999866773e-03,5.917968749999912015e-05
-1.459999999999997541e-05,4.550781250000079936e-03,1.115234375000002942e-04
-1.439999999999999765e-05,4.374999999999684697e-03,2.890624999999855116e-05
-1.419999999999999279e-05,4.433593749999742428e-03,9.433593749999958505e-05
-1.399999999999998793e-05,4.082031249999729106e-03,2.499999999999984873e-05
-1.379999999999998307e-05,4.277343749999773515e-03,1.972656250000086320e-05
-1.359999999999997821e-05,4.199218750000066613e-03,8.457031249999892586e-05
-1.339999999999997335e-05,4.492187499999800160e-03,3.847656250000140027e-05
-1.319999999999999559e-05,4.492187499999800160e-03,1.249999999999983763e-04
-1.299999999999999073e-05,4.746093749999902300e-03,6.269531250000046768e-05
-1.279999999999998587e-05,4.589843749999822364e-03,7.167968749999947820e-05
-1.259999999999998101e-05,4.492187499999911182e-03,1.406250000000192069e-05
-1.239999999999997615e-05,4.394531249999777955e-03,2.343750000000175554e-05
-1.219999999999997128e-05,4.257812499999791278e-03,7.285156250000108386e-05
-1.199999999999999353e-05,4.374999999999906741e-03,4.999999999999796274e-05
-1.179999999999998867e-05,4.179687500000084377e-03,8.085937500000063560e-05
-1.159999999999998380e-05,4.316406249999960032e-03,6.171874999999927419e-05
-1.139999999999997894e-05,4.375000000000128786e-03,4.628906249999967248e-05
-1.119999999999997408e-05,4.316406249999849010e-03,1.914062499999702460e-05
-1.099999999999999633e-05,4.335937500000053291e-03,4.101562499999981959e-05
-1.079999999999999146e-05,4.414062499999871214e-03,5.371093749999972244e-05
-1.059999999999998660e-05,4.492187499999800160e-03,6.386718749999947126e-05
-1.039999999999998174e-05,4.824218749999942268e-03,4.394531249999906325e-05
-1.019999999999997688e-05,4.707031249999937828e-03,1.308593750000072720e-05
-9.999999999999972019e-06,4.472656249999817923e-03,3.320312499999981265e-05
-9.799999999999994263e-06,4.687499999999955591e-03,6.425781249999942824e-05
-9.599999999999989401e-06,4.667968749999973355e-03,7.421875000000049960e-05
-9.399999999999984540e-06,4.628906250000008882e-03,3.906250000000090206e-05
-9.199999999999979678e-06,4.589843750000044409e-03,9.550781249999945599e-05
-8.999999999999974817e-06,4.960937500000150990e-03,6.191406250000055372e-05
-8.799999999999997061e-06,4.335937499999831246e-03,5.937499999999866496e-05
-8.599999999999992199e-06,4.648437499999658051e-03,-8.593749999999920897e-06
-8.399999999999987338e-06,4.765625000000217604e-03,1.953124999998917533e-06
-8.199999999999982477e-06,4.785156250000088818e-03,4.238281250000010270e-05
-7.999999999999977615e-06,4.511718750000115463e-03,4.316406249999914929e-05
-7.799999999999972754e-06,4.414062499999760192e-03,7.304687500000062866e-05
-7.599999999999994997e-06,4.921874999999964473e-03,1.621093749999951567e-05
-7.399999999999990136e-06,4.335937499999831246e-03,8.085937499999716616e-05
-7.199999999999985275e-06,4.902343749999982236e-03,6.972656249999969330e-05
-6.999999999999980413e-06,4.589843750000044409e-03,1.474609374999998057e-04
-6.799999999999975552e-06,4.550781249999857891e-03,3.828124999999838601e-05
-6.599999999999970690e-06,4.667968749999862332e-03,6.230468749999877598e-05
-6.399999999999992934e-06,4.472656249999595879e-03,4.589843749999884814e-05
-6.199999999999988073e-06,4.707031250000048850e-03,3.417968749999927142e-05
-5.999999999999983211e-06,4.667968749999973355e-03,-3.730468750000239669e-05
-5.799999999999978350e-06,4.628906249999897859e-03,9.179687500000029837e-05
-5.599999999999973489e-06,4.648437499999991118e-03,1.015624999999801409e-05
-5.399999999999968627e-06,4.863281250000017764e-03,9.257812500000107969e-05
-5.199999999999963766e-06,4.765624999999773515e-03,8.554687499999925199e-05
-4.999999999999958904e-06,4.609374999999804601e-03,9.160156249999988620e-05
-4.800000000000008253e-06,4.765624999999884537e-03,4.999999999999883010e-05
-4.600000000000003392e-06,4.355468750000146549e-03,9.238281250000153488e-05
-4.399999999999998530e-06,4.531249999999875655e-03,1.640624999999992784e-05
-4.199999999999993669e-06,4.648437499999769074e-03,2.499999999999898137e-05
-3.999999999999988808e-06,4.550781250000079936e-03,6.718749999999953926e-05
-3.799999999999983946e-06,4.394531250000111022e-03,7.167968749999947820e-05
-3.599999999999979085e-06,5.019531249999986677e-03,8.183593749999922701e-05
-3.399999999999974223e-06,4.609374999999804601e-03,1.562499999998960554e-06
-3.199999999999969362e-06,4.863281250000128786e-03,8.535156250000057454e-05
-2.999999999999964501e-06,4.531249999999875655e-03,9.648437500000151684e-05
-2.799999999999959639e-06,4.804687499999960032e-03,9.453124999999999722e-05
-2.600000000000008988e-06,4.453124999999724665e-03,4.765624999999995559e-05
-2.400000000000004127e-06,4.687500000000288658e-03,6.523437500000148909e-05
-2.199999999999999265e-06,4.335937499999831246e-03,3.300781250000113520e-05
-1.999999999999994404e-06,4.609374999999804601e-03,3.164062500000085210e-05
-1.799999999999989542e-06,4.765624999999884537e-03,2.500000000000071609e-05
-1.599999999999984681e-06,4.843749999999924505e-03,5.839843749999920619e-05
-1.399999999999979820e-06,4.492187499999911182e-03,5.546874999999996253e-05
-1.199999999999974958e-06,4.687499999999955591e-03,5.449218749999963640e-05
-9.999999999999700968e-07,4.492187499999911182e-03,8.867187499999804046e-05
-7.999999999999652354e-07,6.523437500000062172e-03,9.082031249999997224e-05
-5.999999999999603741e-07,2.673828124999988454e-02,7.792968749999878986e-05
-4.000000000000097228e-07,5.535156250000017319e-02,8.281250000000042050e-05
-2.000000000000048614e-07,8.458984374999989342e-02,9.960937499999943795e-05
0.000000000000000000e+00,1.128906249999999112e-01,8.496093749999975020e-05
2.000000000000048614e-07,1.419531250000000133e-01,7.324218749999930611e-05
4.000000000000097228e-07,1.722656249999998668e-01,6.113281249999977240e-05
6.000000000000145842e-07,2.020117187500000133e-01,4.941406250000193040e-05
8.000000000000194456e-07,2.318164062499999956e-01,1.679687499999988481e-05
1.000000000000024307e-06,2.612890625000001688e-01,6.035156249999985845e-05
1.200000000000029168e-06,2.909179687500003109e-01,7.343749999999971828e-05
1.400000000000034030e-06,3.188476562499998890e-01,1.224609374999990896e-04
1.600000000000038891e-06,3.471093750000001643e-01,1.205078125000001721e-04
1.800000000000043753e-06,3.777539062500000488e-01,6.445312499999897304e-05
1.999999999999994404e-06,4.073632812499998757e-01,9.999999999999939493e-05
2.199999999999999265e-06,4.356445312500000222e-01,4.960937499999800576e-05
2.400000000000004127e-06,4.648632812499997602e-01,7.851562500000002637e-05
2.600000000000008988e-06,4.949023437499997513e-01,5.449218750000050376e-05
2.800000000000013849e-06,5.219921875000002043e-01,3.691406250000157235e-05
3.000000000000018711e-06,5.495703124999998801e-01,7.929687499999994033e-05
3.200000000000023572e-06,5.790625000000000355e-01,8.144531250000013739e-05
3.400000000000028434e-06,6.075976562500001732e-01,-2.285156249999878431e-05
3.600000000000033295e-06,6.350781249999998268e-01,6.972656249999882594e-05
3.800000000000038156e-06,6.634374999999999023e-01,8.359375000000120182e-05
4.000000000000043018e-06,6.929492187499999289e-01,1.222656250000004122e-04
4.199999999999993669e-06,7.219531250000001954e-01,7.988281250000204420e-05
4.399999999999998530e-06,7.505859374999998002e-01,2.519531249999765882e-05
4.600000000000003392e-06,7.793164062499999822e-01,8.457031250000066058e-05
4.800000000000008253e-06,8.083984374999999556e-01,8.164062499999968220e-05
5.000000000000013115e-06,8.362304687500001776e-01,2.246093749999882733e-05
5.200000000000017976e-06,8.639648437500001554e-01,4.628906250000053985e-05
5.400000000000022837e-06,8.936718750000000044e-01,5.742187499999888006e-05
5.600000000000027699e-06,9.240429687500001377e-01,5.058593749999919925e-05
5.800000000000032560e-06,9.514062500000002309e-01,4.472656249999897721e-05
6.000000000000037421e-06,9.795117187499999822e-01,5.136718749999911321e-05
6.200000000000042283e-06,1.009394531249999893e+00,3.886718750000135725e-05
6.399999999999992934e-06,1.037207031250000133e+00,4.667968749999962946e-05
6.599999999999997796e-06,1.063417968750000053e+00,6.660156250000090483e-05
6.800000000000002657e-06,1.091542968749999787e+00,4.921874999999891614e-05
7.000000000000007518e-06,1.120156250000000187e+00,3.535156250000000971e-05
7.200000000000012380e-06,1.146542968749999947e+00,1.386718750000064115e-05
7.400000000000017241e-06,1.172499999999999876e+00,4.746093750000041078e-05
7.600000000000022102e-06,1.199863281250000302e+00,5.546874999999996253e-05
7.800000000000026964e-06,1.227441406250000089e+00,7.714843749999887590e-05
8.000000000000031825e-06,1.253183593749999769e+00,7.636718750000069666e-05
8.200000000000036687e-06,1.280722656250000258e+00,6.796875000000032058e-05
8.400000000000041548e-06,1.307753906250000098e+00,7.617187500000201922e-05
8.599999999999992199e-06,1.334550781249999929e+00,4.277343750000092704e-05
8.799999999999997061e-06,1.359921874999999947e+00,9.375000000001569578e-06
9.000000000000001922e-06,1.386074218749999920e+00,1.816406250000016792e-05
9.200000000000006783e-06,1.412792968750000266e+00,4.492187500000025674e-05
9.400000000000011645e-06,1.439453125000000000e+00,3.378906250000104916e-05
9.600000000000016506e-06,1.465332031250000000e+00,9.531250000000164591e-05
9.800000000000021368e-06,1.490859374999999876e+00,1.310546875000007452e-04
1.000000000000002623e-05,1.518691406249999654e+00,2.675781249999922146e-05
1.020000000000003109e-05,1.544511718749999707e+00,9.101562500000211914e-05
1.040000000000003595e-05,1.568417968749999503e+00,5.468749999999397704e-06
1.060000000000004081e-05,1.594257812500000204e+00,7.480468750000000139e-05
1.079999999999999146e-05,1.622675781250000338e+00,6.894531250000064670e-05
1.099999999999999633e-05,1.648730468749999956e+00,5.585937499999991951e-05
1.120000000000000119e-05,1.674121093750000178e+00,4.687499999998616385e-06
1.140000000000000605e-05,1.699257812499999742e+00,1.367187499999415745e-06
1.160000000000001091e-05,1.725800781250000249e+00,4.179687499999713146e-05
1.180000000000001577e-05,1.751015625000000409e+00,6.113281249999890504e-05
1.200000000000002063e-05,1.775624999999999787e+00,8.222656249999918399e-05
1.220000000000002549e-05,1.801230468750000036e+00,9.218750000000112271e-05
1.240000000000003036e-05,1.826562500000000089e+00,7.910156250000039552e-05
1.260000000000003522e-05,1.851777343750000027e+00,7.851562500000089373e-05
1.280000000000004008e-05,1.874804687500000178e+00,9.707031249999928391e-05
1.299999999999999073e-05,1.897402343750000497e+00,4.882812499999982653e-05
1.319999999999999559e-05,1.921406249999999982e+00,7.949218749999861777e-05
1.340000000000000045e-05,1.945468750000000080e+00,5.039062500000138917e-05
1.360000000000000531e-05,1.969492187499999769e+00,7.441406250000004441e-05
1.380000000000001018e-05,1.992207031250000204e+00,-9.179687500000290046e-06
1.400000000000001504e-05,2.014824218750000284e+00,2.285156249999965167e-05
1.420000000000001990e-05,2.038691406250000338e+00,9.843750000000043437e-05
1.440000000000002476e-05,2.062343750000000142e+00,6.464843750000025258e-05
1.460000000000002962e-05,2.083886718750000533e+00,8.300781250000083267e-05
1.480000000000003448e-05,2.105781249999999716e+00,9.433593750000045242e-05
1.500000000000003934e-05,2.128828125000000071e+00,1.076171874999998571e-04
1.520000000000004420e-05,2.152480468749999876e+00,3.964843750000040384e-05
1.539999999999999486e-05,2.174374999999999503e+00,5.175781249999993755e-05
1.559999999999999972e-05,2.194648437500000160e+00,5.996093749999903411e-05
1.580000000000000458e-05,2.216113281249999289e+00,2.148437499999936856e-05
1.600000000000000944e-05,2.238125000000000142e+00,8.457031249999979322e-05
1.620000000000001430e-05,2.259921875000000302e+00,4.609375000000099504e-05
1.640000000000001916e-05,2.281308593749999947e+00,2.363281249999956563e-05
1.660000000000002402e-05,2.301464843749999822e+00,7.441406250000091177e-05
1.680000000000002889e-05,2.322929687500000284e+00,1.246093750000001540e-04
1.700000000000003375e-05,2.346015625000000160e+00,5.996093749999990147e-05
1.720000000000003861e-05,2.367148437500000036e+00,1.070312500000003553e-04
1.740000000000004347e-05,2.387363281249999858e+00,9.101562500000125178e-05
1.759999999999999412e-05,2.406914062499999840e+00,1.972656249999912847e-05
1.779999999999999898e-05,2.426601562500000142e+00,5.351562499999844291e-05
1.800000000000000384e-05,2.447792968750000409e+00,2.402343750000038997e-05
1.820000000000000871e-05,2.468750000000000000e+00,4.902343749999937134e-05
1.840000000000001357e-05,2.487910156249999449e+00,5.097656250000002359e-05
1.860000000000001843e-05,2.507011718749999840e+00,7.499999999999867883e-05
1.880000000000002329e-05,2.525859375000000018e+00,1.320312500000002040e-04
1.900000000000002815e-05,2.545019531250000355e+00,3.828124999999751865e-05
1.920000000000003301e-05,2.563222656249999787e+00,1.023437500000008715e-04
1.940000000000003787e-05,2.581835937500000178e+00,9.453124999999999722e-05
1.960000000000004274e-05,2.599707031250000355e+00,8.300781249999996531e-05
1.979999999999999339e-05,2.616640624999999609e+00,6.914062499999932415e-05
1.999999999999999825e-05,2.634589843750000160e+00,-8.789062500000333067e-06
2.020000000000000311e-05,2.652910156249999929e+00,3.183593749999866218e-05
2.040000000000000797e-05,2.671210937499999716e+00,2.578125000000063005e-05
2.060000000000001283e-05,2.689667968750000693e+00,6.386718750000120598e-05
2.080000000000001769e-05,2.706484375000000053e+00,5.605468749999946432e-05
2.100000000000002255e-05,2.723203124999999503e+00,7.578125000000032752e-05
2.120000000000002742e-05,2.740000000000000213e+00,1.248046874999996989e-04
2.140000000000003228e-05,2.757109375000000195e+00,1.007812500000010436e-04
2.160000000000003714e-05,2.775156250000001101e+00,1.285156249999997238e-04
2.180000000000004200e-05,2.791328125000000604e+00,7.929687499999907296e-05
2.199999999999999265e-05,2.806425781250000639e+00,4.707031249999958644e-05
2.219999999999999751e-05,2.821015624999999805e+00,2.675781249999922146e-05
2.240000000000000237e-05,2.835898437499999591e+00,-1.191406250000085626e-05
2.260000000000000724e-05,2.851210937499999432e+00,2.578125000000063005e-05
2.280000000000001210e-05,2.868124999999999591e+00,6.777343749999817368e-05
2.300000000000001696e-05,2.883027343750000249e+00,6.386718749999947126e-05
2.320000000000002182e-05,2.897949218750000000e+00,8.867187499999890782e-05
2.340000000000002668e-05,2.911640624999999982e+00,1.953124999999958367e-05
2.360000000000003154e-05,2.925175781250000551e+00,9.550781249999858863e-05
2.380000000000003640e-05,2.939238281250000195e+00,7.519531249999995837e-05
2.400000000000004127e-05,2.952773437500000320e+00,5.625000000000074385e-05
2.419999999999999192e-05,2.966835937499999964e+00,7.265625000000067168e-05
2.439999999999999678e-05,2.981132812499999840e+00,5.468750000000091593e-05
2.460000000000000164e-05,2.994179687499999964e+00,4.414062500000034278e-05
2.480000000000000650e-05,3.006523437499998952e+00,6.738281249999995143e-05
2.500000000000001136e-05,3.019375000000000142e+00,6.406249999999988343e-05
2.520000000000001622e-05,3.032792968750000373e+00,1.171874999999870937e-05
2.540000000000002109e-05,3.045097656249999840e+00,8.535156249999883982e-05
2.560000000000002595e-05,3.056992187499999680e+00,9.941406250000076050e-05
2.580000000000003081e-05,3.068164062500000178e+00,6.914062500000019151e-05
2.600000000000003567e-05,3.081562499999999982e+00,2.011718749999821809e-05
2.620000000000004053e-05,3.092617187499999698e+00,3.417968750000013878e-05
2.640000000000004539e-05,3.103808593749999734e+00,7.402343750000008743e-05
2.659999999999999604e-05,3.114414062499999858e+00,3.437499999999881622e-05
2.680000000000000090e-05,3.124296874999999307e+00,8.222656249999918399e-05
2.700000000000000577e-05,3.133515625000000693e+00,4.335937499999869410e-05
2.720000000000001063e-05,3.143222656249999858e+00,3.554687500000215661e-05
2.740000000000001549e-05,3.152890625000000391e+00,-2.988281250000061201e-05
2.760000000000002035e-05,3.162246093749999876e+00,1.523437500000014364e-04
2.780000000000002521e-05,3.171386718750000000e+00,-9.570312499999379663e-06
2.800000000000003007e-05,3.180878906250000249e+00,8.203124999999963918e-05
2.820000000000003493e-05,3.189980468749999964e+00,1.119140625000011185e-04
2.840000000000003980e-05,3.199179687499999591e+00,4.374999999999951844e-05
2.860000000000004466e-05,3.207949218749999609e+00,5.000000000000056483e-05
2.879999999999999531e-05,3.216308593749999556e+00,-1.699218750000029698e-05
2.900000000000000017e-05,3.223359374999999805e+00,4.531249999999847899e-05
2.920000000000000503e-05,3.230039062500000391e+00,5.156250000000126010e-05
2.940000000000000989e-05,3.235195312500001030e+00,9.921875000000034833e-05
2.960000000000001475e-05,3.242109375000000071e+00,4.492187500000025674e-05
2.980000000000001962e-05,3.248593750000000391e+00,7.167968750000034556e-05
3.000000000000002448e-05,3.255039062500000746e+00,5.820312499999966138e-05
3.020000000000002934e-05,3.261132812500000533e+00,1.257812500000000250e-04
3.040000000000003420e-05,3.267148437500000391e+00,6.894531250000064670e-05
3.060000000000003906e-05,3.272382812500000071e+00,1.142578124999999931e-04
3.080000000000004392e-05,3.278183593750000124e+00,8.554687500000098671e-05
3.099999999999999457e-05,3.283437499999999343e+00,4.101562499999981959e-05
3.119999999999999944e-05,3.288847656249999751e+00,-1.230468749999907851e-05
3.140000000000000430e-05,3.293515624999999503e+00,6.835937499999680811e-06
3.160000000000000916e-05,3.297812499999999591e+00,7.792968749999705513e-05
3.180000000000001402e-05,3.301972656250000249e+00,6.269531250000046768e-05
3.200000000000001888e-05,3.306054687500000533e+00,7.226562499999811262e-05
3.220000000000002374e-05,3.309042968750000924e+00,8.203124999999963918e-05
3.240000000000002860e-05,3.313203124999999361e+00,3.554687499999868716e-05
3.260000000000003346e-05,3.316328125000000959e+00,6.914062500000019151e-05
3.280000000000003833e-05,3.319277343749999609e+00,6.113281250000150713e-05
3.300000000000004319e-05,3.321562499999999751e+00,9.843750000000130174e-05
3.319999999999999384e-05,3.323867187500000320e+00,7.519531249999822364e-05
3.339999999999999870e-05,3.326406250000000675e+00,4.648437500000008465e-05
3.360000000000000356e-05,3.328183593749999947e+00,-6.445312499999723832e-06
3.380000000000000842e-05,3.330000000000000071e+00,6.562499999999971134e-05
3.400000000000001328e-05,3.330937499999999218e+00,5.078125000000047878e-05
3.420000000000001815e-05,3.332460937500000941e+00,1.048828125000001582e-04
3.440000000000002301e-05,3.332871093750001013e+00,9.121093749999906186e-05
3.460000000000002787e-05,3.333945312500000036e+00,9.550781250000119071e-05
3.480000000000003273e-05,3.333847656250000124e+00,1.425781249999973077e-05
3.500000000000003759e-05,3.334023437500000409e+00,2.031250000000036499e-05
3.520000000000004245e-05,3.333925781250000053e+00,2.207031250000147243e-05
3.539999999999999310e-05,3.333125000000000338e+00,3.671874999999855810e-05
3.559999999999999797e-05,3.332656250000000320e+00,6.445312499999984041e-05
3.580000000000000283e-05,3.331777343750000675e+00,3.808593749999797384e-05
3.600000000000000769e-05,3.330390624999999716e+00,8.066406250000022343e-05
3.620000000000001255e-05,3.329082031249999574e+00,4.453124999999943240e-05
3.640000000000001741e-05,3.327441406250000622e+00,1.039062499999998321e-04
3.660000000000002227e-05,3.325683593749999556e+00,6.855468749999895500e-05
3.680000000000002713e-05,3.322714843749999147e+00,4.570312499999930334e-05
3.700000000000003200e-05,3.321308593749999982e+00,5.449218750000137113e-05
3.720000000000003686e-05,3.318632812500000195e+00,2.402343750000125733e-05
3.740000000000004172e-05,3.315624999999999822e+00,-4.492187499999938938e-06
3.760000000000004658e-05,3.312167968749999858e+00,4.882812499999895917e-05
3.779999999999999723e-05,3.308496093749999645e+00,4.941406250000019568e-05
3.800000000000000209e-05,3.304707031249999982e+00,9.882812499999952399e-05
3.820000000000000695e-05,3.300976562500000711e+00,5.839843749999833883e-05
3.840000000000001181e-05,3.296738281249999236e+00,9.101562500000125178e-05
3.860000000000001668e-05,3.291894531249999645e+00,9.511718750000123374e-05
3.880000000000002154e-05,3.287597656250000444e+00,1.019531249999991798e-04
3.900000000000002640e-05,3.282148437500000071e+00,6.249999999999918815e-05
3.920000000000003126e-05,3.277070312500000693e+00,9.824218750000002220e-05
3.940000000000003612e-05,3.271406250000000515e+00,1.738281249999938660e-05
3.960000000000004098e-05,3.265761718750000320e+00,6.054687499998899491e-06
3.980000000000004584e-05,3.259570312500000178e+00,1.699218749999942962e-05
3.999999999999999650e-05,3.253515624999999467e+00,7.558593749999818062e-05
4.020000000000000136e-05,3.246796874999999361e+00,6.249999999999832079e-05
4.040000000000000622e-05,3.240410156250000284e+00,3.242187499999989869e-05
4.060000000000001108e-05,3.233789062500000533e+00,9.316406249999884676e-05
4.080000000000001594e-05,3.228613281249999467e+00,5.273437500000113104e-05
4.100000000000002080e-05,3.221582031250000089e+00,1.003906249999993519e-04
4.120000000000002566e-05,3.213671874999999734e+00,1.054687500000005274e-04
4.140000000000003053e-05,3.205859374999999734e+00,1.074218749999994449e-04
4.160000000000003539e-05,3.197753906250000000e+00,7.968750000000076467e-05
4.180000000000004025e-05,3.189160156250000266e+00,4.042968750000118516e-05
4.200000000000004511e-05,3.178593750000000107e+00,4.335937499999956146e-05
4.219999999999999576e-05,3.169003906250000391e+00,2.246093749999882733e-05
4.240000000000000062e-05,3.159804687499998987e+00,-1.367187499999849426e-05
4.260000000000000548e-05,3.150117187499999805e+00,8.027343750000026645e-05
4.280000000000001035e-05,3.140820312500000266e+00,1.089843749999984054e-04
4.300000000000001521e-05,3.130722656250000568e+00,7.070312499999915207e-05
4.320000000000002007e-05,3.121953125000000107e+00,5.175781249999993755e-05
4.340000000000002493e-05,3.111972656250000302e+00,4.082031250000114214e-05
4.360000000000002979e-05,3.101015625000000497e+00,1.082031249999984915e-04
4.380000000000003465e-05,3.089999999999999858e+00,3.964843749999953648e-05
4.400000000000003951e-05,3.077773437499999876e+00,5.761718750000276168e-05
4.420000000000004437e-05,3.065019531250000373e+00,5.410156249999707734e-05
4.439999999999999503e-05,3.053671875000000036e+00,4.082031250000114214e-05
4.459999999999999989e-05,3.041542968750000409e+00,8.984374999999010514e-06
4.480000000000000475e-05,3.029628906250000142e+00,2.128906250000069111e-05
4.500000000000000961e-05,3.017421875000000142e+00,5.917968749999738542e-05
4.520000000000001447e-05,3.004824218749999609e+00,7.871093750000043854e-05
4.540000000000001933e-05,2.990878906250000302e+00,1.146484374999999500e-04
4.560000000000002419e-05,2.977617187499999929e+00,1.042968749999989217e-04
4.580000000000002906e-05,2.962753906250000124e+00,7.636718749999982930e-05
4.600000000000003392e-05,2.949199218750000462e+00,2.695312499999963363e-05
4.620000000000003878e-05,2.935175781249999449e+00,8.085937499999976824e-05
4.640000000000004364e-05,2.921875000000000444e+00,7.128906249999865385e-05
4.659999999999999429e-05,2.908281249999999485e+00,4.160156249999845401e-05
4.679999999999999915e-05,2.894121093749999929e+00,3.457031249999922839e-05
4.700000000000000401e-05,2.879355468750000036e+00,5.078125000000308087e-06
4.720000000000000888e-05,2.863339843750000391e+00,2.636718749999752975e-05
4.740000000000001374e-05,2.847480468750000604e+00,5.566406249999863998e-05
4.760000000000001860e-05,2.832031249999999556e+00,9.863281249999824446e-05
4.780000000000002346e-05,2.817460937500000373e+00,1.015625000000000902e-04
4.800000000000002832e-05,2.802929687499999822e+00,9.550781250000032335e-05
4.820000000000003318e-05,2.786972656250000124e+00,3.007812500000102418e-05
4.840000000000003804e-05,2.770644531249998987e+00,-1.933593750000003886e-05
4.860000000000004291e-05,2.752070312500000338e+00,-3.515624999999612810e-06
4.880000000000004777e-05,2.735664062500000160e+00,5.683593750000024564e-05
4.899999999999999842e-05,2.718828124999999929e+00,4.941406250000019568e-05
4.920000000000000328e-05,2.702226562499999929e+00,6.464843750000025258e-05
4.940000000000000814e-05,2.684999999999999609e+00,9.550781249999858863e-05
4.960000000000001300e-05,2.668007812499999964e+00,4.472656250000071193e-05
4.980000000000001786e-05,2.649238281249999716e+00,2.929687499999937550e-05
5.000000000000002272e-05,2.630585937499999805e+00,7.460937500000045658e-05
5.020000000000002759e-05,2.612382812500000373e+00,8.925781249999927697e-05
5.040000000000003245e-05,2.595722656250000426e+00,7.890624999999911598e-05
5.060000000000003731e-05,2.576777343750000338e+00,7.207031250000030254e-05
5.080000000000004217e-05,2.558437500000000586e+00,-8.673617379884035472e-19
5.100000000000004703e-05,2.539707031249999858e+00,-1.855468749999925754e-05
5.119999999999999768e-05,2.520859375000000124e+00,3.515624999999959754e-05
5.140000000000000254e-05,2.502832031250000089e+00,6.054687500000027062e-05
5.160000000000000741e-05,2.484707031250000142e+00,3.125000000000002776e-05
5.180000000000001227e-05,2.464550781250000266e+00,1.048828124999992908e-04
5.200000000000001713e-05,2.441816406250000071e+00,2.031250000000036499e-05
5.220000000000002199e-05,2.421386718749999556e+00,2.480468750000030392e-05
5.240000000000002685e-05,2.401660156250000178e+00,2.343749999998007150e-06
5.260000000000003171e-05,2.382226562500000089e+00,7.402343749999835271e-05
5.280000000000003657e-05,2.361738281250000071e+00,4.882812499999982653e-05
5.300000000000004144e-05,2.339042968750000284e+00,6.464843750000111994e-05
5.320000000000004630e-05,2.318124999999999769e+00,7.050781250000047462e-05
5.339999999999999695e-05,2.297460937499999467e+00,2.910156250000069805e-05
5.360000000000000181e-05,2.276054687499999396e+00,4.082031249999767269e-05
5.380000000000000667e-05,2.254121093750000249e+00,4.882812499999895917e-05
5.400000000000001153e-05,2.232382812500000036e+00,9.023437500000133782e-05
5.420000000000001639e-05,2.210097656250000320e+00,4.414062500000121014e-05
5.440000000000002126e-05,2.189765625000000160e+00,7.011718749999791556e-05
5.460000000000002612e-05,2.168671875000000249e+00,5.820312499999879402e-05
5.480000000000003098e-05,2.146054687500000391e+00,3.437500000000141831e-05
5.500000000000003584e-05,2.123593749999999947e+00,5.019531249999924227e-05
5.520000000000004070e-05,2.100878906250000178e+00,4.570312499999930334e-05
5.540000000000004556e-05,2.078750000000000320e+00,8.496093749999975020e-05
5.559999999999999621e-05,2.056132812500000462e+00,6.093750000000196232e-05
5.580000000000000107e-05,2.032226562500000000e+00,1.015624999999992228e-04
5.600000000000000594e-05,2.009160156250000551e+00,5.175781250000080491e-05
5.620000000000001080e-05,1.986542968750000693e+00,8.671874999999999029e-05
5.640000000000001566e-05,1.964433593749999929e+00,8.124999999999972522e-05
5.660000000000002052e-05,1.940527343750000799e+00,3.359375000000063699e-05
5.680000000000002538e-05,1.915664062500000098e+00,3.710937499999938244e-05
5.700000000000003024e-05,1.891464843749999902e+00,3.906249999998702427e-06
5.720000000000003510e-05,1.869140625000000000e+00,-3.027343750000056899e-05
5.740000000000003997e-05,1.845136718750000071e+00,-1.992187500000127537e-05
5.760000000000004483e-05,1.819101562499999991e+00,9.765624999985914045e-07
5.779999999999999548e-05,1.794589843749999858e+00,-1.054687500000057315e-05
5.800000000000000034e-05,1.769863281250000142e+00,-2.714843750000178052e-05
5.820000000000000520e-05,1.745253906250000098e+00,-1.035156250000102834e-05
5.840000000000001006e-05,1.718027343749999769e+00,3.320312499999981265e-05
5.860000000000001492e-05,1.692402343749999982e+00,7.050781249999960726e-05
5.880000000000001979e-05,1.667207031250000249e+00,7.832031250000048156e-05
5.900000000000002465e-05,1.642265625000000062e+00,1.349609374999985803e-04
5.920000000000002951e-05,1.615449218750000249e+00,1.097656249999991868e-04
5.940000000000003437e-05,1.589199218750000142e+00,1.576171874999986872e-04
5.960000000000003923e-05,1.563242187499999769e+00,1.419921874999995406e-04
5.980000000000004409e-05,1.537031249999999849e+00,1.193359374999994338e-04
5.999999999999999474e-05,1.509707031250000053e+00,1.035156249999990077e-04
6.019999999999999961e-05,1.483730468749999698e+00,9.785156250000006523e-05
6.040000000000000447e-05,1.458339843749999698e+00,2.089843750000073413e-05
6.060000000000000933e-05,1.432617187499999778e+00,4.941406249999932832e-05
6.080000000000001419e-05,1.405898437499999876e+00,1.148437499999994948e-04
6.100000000000001905e-05,1.378535156250000338e+00,6.132812500000191930e-05
6.120000000000002391e-05,1.353554687500000187e+00,9.394531250000049544e-05
6.140000000000002877e-05,1.327050781250000089e+00,7.851562500000002637e-05
6.160000000000003363e-05,1.300429687500000320e+00,3.183593749999952954e-05
6.180000000000003850e-05,1.273300781249999680e+00,-4.472656249999984457e-05
6.200000000000004336e-05,1.248066406249999760e+00,-1.406250000000105332e-05
6.220000000000004822e-05,1.221132812499999831e+00,-8.398437500000376088e-06
6.239999999999999887e-05,1.192500000000000115e+00,4.414062500000034278e-05
6.260000000000000373e-05,1.165585937500000169e+00,3.789062499999842903e-05
6.280000000000000859e-05,1.140351562499999805e+00,5.957031249999907713e-05
6.300000000000001345e-05,1.113281250000000000e+00,6.953125000000101585e-05
6.320000000000001832e-05,1.085058593749999911e+00,4.843750000000073691e-05
6.340000000000002318e-05,1.058398437500000178e+00,8.085937500000063560e-05
6.360000000000002804e-05,1.031093749999999920e+00,3.789062500000016376e-05
6.380000000000003290e-05,1.001484375000000204e+00,1.484375000000183464e-05
6.400000000000003776e-05,9.720507812500001066e-01,8.593750000000788258e-06
6.420000000000004262e-05,9.444726562500000977e-01,8.593750000000788258e-06
6.440000000000004748e-05,9.168359375000002531e-01,9.374999999998967493e-06
6.459999999999999814e-05,8.874023437500000444e-01,7.031250000000006245e-05
6.480000000000000300e-05,8.583007812500001998e-01,5.644531249999855393e-05
6.500000000000000786e-05,8.294531250000000133e-01,1.080078124999989467e-04
6.520000000000001272e-05,8.010742187499998446e-01,1.472656249999993935e-04
6.540000000000001758e-05,7.718359375000001243e-01,9.765625000000052042e-05
6.560000000000002244e-05,7.430859375000000711e-01,6.914062499999932415e-05
6.580000000000002730e-05,7.151562499999999378e-01,4.394531250000079797e-05
6.600000000000003217e-05,6.862499999999996936e-01,8.535156250000057454e-05
6.620000000000003703e-05,6.564843749999997868e-01,1.138671875000009034e-04
6.640000000000004189e-05,6.284179687499998890e-01,3.769531249999888423e-05
6.660000000000004675e-05,6.003710937500000844e-01,3.437499999999881622e-05
6.679999999999999740e-05,5.714453125000000799e-01,3.945312499999912431e-05
6.700000000000000226e-05,5.434179687499999245e-01,2.167968749999978073e-05
6.720000000000000712e-05,5.176171874999999645e-01,4.414062499999947542e-05
6.740000000000001198e-05,4.879882812499999334e-01,4.199218750000188044e-05
6.760000000000001685e-05,4.576367187499998934e-01,6.640625000000049266e-05
6.780000000000002171e-05,4.293164062499998934e-01,1.953124999998917533e-06
6.800000000000002657e-05,4.010937499999999156e-01,3.984374999999994865e-05
6.820000000000003143e-05,3.712499999999997469e-01,-6.406249999999901606e-05
6.840000000000003629e-05,3.418749999999999289e-01,-1.933593750000090622e-05
6.860000000000004115e-05,3.131640624999998401e-01,1.007812500000010436e-04
6.880000000000004601e-05,2.838671875000000622e-01,6.601562499999966832e-05
6.899999999999999667e-05,2.538671875000000355e-01,1.207031249999988495e-04
6.920000000000000153e-05,2.252343750000000977e-01,9.863281249999911182e-05
6.940000000000000639e-05,1.963476562500000577e-01,1.404296875000005801e-04
6.960000000000001125e-05,1.665234374999999822e-01,1.335937500000000319e-04
6.980000000000001611e-05,1.357031250000000355e-01,1.281249999999997669e-04
7.000000000000002097e-05,1.065624999999998934e-01,1.437499999999989134e-04
7.020000000000002583e-05,7.798828125000001332e-02,1.404296875000023148e-04
7.040000000000003070e-05,4.937500000000005773e-02,8.144531250000100475e-05
7.060000000000003556e-05,2.095703124999981348e-02,6.699218749999825973e-05
7.080000000000004042e-05,-5.410156249999853451e-03,-4.746093749999867606e-05
7.100000000000004528e-05,-3.429687500000011546e-02,1.757812499999979877e-05
7.119999999999999593e-05,-6.365234374999984013e-02,5.742187499999974742e-05
7.140000000000000079e-05,-8.976562499999996003e-02,6.777343750000077577e-05
7.160000000000000565e-05,-1.173242187500000977e-01,8.359375000000033445e-05
7.180000000000001052e-05,-1.463476562499997913e-01,8.437499999999938105e-05
7.200000000000001538e-05,-1.757421874999999245e-01,8.476562499999933803e-05
7.220000000000002024e-05,-2.037304687499996714e-01,1.119140624999993838e-04
7.240000000000002510e-05,-2.343359375000001465e-01,9.746093750000097561e-05
7.260000000000002996e-05,-2.643945312500000089e-01,9.785156249999746314e-05
7.280000000000003482e-05,-2.935937499999998757e-01,5.605468750000033168e-05
7.300000000000003968e-05,-3.222460937499997957e-01,5.742187499999974742e-05
7.320000000000004454e-05,-3.517187499999999689e-01,4.023437500000077299e-05
7.340000000000004941e-05,-3.814843749999999867e-01,8.222656250000005135e-05
7.360000000000000006e-05,-4.107031249999999467e-01,1.017578125000013697e-04
7.380000000000000492e-05,-4.396484375000000444e-01,1.566406250000009631e-04
7.400000000000000978e-05,-4.700390625000000488e-01,1.351562499999998598e-04
7.420000000000001464e-05,-4.978710937500000488e-01,1.324218750000001610e-04
7.440000000000001950e-05,-5.257812499999998668e-01,9.863281249999824446e-05
7.460000000000002436e-05,-5.559570312500000666e-01,6.992187499999923811e-05
7.480000000000002923e-05,-5.868945312500000178e-01,2.480468750000117129e-05
7.500000000000003409e-05,-6.151757812500001643e-01,1.021484375000004594e-04
7.520000000000003895e-05,-6.437695312499999156e-01,-5.449218750000223849e-05
7.540000000000004381e-05,-6.733398437500000000e-01,4.238281250000183742e-05
7.560000000000004867e-05,-7.018750000000000266e-01,5.898437499999870798e-05
7.579999999999999932e-05,-7.291796874999999512e-01,9.257812500000021233e-05
7.600000000000000418e-05,-7.579296875000000044e-01,7.382812499999967526e-05
7.620000000000000905e-05,-7.864843750000001243e-01,5.527343749999955036e-05
7.640000000000001391e-05,-8.133984375000000711e-01,5.468749999998530342e-06
7.660000000000001877e-05,-8.405273437500000444e-01,2.539062500000154043e-06
7.680000000000002363e-05,-8.701562500000000755e-01,2.265624999999923950e-05
7.700000000000002849e-05,-8.995703125000000799e-01,-1.738281250000025396e-05
7.720000000000003335e-05,-9.275585937500001599e-01,8.593749999999920897e-06
7.740000000000003821e-05,-9.556640624999999112e-01,2.851562499999946154e-05
7.760000000000004308e-05,-9.851757812500000488e-01,4.785156250000036776e-05
7.780000000000004794e-05,-1.013359374999999840e+00,6.542968750000016653e-05
7.799999999999999859e-05,-1.040292968749999769e+00,1.056640625000009395e-04
7.820000000000000345e-05,-1.067285156250000089e+00,8.867187500000150990e-05
7.840000000000000831e-05,-1.095625000000000071e+00,4.511718749999980155e-05
7.860000000000001317e-05,-1.123144531250000133e+00,4.882812500000156125e-05
7.880000000000001803e-05,-1.148769531250000142e+00,5.097656249999915623e-05
7.900000000000002289e-05,-1.176367187499999689e+00,1.777343750000194567e-05
7.920000000000002776e-05,-1.204023437499999849e+00,3.027343750000056899e-05
7.940000000000003262e-05,-1.230234375000000213e+00,4.238281250000010270e-05
7.960000000000003748e-05,-1.256640624999999734e+00,4.433593750000075495e-05
7.980000000000004234e-05,-1.285097656249999831e+00,3.378906250000018180e-05
8.000000000000004720e-05,-1.313144531249999858e+00,1.757812500000240086e-06
8.019999999999999785e-05,-1.338535156250000080e+00,2.382812500000084516e-05
8.040000000000000271e-05,-1.364003906250000009e+00,-2.304687500000093120e-05
8.060000000000000758e-05,-1.390683593749999947e+00,-1.679687500000075218e-05
8.080000000000001244e-05,-1.416855468750000124e+00,-4.101562500000068695e-05
8.100000000000001730e-05,-1.440664062500000009e+00,-5.234375000000030670e-05
8.120000000000002216e-05,-1.466015624999999822e+00,3.593750000000124623e-05
8.140000000000002702e-05,-1.493183593749999538e+00,-1.953124999999784894e-06
8.160000000000003188e-05,-1.519257812500000249e+00,9.960937499998469280e-06
8.180000000000003674e-05,-1.545058593749999876e+00,2.265624999999923950e-05
8.200000000000004161e-05,-1.569902343749999929e+00,6.386718749999947126e-05
8.220000000000004647e-05,-1.596113281250000071e+00,5.605468749999946432e-05
8.239999999999999712e-05,-1.621660156250000151e+00,5.078124999999874406e-05
8.260000000000000198e-05,-1.647128906249999636e+00,6.484374999999979738e-05
8.280000000000000684e-05,-1.672265625000000089e+00,3.378906249999931444e-05
8.300000000000001170e-05,-1.698105468749999680e+00,-2.734374999999698852e-06
8.320000000000001656e-05,-1.724140625000000204e+00,2.265625000000097422e-05
8.340000000000002143e-05,-1.748359374999999938e+00,-1.093750000000053013e-05
8.360000000000002629e-05,-1.772167968750000266e+00,-8.203124999999096556e-06
8.380000000000003115e-05,-1.798027343750000062e+00,1.757812499999893141e-05
8.400000000000003601e-05,-1.824609375000000089e+00,8.730468750000035943e-05
8.420000000000004087e-05,-1.848964843750000364e+00,-5.429687500000095896e-05
8.440000000000004573e-05,-1.872265625000000044e+00,3.144531250000130729e-05
8.460000000000005059e-05,-1.896230468749999565e+00,1.582031249999955869e-05
8.480000000000000124e-05,-1.920703125000000178e+00,5.410156250000054678e-05
8.500000000000000611e-05,-1.944433593750000355e+00,5.976562499999775457e-05
8.520000000000001097e-05,-1.966386718749999707e+00,7.734375000000015543e-05
8.540000000000001583e-05,-1.990878906249999858e+00,2.675781250000008882e-05
8.560000000000002069e-05,-2.014414062499999769e+00,-2.187499999999932554e-05
8.580000000000002555e-05,-2.037070312500000036e+00,4.277343749999919231e-05
8.600000000000003041e-05,-2.059511718750000497e+00,1.992187500000127537e-05
8.620000000000003527e-05,-2.080898437499999254e+00,8.124999999999885786e-05
8.640000000000004014e-05,-2.103320312500000178e+00,5.683593750000111300e-05
8.660000000000004500e-05,-2.125839843750000124e+00,1.080078124999989467e-04
8.680000000000004986e-05,-2.148398437500000480e+00,7.890624999999824862e-05
8.700000000000000051e-05,-2.168964843749999982e+00,1.341796874999995337e-04
8.720000000000000537e-05,-2.190292968749999680e+00,9.003906250000005829e-05
8.740000000000001023e-05,-2.212441406249999964e+00,1.275390625000002651e-04
8.760000000000001509e-05,-2.234414062499999964e+00,8.378906249999901190e-05
8.780000000000001996e-05,-2.255468749999999911e+00,5.527343749999868300e-05
8.800000000000002482e-05,-2.275371093750000018e+00,-7.031249999999225619e-06
8.820000000000002968e-05,-2.296171874999999751e+00,9.765625000000659195e-06
8.840000000000003454e-05,-2.318046874999999840e+00,2.421874999999906741e-05
8.860000000000003940e-05,-2.340703125000000107e+00,5.917968749999825279e-05
8.880000000000004426e-05,-2.361796875000000018e+00,1.591796875000002498e-04
8.900000000000004912e-05,-2.381816406249999574e+00,1.205078124999993047e-04
8.919999999999999978e-05,-2.402207031250000568e+00,1.148437499999994948e-04
8.940000000000000464e-05,-2.422519531249999858e+00,1.476562500000002179e-04
8.960000000000000950e-05,-2.443261718750000089e+00,1.103515625000004233e-04
8.980000000000001436e-05,-2.462812499999999627e+00,9.062500000000042744e-05
9.000000000000001922e-05,-2.481914062500000018e+00,9.472656250000127676e-05
9.020000000000002408e-05,-2.500898437500000071e+00,1.369140625000000999e-04
9.040000000000002894e-05,-2.521035156249999964e+00,4.511718749999893419e-05
9.060000000000003380e-05,-2.541875000000000107e+00,5.878906250000003053e-05
9.080000000000003867e-05,-2.560742187499999822e+00,8.964843749999836658e-05
9.100000000000004353e-05,-2.578984375000000107e+00,1.251953125000013906e-04
9.120000000000004839e-05,-2.596445312499999769e+00,1.134765625000000791e-04
9.139999999999999904e-05,-2.614531249999999751e+00,1.041015624999993769e-04
9.160000000000000390e-05,-2.632871093750000391e+00,1.240234375000006523e-04
9.180000000000000876e-05,-2.651425781249999947e+00,4.355468749999997363e-05
9.200000000000001362e-05,-2.669101562499999858e+00,5.683593750000024564e-05
9.220000000000001849e-05,-2.686992187500000462e+00,4.433593749999902023e-05
9.240000000000002335e-05,-2.703828125000000249e+00,1.001953124999998071e-04
9.260000000000002821e-05,-2.720390624999999840e+00,9.746093750000010825e-05
9.280000000000003307e-05,-2.736972656249999858e+00,9.472656250000040939e-05
9.300000000000003793e-05,-2.753652343750000231e+00,9.433593749999958505e-05
9.320000000000004279e-05,-2.769667968749999876e+00,1.371093749999996447e-04
9.340000000000004765e-05,-2.785605468750000036e+00,1.724609374999996544e-04
9.359999999999999831e-05,-2.799589843750000639e+00,1.089843749999992728e-04
9.380000000000000317e-05,-2.814707031249999769e+00,1.550781250000002678e-04
9.400000000000000803e-05,-2.829765625000000284e+00,1.177734375000004732e-04
9.420000000000001289e-05,-2.845546874999999698e+00,1.046874999999988787e-04
9.440000000000001775e-05,-2.860136718749999751e+00,3.964843750000040384e-05
9.460000000000002261e-05,-2.875234375000000675e+00,6.601562499999793360e-05
9.480000000000002747e-05,-2.889003906250000142e+00,7.617187500000201922e-05
9.500000000000003234e-05,-2.902089843750000231e+00,4.765624999999908823e-05
9.520000000000003720e-05,-2.915820312500000178e+00,4.550781249999889116e-05
9.540000000000004206e-05,-2.929765624999999929e+00,1.158203125000006883e-04
9.560000000000004692e-05,-2.943203125000000142e+00,9.882812499999952399e-05
9.580000000000005178e-05,-2.956816406250000195e+00,4.453124999999943240e-05
9.600000000000000243e-05,-2.969941406249999805e+00,9.277343749999975714e-05
9.620000000000000729e-05,-2.982500000000000373e+00,7.734374999999842071e-05
9.640000000000001215e-05,-2.994648437500000426e+00,5.058593749999919925e-05
9.660000000000001702e-05,-3.005136718750000657e+00,5.683593749999851091e-05
9.680000000000002188e-05,-3.016855468750000213e+00,4.921874999999978351e-05
9.700000000000002674e-05,-3.029121093749999716e+00,9.140625000000207612e-05
9.720000000000003160e-05,-3.041308593750000178e+00,7.636718749999896194e-05
9.740000000000003646e-05,-3.053789062499999929e+00,4.394531249999906325e-05
9.760000000000004132e-05,-3.064570312499999893e+00,7.714843749999974326e-05
9.780000000000004618e-05,-3.076171875000000444e+00,9.316406250000058148e-05
9.800000000000005105e-05,-3.086132812499999822e+00,7.109374999999997641e-05
9.820000000000000170e-05,-3.096660156250000018e+00,6.621093750000008049e-05
9.840000000000000656e-05,-3.105117187499999876e+00,7.441406249999917705e-05
9.860000000000001142e-05,-3.114394531249999876e+00,5.800781250000011657e-05
9.880000000000001628e-05,-3.124023437500000000e+00,1.777343749999934358e-05
9.900000000000002114e-05,-3.133515624999999805e+00,-2.167968750000151545e-05
9.920000000000002600e-05,-3.142675781250000355e+00,5.742187500000061479e-05
9.940000000000003087e-05,-3.152558593749999805e+00,-1.289062500000031503e-05
9.960000000000003573e-05,-3.162558593750000480e+00,7.421874999999182598e-06
9.980000000000004059e-05,-3.170625000000000249e+00,2.343750000000609235e-06
1.000000000000000454e-04,-3.179218749999999982e+00,5.820312499999705930e-05
1.002000000000000503e-04,-3.187246093750000231e+00,3.281249999999985567e-05
1.004000000000000010e-04,-3.194921874999999911e+00,3.515624999999612810e-06
1.006000000000000058e-04,-3.203027343750000089e+00,2.382812499999997780e-05
1.008000000000000107e-04,-3.209843749999999662e+00,-2.734374999998831490e-06
1.010000000000000155e-04,-3.217304687499999982e+00,1.035156250000016098e-05
1.012000000000000204e-04,-3.223613281250000462e+00,-4.492187500002541023e-06
1.014000000000000253e-04,-3.230351562499999662e+00,-2.519531250000026090e-05
1.016000000000000301e-04,-3.236660156250000142e+00,-4.492187499998204214e-06
1.018000000000000350e-04,-3.242558593750000107e+00,-2.382812499999997780e-05
1.020000000000000399e-04,-3.247910156250000568e+00,8.496093749999975020e-05
1.022000000000000447e-04,-3.253574218750000302e+00,2.773437500000041495e-05
1.024000000000000496e-04,-3.260234375000000462e+00,4.042968749999945044e-05
1.026000000000000002e-04,-3.266269531249999414e+00,1.249999999999862332e-05
1.028000000000000051e-04,-3.270800781250000622e+00,-3.378906249999931444e-05
1.030000000000000100e-04,-3.274941406249999520e+00,-3.046874999999924644e-05
1.032000000000000148e-04,-3.279218750000000515e+00,-1.757812499999719669e-05
1.034000000000000197e-04,-3.283242187499999520e+00,-4.902343749999937134e-05
1.036000000000000245e-04,-3.287148437500000409e+00,6.289062499999827777e-05
1.038000000000000294e-04,-3.290488281249999591e+00,4.511718749999980155e-05
1.040000000000000343e-04,-3.294003906250000391e+00,2.539062499999807099e-05
1.042000000000000391e-04,-3.296660156250000195e+00,3.769531249999975159e-05
1.044000000000000440e-04,-3.299492187499999396e+00,3.749999999999933942e-05
1.046000000000000488e-04,-3.301269531250000888e+00,1.189453124999994768e-04
1.047999999999999995e-04,-3.303769531250000835e+00,2.753906249999740069e-05
1.050000000000000044e-04,-3.305429687499999769e+00,1.992187500000040801e-05
1.052000000000000092e-04,-3.307539062499999627e+00,-1.640625000000079520e-05
1.054000000000000141e-04,-3.308847656250000213e+00,-5.546874999999996253e-05
1.056000000000000189e-04,-3.310332031250000195e+00,-1.328125000000113937e-05
1.058000000000000238e-04,-3.310996093750000480e+00,1.308593749999985983e-05
1.060000000000000287e-04,-3.312050781250000409e+00,1.216796875000009104e-04
1.062000000000000335e-04,-3.311894531250000551e+00,5.859375000000048572e-05
1.064000000000000384e-04,-3.312421875000000515e+00,8.339843750000078965e-05
1.066000000000000432e-04,-3.312675781250000284e+00,3.437499999999881622e-05
1.068000000000000481e-04,-3.312148437500000764e+00,1.914062499999875933e-05
1.070000000000000530e-04,-3.311308593750000639e+00,-8.984375000001612599e-06
1.072000000000000036e-04,-3.310136718750001261e+00,6.367187499999905909e-05
1.074000000000000085e-04,-3.308847656250000213e+00,2.871093749999900635e-05
1.076000000000000133e-04,-3.307421874999999734e+00,3.632812500000120320e-05
1.078000000000000182e-04,-3.305800781249999432e+00,9.570312500001114386e-06
1.080000000000000231e-04,-3.304238281249999964e+00,2.441406250000121431e-05
1.082000000000000279e-04,-3.301464843750000266e+00,1.046875000000006134e-04
1.084000000000000328e-04,-3.299433593749999005e+00,8.730468750000035943e-05
1.086000000000000376e-04,-3.296699218750000604e+00,1.195312500000007133e-04
1.088000000000000425e-04,-3.293984375000000853e+00,1.300781250000012865e-04
1.090000000000000474e-04,-3.290839843749999272e+00,6.308593750000042466e-05
1.092000000000000522e-04,-3.287460937500000568e+00,7.343749999999885092e-05
1.094000000000000029e-04,-3.283378906249999840e+00,2.382812499999997780e-05
1.096000000000000077e-04,-3.279335937499999964e+00,8.925781249999927697e-05
1.098000000000000126e-04,-3.275078124999999840e+00,9.375000000000095063e-05
1.100000000000000175e-04,-3.270937500000000497e+00,8.085937500000063560e-05
1.102000000000000223e-04,-3.266308593750000266e+00,7.089843749999956424e-05
1.104000000000000272e-04,-3.259941406249999840e+00,7.773437499999924505e-05
1.106000000000000321e-04,-3.253554687499999876e+00,1.089843750000001402e-04
1.108000000000000369e-04,-3.248203125000000302e+00,1.185546874999986525e-04
1.110000000000000418e-04,-3.242421875000000231e+00,1.906250000000015571e-04
1.112000000000000466e-04,-3.237382812499999929e+00,1.113281250000007494e-05
1.114000000000000515e-04,-3.230449218750000018e+00,1.537109374999991174e-04
1.116000000000000021e-04,-3.223613281250000018e+00,3.632812500000033584e-05
1.118000000000000070e-04,-3.217773437500000000e+00,7.031249999999832773e-05
1.120000000000000119e-04,-3.210605468750000302e+00,5.781250000000230649e-05
1.122000000000000167e-04,-3.203749999999999876e+00,3.261718749999944350e-05
1.124000000000000216e-04,-3.195917968749999893e+00,9.042968750000001527e-05
1.126000000000000265e-04,-3.187910156250000515e+00,1.058593749999996170e-04
1.128000000000000313e-04,-3.179511718750000604e+00,1.439453124999993255e-04
1.130000000000000362e-04,-3.170957031250000391e+00,1.091796874999996850e-04
1.132000000000000410e-04,-3.162753906250000746e+00,1.611328125000009021e-04
1.134000000000000459e-04,-3.152109375000000213e+00,1.064453124999999861e-04
1.136000000000000508e-04,-3.142714843749999876e+00,1.013671875000014128e-04
1.138000000000000014e-04,-3.133789062500000444e+00,6.582031250000012351e-05
1.140000000000000063e-04,-3.124179687500000302e+00,9.960937499999943795e-05
1.142000000000000111e-04,-3.114394531249999876e+00,2.460937499999989175e-05
1.144000000000000160e-04,-3.105429687500000036e+00,5.371093749999885508e-05
1.146000000000000209e-04,-3.096757812500000373e+00,2.656249999999967665e-05
1.148000000000000257e-04,-3.086992187500000373e+00,9.804687500000047740e-05
1.150000000000000306e-04,-3.075976562500000178e+00,9.453125000000086459e-05
1.152000000000000354e-04,-3.064531250000000373e+00,1.277343749999989425e-04
1.154000000000000403e-04,-3.053652343749999609e+00,1.683593749999979378e-04
1.156000000000000452e-04,-3.041953125000000036e+00,1.251953124999996558e-04
1.158000000000000500e-04,-3.030566406250000178e+00,1.050781249999988357e-04
1.160000000000000007e-04,-3.018554687500000000e+00,6.601562500000053568e-05
1.162000000000000055e-04,-3.005878906249999982e+00,6.152343750000146411e-05
1.164000000000000104e-04,-2.995000000000000107e+00,1.660156249999947264e-05
1.166000000000000153e-04,-2.982773437499999680e+00,4.472656249999984457e-05
1.168000000000000201e-04,-2.969707031250000462e+00,4.238281249999923533e-05
1.170000000000000250e-04,-2.957265625000000231e+00,9.003906249999919092e-05
1.172000000000000298e-04,-2.943164062499999734e+00,7.050781249999700517e-05
1.174000000000000347e-04,-2.929804687500000782e+00,6.113281249999890504e-05
1.176000000000000396e-04,-2.916250000000000231e+00,5.820312500000226347e-05
1.178000000000000444e-04,-2.902128906250000195e+00,5.507812500000087291e-05
1.180000000000000493e-04,-2.889296874999999876e+00,7.636718749999982930e-05
1.181999999999999999e-04,-2.875019531250000426e+00,4.492187499999938938e-06
1.184000000000000048e-04,-2.860878906249999964e+00,4.746093749999867606e-05
1.186000000000000097e-04,-2.845722656250000426e+00,3.222656249999948652e-05
1.188000000000000145e-04,-2.830117187500000409e+00,-3.124999999999655831e-06
1.190000000000000194e-04,-2.815273437499999698e+00,2.265625000000010686e-05
1.192000000000000243e-04,-2.800156250000000124e+00,3.554687499999955452e-05
1.194000000000000291e-04,-2.785976562499999698e+00,5.429687500000095896e-05
1.196000000000000340e-04,-2.770136718749999893e+00,6.367187499999992645e-05
1.198000000000000388e-04,-2.754257812499999680e+00,7.558593750000078271e-05
1.200000000000000437e-04,-2.737402343750000355e+00,5.019531250000184436e-05
1.202000000000000486e-04,-2.720917968750000249e+00,-3.183593750000126427e-05
1.204000000000000534e-04,-2.704062500000000036e+00,3.886718750000048989e-05
1.206000000000000041e-04,-2.687773437500000639e+00,7.226562500000505151e-06
1.208000000000000089e-04,-2.670917968749999982e+00,4.042968749999771572e-05
1.210000000000000138e-04,-2.653281250000000480e+00,3.261718750000117822e-05
1.212000000000000187e-04,-2.633066406249999769e+00,8.007812499998684386e-06
1.214000000000000235e-04,-2.614804687500000391e+00,9.570312499999379663e-06
1.216000000000000284e-04,-2.597285156250000338e+00,1.425781249999973077e-05
1.218000000000000332e-04,-2.579687499999999911e+00,4.746093749999867606e-05
1.220000000000000381e-04,-2.560996093749999591e+00,4.472656249999984457e-05
1.222000000000000430e-04,-2.542128906249999876e+00,3.066406250000226069e-05
1.224000000000000478e-04,-2.521718750000000231e+00,4.531250000000021372e-05
1.226000000000000527e-04,-2.502421875000000462e+00,-1.222656250000012795e-04
1.228000000000000033e-04,-2.483398437500000444e+00,-1.816406250000103528e-05
1.230000000000000082e-04,-2.463593750000000249e+00,-3.398437499999972661e-05
1.232000000000000131e-04,-2.443710937500000124e+00,7.773437500000011241e-05
1.234000000000000179e-04,-2.422343750000000018e+00,3.281249999999898831e-05
1.236000000000000228e-04,-2.402499999999999858e+00,2.792968749999995975e-05
1.238000000000000276e-04,-2.382421874999999911e+00,1.562499999999914652e-05
1.240000000000000325e-04,-2.362363281249999947e+00,1.289062499999858030e-05
1.242000000000000374e-04,-2.341894531250000355e+00,2.226562499999928252e-05
1.244000000000000422e-04,-2.319667968750000142e+00,3.339843750000022482e-05
1.246000000000000471e-04,-2.298124999999999751e+00,5.117187499999783368e-05
1.248000000000000520e-04,-2.276113281250000675e+00,6.015625000000118100e-05
1.250000000000000026e-04,-2.256191406250000142e+00,-2.832031250000078410e-05
1.252000000000000075e-04,-2.234902343749999964e+00,-5.175781249999907019e-05
1.254000000000000123e-04,-2.212968749999999929e+00,1.113281249999834022e-05
1.256000000000000172e-04,-2.190859375000000497e+00,1.093750000000226485e-05
1.258000000000000220e-04,-2.169980468749999947e+00,2.832031249999904937e-05
1.260000000000000269e-04,-2.149687500000000195e+00,5.019531250000010963e-05
1.262000000000000318e-04,-2.127558593749999893e+00,5.097656250000175832e-05
1.264000000000000366e-04,-2.104042968749999964e+00,5.820312500000052874e-05
1.266000000000000415e-04,-2.081406250000000124e+00,3.261718749999944350e-05
1.268000000000000464e-04,-2.060078124999999982e+00,2.832031250000078410e-05
1.270000000000000512e-04,-2.037832031249999787e+00,7.480468750000000139e-05
1.272000000000000019e-04,-2.014746093749999911e+00,4.062500000000072997e-05
1.274000000000000067e-04,-1.991484374999999973e+00,1.679687499999988481e-05
1.276000000000000116e-04,-1.969101562500000124e+00,-2.773437500000041495e-05
1.278000000000000165e-04,-1.946152343750000124e+00,3.515624999999959754e-05
1.280000000000000213e-04,-1.921367187500000240e+00,5.351562499999757555e-05
1.282000000000000262e-04,-1.896582031249999911e+00,5.742187499999974742e-05
1.284000000000000310e-04,-1.872597656249999964e+00,8.984374999999964612e-05
1.286000000000000359e-04,-1.849140624999999538e+00,1.083984374999997710e-04
1.288000000000000408e-04,-1.825156250000000036e+00,7.519531249999822364e-05
1.290000000000000456e-04,-1.798964843749999876e+00,-1.953124999995448086e-07
1.292000000000000505e-04,-1.774218750000000178e+00,1.738281250000025396e-05
1.294000000000000011e-04,-1.748847656250000382e+00,7.421875000000049960e-06
1.296000000000000060e-04,-1.724609375000000000e+00,5.859374999999875100e-05
1.298000000000000109e-04,-1.698535156250000178e+00,6.210937500000183326e-05
1.300000000000000157e-04,-1.672792968750000053e+00,6.953125000000188322e-05
1.302000000000000206e-04,-1.648007812500000169e+00,8.125000000000059258e-05
1.304000000000000254e-04,-1.622597656249999964e+00,1.304687499999995087e-04
1.306000000000000303e-04,-1.596679687500000000e+00,1.224609374999999570e-04
1.308000000000000352e-04,-1.570527343749999805e+00,9.374999999999834854e-05
1.310000000000000400e-04,-1.545117187500000044e+00,8.476562500000020539e-05
1.312000000000000449e-04,-1.520156249999999876e+00,6.933593749999973632e-05
1.314000000000000497e-04,-1.493261718749999911e+00,4.374999999999951844e-05
1.316000000000000546e-04,-1.466484374999999618e+00,4.511718750000066891e-05
1.318000000000000053e-04,-1.441894531249999778e+00,5.175781249999993755e-05
1.320000000000000101e-04,-1.417382812500000089e+00,5.605468749999859696e-05
1.322000000000000150e-04,-1.391210937499999911e+00,1.029296874999995060e-04
1.324000000000000198e-04,-1.364277343749999760e+00,1.199218750000015377e-04
1.326000000000000247e-04,-1.339687499999999920e+00,1.300781250000012865e-04
1.328000000000000296e-04,-1.313730468750000213e+00,1.437500000000015155e-04
1.330000000000000344e-04,-1.285957031250000382e+00,1.121093749999980613e-04
1.332000000000000393e-04,-1.258574218750000195e+00,1.019531250000017819e-04
1.334000000000000442e-04,-1.232265624999999698e+00,4.531250000000021372e-05
1.336000000000000490e-04,-1.204804687500000249e+00,3.339843749999935746e-05
1.338000000000000539e-04,-1.176445312500000062e+00,5.195312500000034972e-05
1.340000000000000045e-04,-1.149238281250000160e+00,5.117187500000130312e-05
1.342000000000000094e-04,-1.124179687500000302e+00,7.968750000000076467e-05
1.344000000000000142e-04,-1.096699218749999982e+00,3.027343749999970163e-05
1.346000000000000191e-04,-1.069023437499999840e+00,9.941406250000076050e-05
1.348000000000000240e-04,-1.041093749999999929e+00,5.019531250000010963e-05
1.350000000000000288e-04,-1.013261718750000373e+00,1.681640625000018624e-04
1.352000000000000337e-04,-9.852929687499998312e-01,6.914062499999758943e-05
1.354000000000000386e-04,-9.561523437499999112e-01,7.207031249999856781e-05
1.356000000000000434e-04,-9.286914062499997957e-01,8.984374999999964612e-05
1.358000000000000483e-04,-9.011914062500001599e-01,9.570312500001114386e-06
1.360000000000000531e-04,-8.713281250000000089e-01,4.472656249999897721e-05
1.362000000000000038e-04,-8.410546875000000089e-01,3.066406249999965861e-05
1.364000000000000087e-04,-8.145898437500000977e-01,8.613281250000048850e-05
1.366000000000000135e-04,-7.870507812499998312e-01,7.910156249999952816e-05
1.368000000000000184e-04,-7.585937500000000666e-01,6.894531249999891198e-05
1.370000000000000232e-04,-7.304296875000002576e-01,8.281250000000042050e-05
1.372000000000000281e-04,-7.034179687499998446e-01,3.339843750000022482e-05
1.374000000000000330e-04,-6.738085937500000178e-01,5.488281250000219547e-05
1.376000000000000378e-04,-6.444726562499999423e-01,9.863281249999911182e-05
1.378000000000000427e-04,-6.160156249999999556e-01,6.367187499999905909e-05
1.380000000000000475e-04,-5.879882812499996891e-01,2.656250000000054401e-05
1.382000000000000524e-04,-5.568750000000001199e-01,4.687500000001218470e-06
1.384000000000000031e-04,-5.274414062500000222e-01,2.851562499999946154e-05
1.386000000000000079e-04,-4.991015625000001510e-01,3.515624999998745448e-06
1.388000000000000128e-04,-4.700390624999999378e-01,2.148437500001931788e-06
1.390000000000000176e-04,-4.396679687500000266e-01,3.398437500000059397e-05
1.392000000000000225e-04,-4.115820312499999245e-01,5.917968749999738542e-05
1.394000000000000274e-04,-3.833007812499997780e-01,5.371093750000058981e-05
1.396000000000000322e-04,-3.534765625000001465e-01,4.570312500000103806e-05
1.398000000000000371e-04,-3.233398437499999112e-01,5.839843749999920619e-05
1.400000000000000419e-04,-2.938281250000002176e-01,2.734375000000045797e-05
1.402000000000000468e-04,-2.647460937500001332e-01,1.210937500000040107e-05
1.404000000000000517e-04,-2.344531249999999289e-01,5.937500000000039968e-05
1.406000000000000023e-04,-2.054296874999999023e-01,1.464843749999882039e-05
1.408000000000000072e-04,-1.777539062499999822e-01,-1.757812500000066613e-05
1.410000000000000120e-04,-1.474999999999999645e-01,9.179687500002024769e-06
1.412000000000000169e-04,-1.168945312499999334e-01,2.070312500000032196e-05
1.414000000000000218e-04,-9.019531250000001332e-02,4.628906249999793776e-05
1.416000000000000266e-04,-6.378906250000004885e-02,2.929687500000024286e-05
1.418000000000000315e-04,-3.486328125000015543e-02,1.085937500000027853e-04
1.420000000000000363e-04,-6.425781249999706901e-03,3.789062500000016376e-05
1.422000000000000412e-04,5.859375000000111022e-03,3.164062500000171946e-05
1.424000000000000461e-04,6.113281250000102141e-03,-6.132812500000018457e-05
1.426000000000000509e-04,6.171875000000048850e-03,-5.175781249999907019e-05
1.428000000000000558e-04,5.624999999999991118e-03,3.906249999973548936e-07
1.430000000000000064e-04,6.113281249999991118e-03,1.757812499999372724e-06
1.432000000000000113e-04,5.683593750000048850e-03,1.699218750000029698e-05
1.434000000000000162e-04,5.546874999999951150e-03,2.988281249999974465e-05
1.436000000000000210e-04,5.820312500000146549e-03,7.695312500000193318e-05
1.438000000000000259e-04,5.468750000000022204e-03,4.609375000000012768e-05
1.440000000000000308e-04,5.371093749999888978e-03,6.679687500000044964e-05
1.442000000000000356e-04,5.644531249999862332e-03,3.300781249999940048e-05
1.444000000000000405e-04,5.527343749999968914e-03,7.695312499999933109e-05
1.446000000000000453e-04,5.488281250000004441e-03,5.683593749999851091e-05
1.448000000000000502e-04,5.468750000000022204e-03,-2.871093750000074107e-05
1.450000000000000551e-04,5.273437500000199840e-03,1.953124999998917533e-06
1.452000000000000057e-04,5.000000000000004441e-03,1.191406250000085626e-05
1.454000000000000106e-04,5.273437499999977796e-03,6.445312499999810568e-05
1.456000000000000154e-04,5.371093750000333067e-03,3.105468749999961559e-05
1.458000000000000203e-04,5.332031250000146549e-03,4.960937499999974049e-05
1.460000000000000252e-04,5.136718749999880096e-03,6.367187499999992645e-05
1.462000000000000300e-04,5.078125000000044409e-03,3.359374999999890227e-05
1.464000000000000349e-04,4.999999999999893419e-03,6.308593750000042466e-05
1.466000000000000397e-04,5.175781250000066613e-03,1.308593749999899247e-05
1.468000000000000446e-04,5.136718749999769074e-03,5.742187500000061479e-05
1.470000000000000495e-04,5.156250000000084377e-03,1.699218750000116435e-05
1.472000000000000543e-04,5.136718749999991118e-03,4.765624999999995559e-05
1.474000000000000050e-04,4.804687499999849010e-03,5.566406250000037470e-05
1.476000000000000098e-04,5.019531249999764633e-03,5.722656249999933525e-05
1.478000000000000147e-04,4.804687499999960032e-03,6.015624999999944628e-05
1.480000000000000196e-04,4.960937500000150990e-03,8.906250000000059952e-05
1.482000000000000244e-04,4.609375000000026645e-03,4.140624999999890921e-05
1.484000000000000293e-04,5.136718749999658051e-03,8.710937499999994726e-05
1.486000000000000341e-04,4.589843749999933387e-03,6.855468749999982236e-05
1.488000000000000390e-04,4.746093750000013323e-03,6.289062499999914513e-05
1.490000000000000439e-04,4.667968749999973355e-03,5.703124999999892308e-05
1.492000000000000487e-04,4.824218750000053291e-03,2.714843750000091316e-05
1.494000000000000536e-04,4.804687500000071054e-03,6.210937500000009853e-05
1.496000000000000042e-04,4.707031249999937828e-03,7.753906250000056760e-05
1.498000000000000091e-04,4.082031249999840128e-03,1.318359375000006592e-04
1.500000000000000140e-04,4.570312499999951150e-03,1.267578124999994837e-04
1.502000000000000188e-04,4.570312499999840128e-03,1.060546874999991618e-04
1.504000000000000237e-04,4.746093749999902300e-03,8.652343749999957812e-05
1.506000000000000285e-04,4.570312499999951150e-03,6.972656250000056066e-05
1.508000000000000334e-04,4.687500000000177636e-03,7.246093749999939215e-05
1.510000000000000383e-04,4.746093749999791278e-03,5.976562500000035666e-05
1.512000000000000431e-04,4.667968749999973355e-03,4.628906249999967248e-05
1.514000000000000480e-04,4.707031250000048850e-03,9.492187500000082157e-05
1.516000000000000529e-04,4.667968750000084377e-03,2.695312499999876626e-05
1.518000000000000035e-04,4.648437500000102141e-03,7.128906249999778649e-05
1.520000000000000084e-04,4.843749999999924505e-03,4.179687499999973355e-05
1.522000000000000132e-04,4.453124999999946709e-03,1.253906250000000680e-04
1.524000000000000181e-04,4.023437500000115463e-03,1.353515625000002720e-04
1.526000000000000230e-04,4.550781250000079936e-03,7.617187499999941713e-05
1.528000000000000278e-04,4.785156249999866773e-03,1.281249999999997669e-04
1.530000000000000327e-04,4.414062499999760192e-03,8.906250000000059952e-05
1.532000000000000375e-04,4.453125000000057732e-03,6.621093750000008049e-05
1.534000000000000424e-04,4.179687499999973355e-03,6.484374999999979738e-05
1.536000000000000473e-04,4.355468749999813483e-03,9.023437499999873573e-05
1.538000000000000521e-04,4.570312500000173195e-03,8.789062499998598343e-06
1.540000000000000570e-04,4.472656249999928946e-03,8.789062499999986122e-05
1.542000000000000076e-04,4.648437499999880096e-03,2.734374999999698852e-06
1.544000000000000125e-04,4.316406249999849010e-03,4.921875000000065087e-05
1.546000000000000174e-04,4.531249999999986677e-03,7.636718749999982930e-05
1.548000000000000222e-04,4.453124999999946709e-03,9.570312500000073552e-05
1.550000000000000271e-04,4.374999999999906741e-03,7.167968750000034556e-05
1.552000000000000319e-04,4.374999999999906741e-03,3.339843749999935746e-05
1.554000000000000368e-04,4.355468749999813483e-03,3.359374999999976963e-05
1.556000000000000417e-04,4.277343749999995559e-03,1.699218749999856226e-05
1.558000000000000465e-04,4.257812499999902300e-03,-1.796875000000149047e-05
1.560000000000000514e-04,4.335937499999831246e-03,-1.660156249999947264e-05
1.562000000000000562e-04,4.472656249999928946e-03,1.796875000000062311e-05
1.564000000000000069e-04,4.374999999999684697e-03,5.039062500000052180e-05
1.566000000000000118e-04,4.218749999999937828e-03,3.925781249999957950e-05
1.568000000000000166e-04,4.160156249999991118e-03,9.960937500000204003e-06
1.570000000000000215e-04,4.082031249999951150e-03,3.945312499999912431e-05
1.572000000000000263e-04,4.433593750000186517e-03,-1.953125000012795320e-07
1.574000000000000312e-04,4.374999999999906741e-03,5.078124999999440725e-06
1.576000000000000361e-04,3.945312499999853451e-03,-3.242187500000076605e-05
1.578000000000000409e-04,4.335937500000053291e-03,-1.816406249999930056e-05
1.580000000000000458e-04,4.433593749999964473e-03,1.582031249999869132e-05
1.582000000000000507e-04,4.101562499999822364e-03,-7.675781250000152101e-05
1.584000000000000555e-04,3.749999999999809042e-03,2.871093750000160844e-05
1.586000000000000062e-04,3.984375000000039968e-03,4.628906250000053985e-05
1.588000000000000110e-04,4.179687499999751310e-03,5.371093749999972244e-05
1.590000000000000159e-04,4.394531250000000000e-03,1.582031250000042605e-05
1.592000000000000207e-04,4.335937499999942268e-03,3.535156250000000971e-05
1.594000000000000256e-04,4.003906249999800160e-03,2.812500000000123929e-05
1.596000000000000305e-04,4.082031249999840128e-03,2.304687499999919648e-05
1.598000000000000353e-04,4.394531249999777955e-03,-6.425781249999769351e-05
1.600000000000000402e-04,4.218749999999937828e-03,6.640624999999268641e-06
1.602000000000000451e-04,4.433593749999853451e-03,1.953124999998050171e-06
1.604000000000000499e-04,4.355468750000035527e-03,-2.929687500000024286e-05
1.606000000000000548e-04,4.042968749999986677e-03,-2.148437499999329703e-06
1.608000000000000054e-04,4.101562499999933387e-03,9.960937499999943795e-05
1.610000000000000103e-04,4.179687499999862332e-03,1.562500000000088124e-05
1.612000000000000152e-04,4.121093749999915623e-03,1.757812499999979877e-05
1.614000000000000200e-04,3.945312499999853451e-03,2.265624999999923950e-05
1.616000000000000249e-04,4.414062499999982236e-03,3.242187499999989869e-05
1.618000000000000297e-04,3.925781249999982236e-03,9.960937500002806089e-06
1.620000000000000346e-04,4.101562499999933387e-03,1.640624999999906047e-05
1.622000000000000395e-04,3.828124999999960032e-03,-3.496093749999918537e-05
1.624000000000000443e-04,4.257812500000013323e-03,-1.894531249999834716e-05
1.626000000000000492e-04,4.257812499999902300e-03,-9.960937500000204003e-06
1.628000000000000540e-04,3.750000000000031086e-03,1.093750000000139749e-05
1.630000000000000047e-04,4.101562500000044409e-03,3.945312499999999167e-05
1.632000000000000096e-04,4.199218749999844569e-03,3.105468750000048295e-05
1.634000000000000144e-04,4.218750000000048850e-03,4.199218749999841099e-05
1.636000000000000193e-04,4.257812500000013323e-03,4.375000000000125316e-05
1.638000000000000241e-04,4.257812500000013323e-03,3.359374999999976963e-05
1.640000000000000290e-04,4.042968749999986677e-03,-1.171874999998136213e-06
1.642000000000000339e-04,4.511718749999893419e-03,1.503906249999877737e-05
1.644000000000000387e-04,4.277343750000106581e-03,1.126953124999992978e-04
1.646000000000000436e-04,4.023437500000004441e-03,3.398437499999972661e-05
1.648000000000000484e-04,4.101562499999933387e-03,-7.812500000000006939e-06
1.650000000000000533e-04,4.003906250000133227e-03,2.597656250000017486e-05
1.652000000000000040e-04,4.257812500000124345e-03,3.984375000000081601e-05
1.654000000000000088e-04,4.082031250000062172e-03,8.222656249999831662e-05
1.656000000000000137e-04,4.121093750000026645e-03,3.789062500000103112e-05
1.658000000000000185e-04,4.160156249999880096e-03,8.085937500000063560e-05
1.660000000000000234e-04,3.925781249999871214e-03,3.378906249999844708e-05
1.662000000000000283e-04,4.179687500000084377e-03,9.023437499999786837e-05
1.664000000000000331e-04,4.179687499999751310e-03,3.652343749999988065e-05
1.666000000000000380e-04,4.082031249999951150e-03,4.492187499999938938e-05
1.668000000000000429e-04,4.121093749999915623e-03,4.511718749999806682e-05
1.670000000000000477e-04,3.964843749999724665e-03,8.203125000000050654e-05
1.672000000000000526e-04,3.886718750000128786e-03,3.691406250000157235e-05
1.674000000000000574e-04,4.140624999999675815e-03,1.093750000000053013e-05
1.676000000000000081e-04,4.238281250000142109e-03,1.087890625000005954e-04
1.678000000000000129e-04,4.277343749999773515e-03,1.064453125000008535e-04
1.680000000000000178e-04,4.179687499999640288e-03,9.531249999999904382e-05
1.682000000000000227e-04,4.238281249999920064e-03,8.984375000000138084e-05
1.684000000000000275e-04,4.101562499999822364e-03,5.839843750000007355e-05
1.686000000000000324e-04,4.316406249999849010e-03,7.812500000000006939e-05
1.688000000000000373e-04,4.140625000000008882e-03,6.289062500000001249e-05
1.690000000000000421e-04,3.828124999999960032e-03,6.152343749999972938e-05
1.692000000000000470e-04,3.867187499999813483e-03,5.429687499999922423e-05
1.694000000000000518e-04,4.101562500000044409e-03,7.304687500000149603e-05
1.696000000000000567e-04,4.023437499999893419e-03,1.611328124999983000e-04
1.698000000000000074e-04,4.101562499999933387e-03,1.796874999999992922e-04
1.700000000000000122e-04,4.335937500000053291e-03,8.710937499999994726e-05
1.702000000000000171e-04,3.886718750000017764e-03,1.148437500000012296e-04
1.704000000000000219e-04,3.886718749999684697e-03,1.097656250000000541e-04
1.706000000000000268e-04,4.042968749999875655e-03,7.949218750000121986e-05
1.708000000000000317e-04,4.238281249999920064e-03,2.460937499999815703e-05
1.710000000000000365e-04,4.003906249999800160e-03,1.621093749999951567e-05
1.712000000000000414e-04,4.160156249999880096e-03,8.222656249999918399e-05
1.714000000000000462e-04,4.003906250000133227e-03,3.808593750000057593e-05
1.716000000000000511e-04,4.238281249999920064e-03,3.476562500000050793e-05
1.718000000000000560e-04,4.101562499999933387e-03,5.722656250000020262e-05
1.720000000000000066e-04,4.179687499999973355e-03,1.410156250000000819e-04
1.722000000000000115e-04,3.945312500000075495e-03,1.439453124999993255e-04
1.724000000000000163e-04,3.945312499999853451e-03,1.064453125000008535e-04
1.726000000000000212e-04,4.160156249999880096e-03,5.644531250000028866e-05
1.728000000000000261e-04,4.003906249999800160e-03,8.378906249999987926e-05
1.730000000000000309e-04,4.082031249999951150e-03,7.167968750000034556e-05
1.732000000000000358e-04,4.218749999999715783e-03,2.128906249999982375e-05
1.734000000000000406e-04,4.003906249999800160e-03,6.757812499999776151e-05
1.736000000000000455e-04,3.749999999999809042e-03,6.289062500000174721e-05
1.738000000000000504e-04,4.140625000000008882e-03,5.878906250000089789e-05
1.740000000000000552e-04,4.160156249999991118e-03,7.304687500000062866e-05
1.742000000000000059e-04,4.101562499999933387e-03,4.589843749999971551e-05
1.744000000000000107e-04,3.886718750000017764e-03,1.109374999999999251e-04
1.746000000000000156e-04,4.062499999999857891e-03,8.749999999999903688e-05
1.748000000000000205e-04,4.277343750000106581e-03,5.507812500000087291e-05
1.750000000000000253e-04,4.023437500000004441e-03,2.402343749999865524e-05
1.752000000000000302e-04,3.808593749999977796e-03,4.824218750000119210e-05
1.754000000000000350e-04,4.023437499999893419e-03,2.089843749999986677e-05
1.756000000000000399e-04,3.984374999999817923e-03,5.429687500000182632e-05
1.758000000000000448e-04,3.964843749999835687e-03,5.703124999999892308e-05
1.760000000000000496e-04,3.847656249999831246e-03,5.175781250000167227e-05
1.762000000000000545e-04,4.316406250000071054e-03,5.058593750000093398e-05
1.764000000000000051e-04,4.023437499999893419e-03,1.697265625000016903e-04
1.766000000000000100e-04,4.062499999999857891e-03,3.242187499999903133e-05
1.768000000000000149e-04,4.277343749999995559e-03,2.500000000000071609e-05
1.770000000000000197e-04,3.808593749999866773e-03,-2.343749999999741873e-06
1.772000000000000246e-04,3.964843749999946709e-03,1.425781249999886341e-05
1.774000000000000295e-04,3.828124999999737987e-03,2.929687499999937550e-05
1.776000000000000343e-04,4.121093750000026645e-03,-1.503906250000051209e-05
1.778000000000000392e-04,3.808593749999977796e-03,3.749999999999847206e-05
1.780000000000000440e-04,4.062499999999857891e-03,7.949218749999861777e-05
1.782000000000000489e-04,3.828124999999849010e-03,4.179687500000060091e-05
1.784000000000000538e-04,3.925781250000093259e-03,4.960937499999887312e-05
1.786000000000000586e-04,3.945312499999742428e-03,2.753906250000000278e-05
1.788000000000000093e-04,4.238281249999920064e-03,7.480468750000086875e-05
1.790000000000000141e-04,4.257812499999680256e-03,1.914062499999962669e-05
1.792000000000000190e-04,3.828125000000071054e-03,7.011718749999965028e-05
1.794000000000000239e-04,3.847656249999942268e-03,3.457031250000096312e-05
1.796000000000000287e-04,4.062500000000079936e-03,2.441406250000121431e-05
1.798000000000000336e-04,3.984374999999928946e-03,-7.226562499999637790e-06
1.800000000000000384e-04,4.062499999999968914e-03,-1.054687500000057315e-05
1.802000000000000433e-04,4.042968749999764633e-03,2.968750000000019984e-05
1.804000000000000482e-04,3.984374999999817923e-03,2.617187499999971967e-05
1.806000000000000530e-04,3.867187500000146549e-03,4.589843749999971551e-05
1.808000000000000579e-04,3.789062499999995559e-03,3.691406249999983763e-05
1.810000000000000085e-04,4.140625000000008882e-03,4.746093750000214551e-05
1.812000000000000134e-04,3.886718750000017764e-03,1.816406250000190264e-05
1.814000000000000183e-04,3.789062500000106581e-03,6.015624999999857891e-05
1.816000000000000231e-04,4.140624999999897859e-03,3.847656249999966555e-05
1.818000000000000280e-04,4.062499999999857891e-03,5.546874999999909517e-05
1.820000000000000328e-04,4.335937499999831246e-03,-2.109374999999941158e-05
1.822000000000000377e-04,4.101562499999711342e-03,-1.093749999999879541e-05
1.824000000000000426e-04,4.277343749999884537e-03,-1.171874999999870937e-05
1.826000000000000474e-04,4.472656249999928946e-03,6.308593749999955730e-05
1.828000000000000523e-04,4.316406249999960032e-03,2.441406250000208167e-05
1.830000000000000572e-04,4.199218749999733546e-03,6.718749999999953926e-05
1.832000000000000078e-04,4.218749999999937828e-03,6.933593749999886896e-05
1.834000000000000127e-04,4.101562499999933387e-03,9.804687500000134476e-05
1.836000000000000175e-04,4.238281250000031086e-03,-1.757812499999893141e-05
1.838000000000000224e-04,4.277343749999884537e-03,1.972656249999999584e-05
1.840000000000000272e-04,4.121093749999915623e-03,2.871093749999900635e-05
1.842000000000000321e-04,4.238281249999809042e-03,3.789062499999929640e-05
1.844000000000000370e-04,4.316406249999960032e-03,3.925781249999957950e-05
1.846000000000000418e-04,4.375000000000017764e-03,-1.679687499999901745e-05
1.848000000000000467e-04,4.140625000000008882e-03,4.023437499999990563e-05
1.850000000000000516e-04,4.296875000000088818e-03,2.402343749999952260e-05
1.852000000000000564e-04,4.160156249999991118e-03,2.539062499999893835e-05
1.854000000000000071e-04,4.003906249999911182e-03,3.710937500000024980e-05
1.856000000000000119e-04,4.453125000000168754e-03,4.804687499999991257e-05
1.858000000000000168e-04,4.042968749999986677e-03,5.957031250000081185e-05
1.860000000000000217e-04,4.082031250000173195e-03,2.109375000000027894e-05
1.862000000000000265e-04,4.062499999999968914e-03,1.367187499999415745e-06
1.864000000000000314e-04,4.238281249999920064e-03,-3.847656249999966555e-05
1.866000000000000362e-04,4.160156249999880096e-03,4.023437499999990563e-05
1.868000000000000411e-04,4.394531250000111022e-03,6.074218750000068279e-05
1.870000000000000460e-04,4.257812499999902300e-03,9.316406250000144884e-05
1.872000000000000508e-04,4.160156250000102141e-03,4.960937500000147521e-05
1.874000000000000557e-04,4.355468750000146549e-03,8.457031249999979322e-05
1.876000000000000063e-04,4.277343749999884537e-03,6.660156249999917011e-05
1.878000000000000112e-04,4.179687499999973355e-03,6.855468749999982236e-05
1.880000000000000161e-04,4.023437500000115463e-03,7.832031249999874684e-05
1.882000000000000209e-04,4.199218749999955591e-03,-2.812500000000037192e-05
1.884000000000000258e-04,4.218749999999715783e-03,3.320312499999200639e-06
1.886000000000000306e-04,4.218750000000048850e-03,-1.464843749999968775e-05
1.888000000000000355e-04,4.218750000000048850e-03,2.519531249999852618e-05
1.890000000000000404e-04,3.945312499999964473e-03,1.933593749999830413e-05
1.892000000000000452e-04,4.140625000000008882e-03,5.781249999999883704e-05
1.894000000000000501e-04,3.906249999999888978e-03,1.197265624999993908e-04
1.896000000000000549e-04,4.121093749999915623e-03,1.054687500000022621e-04
1.898000000000000598e-04,4.140625000000008882e-03,7.070312500000088679e-05
1.900000000000000105e-04,4.101562499999933387e-03,5.781249999999970440e-05
1.902000000000000153e-04,4.296874999999977796e-03,2.187499999999932554e-05
1.904000000000000202e-04,4.082031249999951150e-03,4.570312499999930334e-05
1.906000000000000250e-04,3.964843750000057732e-03,8.203124999999963918e-06
1.908000000000000299e-04,4.257812500000013323e-03,1.386718750000064115e-05
1.910000000000000348e-04,3.867187499999702460e-03,8.671875000000085765e-05
1.912000000000000396e-04,4.179687499999973355e-03,2.382812499999824307e-05
1.914000000000000445e-04,3.808593749999866773e-03,7.265624999999980432e-05
1.916000000000000494e-04,4.218749999999826805e-03,4.316406250000088402e-05
1.918000000000000542e-04,4.218749999999826805e-03,7.753906249999970024e-05
1.920000000000000591e-04,4.101562499999933387e-03,9.277343750000062450e-05
1.922000000000000097e-04,4.277343749999995559e-03,4.511718749999893419e-05
1.924000000000000146e-04,4.140624999999897859e-03,7.343749999999798356e-05
1.926000000000000194e-04,4.218749999999937828e-03,2.382812499999911043e-05
1.928000000000000243e-04,3.964843749999835687e-03,6.894531250000064670e-05
1.930000000000000292e-04,4.414062499999982236e-03,6.171874999999927419e-05
1.932000000000000340e-04,4.335937499999831246e-03,6.406250000000161815e-05
1.934000000000000389e-04,4.374999999999906741e-03,6.308593750000042466e-05
1.936000000000000438e-04,4.238281249999809042e-03,1.117187500000007064e-04
1.938000000000000486e-04,4.003906249999800160e-03,9.999999999999939493e-05
1.940000000000000535e-04,4.257812499999791278e-03,6.269531249999960032e-05
1.942000000000000583e-04,4.023437500000004441e-03,8.828124999999981820e-05
1.944000000000000090e-04,4.589843749999822364e-03,1.003906249999993519e-04
1.946000000000000139e-04,3.984374999999928946e-03,9.667968750000019429e-05
1.948000000000000187e-04,4.160156249999769074e-03,1.857421874999999264e-04
1.950000000000000236e-04,4.414062499999982236e-03,-2.929687500000024286e-05
1.952000000000000284e-04,4.082031250000062172e-03,1.072265624999990327e-04
1.954000000000000333e-04,4.355468750000035527e-03,4.160156250000018874e-05
1.956000000000000382e-04,4.355468749999924505e-03,8.750000000000163897e-05
1.958000000000000430e-04,4.394531249999777955e-03,-1.523437499999918954e-05
1.960000000000000479e-04,4.531249999999986677e-03,4.902343750000110606e-05
1.962000000000000527e-04,4.433593749999853451e-03,8.496093750000061756e-05
1.964000000000000576e-04,4.589843749999933387e-03,5.117187500000130312e-05
1.966000000000000083e-04,4.355468750000035527e-03,2.734375000000045797e-05
1.968000000000000131e-04,4.082031249999951150e-03,0.000000000000000000e+00
1.970000000000000180e-04,4.160156249999880096e-03,-7.734375000000015543e-05
1.972000000000000228e-04,4.316406249999737987e-03,-4.277343749999919231e-05
1.974000000000000277e-04,4.199218750000066613e-03,-6.621093750000094785e-05
1.976000000000000326e-04,4.160156249999769074e-03,-2.187500000000019290e-05
1.978000000000000374e-04,4.199218749999955591e-03,-2.421874999999993477e-05
1.980000000000000423e-04,4.316406249999849010e-03,-2.832031250000078410e-05
1.982000000000000471e-04,4.414062499999982236e-03,-8.593750000000788258e-06
1.984000000000000520e-04,4.238281249999809042e-03,-4.277343750000005967e-05
1.986000000000000569e-04,4.238281249999920064e-03,1.621093749999864830e-05
1.988000000000000075e-04,4.335937499999831246e-03,5.273437499998985534e-06
1.990000000000000124e-04,4.082031250000062172e-03,1.972656250000173056e-05
1.992000000000000172e-04,4.218749999999937828e-03,-1.503906250000051209e-05
1.994000000000000221e-04,4.160156249999991118e-03,-5.742187500000148215e-05
1.996000000000000270e-04,3.945312499999964473e-03,-3.847656249999966555e-05
1.998000000000000318e-04,4.101562499999822364e-03,1.269531249999903549e-05
2.000000000000000367e-04,4.082031249999840128e-03,-2.324218750000047601e-05
2.002000000000000416e-04,4.296875000000088818e-03,5.839843749999920619e-05
2.004000000000000464e-04,4.375000000000128786e-03,7.402343749999922007e-05
2.006000000000000513e-04,4.453124999999835687e-03,4.628906250000053985e-05
2.008000000000000561e-04,4.414062500000204281e-03,9.492187500000082157e-05
2.010000000000000610e-04,4.023437500000115463e-03,4.160156250000105610e-05
2.012000000000000116e-04,4.179687499999862332e-03,8.769531249999771433e-05
2.014000000000000165e-04,3.945312500000075495e-03,4.316406249999914929e-05
2.016000000000000214e-04,4.121093750000026645e-03,1.230468749999994588e-05
2.018000000000000262e-04,4.335937499999831246e-03,-9.589843750000028033e-05
2.020000000000000311e-04,4.472656249999706901e-03,-1.435546874999993686e-04
2.022000000000000360e-04,4.179687499999862332e-03,-1.128906250000005773e-04
2.024000000000000408e-04,4.355468749999924505e-03,-9.570312499999986816e-05
2.026000000000000457e-04,4.179687500000084377e-03,-3.242187499999903133e-05
2.028000000000000505e-04,4.257812499999902300e-03,-4.648437500000095202e-05
2.030000000000000554e-04,4.199218749999844569e-03,2.363281249999956563e-05
2.032000000000000603e-04,4.316406250000071054e-03,-2.500000000000071609e-05
2.034000000000000109e-04,4.101562499999933387e-03,-3.925781249999871214e-05
2.036000000000000158e-04,4.296874999999866773e-03,-1.542968750000133643e-05
2.038000000000000206e-04,4.199218749999844569e-03,8.417968750000070360e-05
2.040000000000000255e-04,4.121093749999804601e-03,-2.148437500000197065e-06
2.042000000000000304e-04,4.140624999999786837e-03,3.320312500000154737e-05
2.044000000000000352e-04,4.179687499999751310e-03,1.367187499999936162e-05
2.046000000000000401e-04,4.179687499999862332e-03,4.472656249999897721e-05
2.048000000000000449e-04,4.570312500000062172e-03,6.406249999999901606e-05
2.050000000000000498e-04,4.257812500000124345e-03,1.007812499999993089e-04
2.052000000000000547e-04,4.199218749999733546e-03,8.691406250000126982e-05
2.054000000000000595e-04,4.335937499999942268e-03,9.257812499999847761e-05
2.056000000000000102e-04,4.550781249999857891e-03,2.167968750000064809e-05
2.058000000000000150e-04,4.414062499999871214e-03,1.052734374999983805e-04
2.060000000000000199e-04,4.218749999999937828e-03,-4.902343749999937134e-05
2.062000000000000248e-04,4.335937499999942268e-03,2.519531250000026090e-05
2.064000000000000296e-04,4.238281249999809042e-03,-3.906249999999569789e-06
2.066000000000000345e-04,4.277343749999884537e-03,1.138671874999991687e-04
2.068000000000000393e-04,4.257812500000013323e-03,1.371093750000013795e-04
2.070000000000000442e-04,3.945312499999853451e-03,9.921874999999861361e-05
2.072000000000000491e-04,4.160156249999991118e-03,1.085937499999993158e-04
2.074000000000000539e-04,4.511718750000115463e-03,1.097656250000000541e-04
2.076000000000000588e-04,4.453125000000057732e-03,8.339843749999818756e-05
2.078000000000000094e-04,4.179687499999640288e-03,4.726562499999913125e-05
2.080000000000000143e-04,4.199218749999844569e-03,2.539062499999980571e-05
2.082000000000000192e-04,4.257812500000124345e-03,1.425781249999973077e-05
2.084000000000000240e-04,4.121093749999804601e-03,-5.078124999999440725e-06
2.086000000000000289e-04,4.843749999999924505e-03,-1.230468749999994588e-05
2.088000000000000338e-04,4.355468750000146549e-03,3.906250000000437150e-06
2.090000000000000386e-04,4.062499999999968914e-03,5.820312500000052874e-05
2.092000000000000435e-04,4.374999999999795719e-03,1.376953124999991465e-04
2.094000000000000483e-04,4.316406250000182077e-03,9.707031250000188599e-05
2.096000000000000532e-04,4.218749999999937828e-03,1.410156250000018166e-04
2.098000000000000581e-04,4.394531250000000000e-03,1.437499999999989134e-04
2.100000000000000087e-04,4.296875000000088818e-03,9.843749999999956701e-05
2.102000000000000136e-04,4.335937499999831246e-03,1.568359375000005079e-04
2.104000000000000184e-04,4.062500000000079936e-03,1.472656249999985262e-04
2.106000000000000233e-04,4.277343750000106581e-03,1.306640624999990535e-04
2.108000000000000282e-04,4.453124999999835687e-03,1.275390625000002651e-04
2.110000000000000330e-04,4.218749999999826805e-03,1.289062500000014155e-04
2.112000000000000379e-04,4.296874999999977796e-03,1.539062500000021316e-04
2.114000000000000427e-04,4.316406249999960032e-03,1.031249999999981834e-04
2.116000000000000476e-04,4.082031249999951150e-03,9.140624999999860667e-05
2.118000000000000525e-04,4.179687499999973355e-03,1.072265625000016348e-04
2.120000000000000573e-04,4.472656249999928946e-03,9.609375000000069250e-05
2.122000000000000080e-04,4.023437499999893419e-03,3.535156249999914235e-05
2.124000000000000128e-04,4.140624999999786837e-03,5.625000000000074385e-05
2.126000000000000177e-04,4.550781249999857891e-03,4.160156250000018874e-05
2.128000000000000226e-04,4.531249999999986677e-03,6.640625000000049266e-05
2.130000000000000274e-04,4.042968749999764633e-03,5.624999999999900913e-05
2.132000000000000323e-04,4.511718749999893419e-03,6.601562499999966832e-05
2.134000000000000371e-04,4.414062499999982236e-03,1.373046874999991895e-04
2.136000000000000420e-04,3.925781249999871214e-03,1.710937500000002387e-04
2.138000000000000469e-04,4.218750000000048850e-03,1.324218749999992936e-04
2.140000000000000517e-04,4.335937499999831246e-03,1.148437500000003622e-04
2.142000000000000566e-04,4.218749999999937828e-03,7.871093750000130590e-05
2.144000000000000614e-04,4.316406249999960032e-03,8.789062500000072858e-05
2.146000000000000121e-04,4.335937499999720224e-03,-1.171875000000738298e-06
2.148000000000000170e-04,4.257812500000013323e-03,2.128906249999982375e-05
2.150000000000000218e-04,4.140624999999897859e-03,-3.203124999999994171e-05
2.152000000000000267e-04,4.023437499999671374e-03,1.328125000000113937e-05
2.154000000000000315e-04,4.140624999999897859e-03,1.484374999999923256e-05
2.156000000000000364e-04,4.023437499999671374e-03,4.550781250000062589e-05
2.158000000000000413e-04,3.984374999999928946e-03,2.128906249999722167e-05
2.160000000000000461e-04,3.906249999999888978e-03,6.914062499999932415e-05
2.162000000000000510e-04,4.121093749999915623e-03,1.699218749999856226e-05
2.164000000000000559e-04,4.394531249999888978e-03,-4.921874999999891614e-05
2.166000000000000607e-04,3.964843749999946709e-03,-1.076171874999998571e-04
2.168000000000000114e-04,4.277343749999884537e-03,-1.054687499999996600e-04
2.170000000000000162e-04,4.335937500000053291e-03,-4.687500000000090900e-05
2.172000000000000211e-04,4.472656249999928946e-03,-3.105468749999874822e-05
2.174000000000000259e-04,4.082031250000284217e-03,6.992187500000010547e-05
2.176000000000000308e-04,4.277343749999773515e-03,-9.765625000011934898e-07
2.178000000000000357e-04,4.062499999999857891e-03,5.800781249999924921e-05
2.180000000000000405e-04,4.375000000000017764e-03,2.890624999999941852e-05
2.182000000000000454e-04,4.003906249999800160e-03,-2.675781250000008882e-05
2.184000000000000503e-04,4.257812500000013323e-03,-2.695312499999963363e-05
2.186000000000000551e-04,4.218749999999937828e-03,-1.425781250000233286e-05
2.188000000000000600e-04,4.101562499999822364e-03,-1.445312500000101030e-05
2.190000000000000106e-04,4.199218749999733546e-03,-8.691406250000213718e-05
2.192000000000000155e-04,4.062499999999746869e-03,-7.890625000000085071e-05
2.194000000000000204e-04,3.984375000000039968e-03,-2.382812499999997780e-05
2.196000000000000252e-04,4.257812499999902300e-03,-4.687500000000090900e-05
2.198000000000000301e-04,4.296875000000088818e-03,3.906249999999569789e-06
2.200000000000000349e-04,3.984374999999928946e-03,-5.175781249999907019e-05
2.202000000000000398e-04,4.238281249999809042e-03,-6.191406249999968636e-05
2.204000000000000447e-04,4.316406249999849010e-03,-7.558593750000165007e-05
2.206000000000000495e-04,4.296874999999866773e-03,-8.691406250000213718e-05
2.208000000000000544e-04,4.082031249999840128e-03,-1.099609375000030684e-04
2.210000000000000592e-04,3.925781249999871214e-03,-5.390624999999839989e-05
2.212000000000000099e-04,4.199218749999844569e-03,-7.128906250000038858e-05
2.214000000000000148e-04,4.160156249999880096e-03,-6.777343749999990841e-05
2.216000000000000196e-04,4.238281249999920064e-03,-9.765625000000052042e-05
2.218000000000000245e-04,3.906249999999888978e-03,-7.851562500000089373e-05
2.220000000000000293e-04,4.238281249999809042e-03,-8.730468750000122680e-05
2.222000000000000342e-04,4.277343749999884537e-03,-4.843749999999986955e-05
2.224000000000000391e-04,4.140624999999675815e-03,-3.300781250000026784e-05
2.226000000000000439e-04,3.925781250000093259e-03,1.367187500000283107e-06
2.228000000000000488e-04,4.277343749999995559e-03,-2.226562500000014988e-05
2.230000000000000536e-04,3.945312499999964473e-03,-1.953124999999958367e-05
2.232000000000000585e-04,4.257812499999791278e-03,-3.222656250000295597e-05
2.234000000000000092e-04,4.375000000000017764e-03,-8.007812499999898692e-05
2.236000000000000140e-04,4.082031249999951150e-03,-5.957031249999907713e-05
2.238000000000000189e-04,4.492187499999911182e-03,-1.132812500000048711e-05
2.240000000000000237e-04,4.472656249999928946e-03,-6.640625000000049266e-05
2.242000000000000286e-04,3.749999999999920064e-03,-3.691406250000157235e-05
2.244000000000000335e-04,4.199218749999733546e-03,-7.714843749999974326e-05
2.246000000000000383e-04,4.042968750000097700e-03,-5.273437500000720257e-06
2.248000000000000432e-04,4.394531250000000000e-03,-2.597656249999930750e-05
2.250000000000000481e-04,4.374999999999684697e-03,-1.816406250000103528e-05
2.252000000000000529e-04,4.062499999999968914e-03,-3.046875000000011380e-05
2.254000000000000578e-04,4.238281249999920064e-03,-5.253906249999985151e-05
2.256000000000000626e-04,4.062500000000079936e-03,-1.933593750000264094e-05
2.258000000000000133e-04,4.257812500000124345e-03,-8.027343750000113382e-05
2.260000000000000181e-04,4.277343749999995559e-03,-2.148437499998462341e-06
2.262000000000000230e-04,4.511718750000004441e-03,5.292968749999894112e-05
2.264000000000000279e-04,4.257812500000013323e-03,8.261718750000000833e-05
2.266000000000000327e-04,4.121093750000026645e-03,1.197265624999985234e-04
2.268000000000000376e-04,4.023437499999893419e-03,1.197265624999985234e-04
2.270000000000000425e-04,4.355468749999813483e-03,1.093749999999992298e-04
2.272000000000000473e-04,4.316406249999849010e-03,1.001953124999989397e-04
2.274000000000000522e-04,4.316406249999960032e-03,1.107421874999995129e-04
2.276000000000000570e-04,4.218750000000270894e-03,5.859374999999961836e-05
2.278000000000000619e-04,4.238281250000031086e-03,9.238281249999980016e-05
2.280000000000000126e-04,4.062499999999857891e-03,7.539062500000123790e-05
2.282000000000000174e-04,4.042968750000097700e-03,9.101562499999864969e-05
2.284000000000000223e-04,4.394531249999777955e-03,8.515625000000016237e-05
2.286000000000000271e-04,4.238281250000031086e-03,9.238281249999980016e-05
2.288000000000000320e-04,3.984374999999817923e-03,1.275390624999976630e-04
2.290000000000000369e-04,4.316406249999960032e-03,1.343749999999999459e-04
2.292000000000000417e-04,3.984374999999706901e-03,1.755859375000001776e-04
2.294000000000000466e-04,3.945312499999964473e-03,1.074218750000011796e-04
2.296000000000000514e-04,4.140625000000008882e-03,1.138671875000000361e-04
2.298000000000000563e-04,4.355468749999924505e-03,8.789062500000072858e-05
2.300000000000000612e-04,4.316406250000182077e-03,1.667968749999998446e-04
2.302000000000000118e-04,4.042968749999875655e-03,1.416015624999969816e-04
2.304000000000000167e-04,4.570312499999840128e-03,1.759765624999992673e-04
2.306000000000000215e-04,4.199218749999955591e-03,1.976562500000007827e-04
2.308000000000000264e-04,4.179687499999862332e-03,1.986328125000002415e-04
2.310000000000000313e-04,3.984374999999928946e-03,1.931640624999999764e-04
2.312000000000000361e-04,4.355468749999813483e-03,1.810546875000013101e-04
2.314000000000000410e-04,4.121093749999915623e-03,1.751953124999984859e-04
2.316000000000000458e-04,4.179687500000084377e-03,1.498046874999986802e-04
2.318000000000000507e-04,4.042968749999986677e-03,1.443359375000001499e-04
2.320000000000000556e-04,4.277343749999884537e-03,1.337890625000004441e-04
2.322000000000000604e-04,4.257812499999902300e-03,1.326171874999988384e-04
2.324000000000000111e-04,3.808593749999866773e-03,1.900390624999994532e-04
2.326000000000000159e-04,4.140625000000008882e-03,1.619140624999999487e-04
2.328000000000000208e-04,4.238281249999920064e-03,2.714843750000004580e-04
2.330000000000000257e-04,4.433593749999853451e-03,1.466796874999998918e-04
2.332000000000000305e-04,3.906249999999888978e-03,2.164062500000004524e-04
2.334000000000000354e-04,4.179687500000195399e-03,1.374999999999996017e-04
2.336000000000000403e-04,4.199218750000066613e-03,1.679687499999997155e-04
2.338000000000000451e-04,4.101562500000155431e-03,1.589843749999998376e-04
2.340000000000000500e-04,4.335937500000053291e-03,1.345703124999994907e-04
2.342000000000000548e-04,4.218750000000159872e-03,1.451171875000000638e-04
2.344000000000000597e-04,4.003906249999800160e-03,1.572265624999995975e-04
2.346000000000000103e-04,4.296874999999977796e-03,1.638671875000006009e-04
2.348000000000000152e-04,4.121093749999915623e-03,1.494140624999978559e-04
2.350000000000000201e-04,3.964843750000057732e-03,1.615234374999999917e-04
2.352000000000000249e-04,4.257812499999791278e-03,2.279296875000004843e-04
2.354000000000000298e-04,4.492187499999800160e-03,9.394531249999962808e-05
2.356000000000000347e-04,4.550781249999857891e-03,1.087890624999997280e-04
2.358000000000000395e-04,4.492187499999911182e-03,9.179687500000029837e-05
2.360000000000000444e-04,3.867187500000035527e-03,6.718749999999867190e-05
2.362000000000000492e-04,3.964843749999724665e-03,1.335937500000008993e-04
2.364000000000000541e-04,4.062499999999857891e-03,7.421874999999182598e-06
2.366000000000000590e-04,4.335937499999831246e-03,1.933593749999917150e-05
2.368000000000000638e-04,4.355468750000035527e-03,5.644531249999942130e-05
2.370000000000000145e-04,4.062499999999968914e-03,7.285156249999934913e-05
2.372000000000000193e-04,3.828124999999849010e-03,1.281250000000006342e-04
2.374000000000000242e-04,4.414062499999760192e-03,1.185546875000003872e-04
2.376000000000000291e-04,4.414062499999760192e-03,1.392578124999981071e-04
2.378000000000000339e-04,4.101562500000044409e-03,1.316406249999993797e-04
2.380000000000000388e-04,3.964843750000057732e-03,7.597656250000073969e-05
2.382000000000000436e-04,3.964843749999946709e-03,8.535156249999797246e-05
2.384000000000000485e-04,4.296874999999866773e-03,9.023437499999873573e-05
2.386000000000000534e-04,4.667968749999973355e-03,4.179687499999973355e-05
2.388000000000000582e-04,4.472656250000039968e-03,7.089843749999869688e-05
2.390000000000000631e-04,4.375000000000017764e-03,-2.441406249999861222e-05
2.392000000000000679e-04,3.945312499999853451e-03,5.078125000001175449e-06
2.394000000000000728e-04,4.042968749999875655e-03,3.515624999999786282e-05
2.396000000000000777e-04,4.433593749999853451e-03,5.800781249999924921e-05
2.398000000000000825e-04,4.179687500000084377e-03,6.542968749999843181e-05
2.400000000000000874e-04,4.199218749999844569e-03,3.984374999999908129e-05
2.401999999999999838e-04,4.277343749999884537e-03,-4.492187500000806299e-06
2.403999999999999887e-04,4.394531249999555911e-03,-2.499999999999984873e-05
2.405999999999999936e-04,4.199218749999955591e-03,-3.515625000000480171e-06
2.407999999999999984e-04,4.199218749999733546e-03,-5.039062499999965444e-05
2.410000000000000033e-04,4.218749999999715783e-03,-1.660156250000034001e-05
2.412000000000000081e-04,4.042968749999986677e-03,2.246093749999882733e-05
2.414000000000000130e-04,4.238281249999809042e-03,-2.148437500001064426e-06
2.416000000000000179e-04,4.492187499999911182e-03,9.921875000000034833e-05
2.418000000000000227e-04,4.179687499999862332e-03,-3.300781250000113520e-05
2.420000000000000276e-04,4.453124999999946709e-03,5.664062499999983347e-05
2.422000000000000325e-04,4.238281249999809042e-03,8.789062499999899386e-05
2.424000000000000373e-04,4.199218749999733546e-03,4.550781250000062589e-05
2.426000000000000422e-04,4.218749999999937828e-03,3.496093750000092010e-05
2.428000000000000470e-04,4.160156249999769074e-03,3.906249999990896171e-07
2.430000000000000519e-04,4.257812500000013323e-03,5.078125000000308087e-06
2.432000000000000568e-04,4.023437499999893419e-03,-2.480468749999943656e-05
2.434000000000000616e-04,4.531249999999764633e-03,3.007812500000015682e-05
2.436000000000000665e-04,4.121093749999915623e-03,2.460937499999989175e-05
2.438000000000000713e-04,4.374999999999906741e-03,1.091796874999996850e-04
2.440000000000000762e-04,4.121093749999804601e-03,3.535156250000000971e-05
2.442000000000000811e-04,4.394531249999888978e-03,3.085937500000007078e-05
2.444000000000000859e-04,3.730468749999937828e-03,4.394531250000166533e-05
2.446000000000000908e-04,4.433593750000186517e-03,1.191406249999912154e-05
2.447999999999999872e-04,4.257812500000013323e-03,1.015624999999974881e-05
2.449999999999999921e-04,4.003906249999911182e-03,2.343750000000609235e-06
2.451999999999999970e-04,4.140624999999786837e-03,1.367187499998548383e-06
2.454000000000000018e-04,4.355468750000035527e-03,-2.753906250000087014e-05
2.456000000000000067e-04,4.296874999999866773e-03,-1.562499999999914652e-05
2.458000000000000115e-04,4.453124999999946709e-03,-8.398437499999508726e-06
2.460000000000000164e-04,4.257812499999791278e-03,-3.320312499999981265e-05
2.462000000000000213e-04,4.082031249999951150e-03,6.621093749999834577e-05
2.464000000000000261e-04,4.335937499999942268e-03,3.847656250000053291e-05
2.466000000000000310e-04,3.984374999999928946e-03,3.027343750000143635e-05
2.468000000000000358e-04,4.414062499999760192e-03,-1.621093750000211775e-05
2.470000000000000407e-04,4.257812500000013323e-03,1.503906249999877737e-05
2.472000000000000456e-04,4.179687500000084377e-03,3.144531250000043993e-05
2.474000000000000504e-04,4.355468749999813483e-03,-1.894531250000008188e-05
2.476000000000000553e-04,4.296875000000088818e-03,-4.746093750000127814e-05
2.478000000000000601e-04,4.218749999999937828e-03,-2.890624999999941852e-05
2.480000000000000650e-04,4.492187499999800160e-03,-3.964843750000040384e-05
2.482000000000000699e-04,4.472656249999817923e-03,-3.007812500000015682e-05
2.484000000000000747e-04,4.121093750000026645e-03,-2.617187500000145439e-05
2.486000000000000796e-04,4.082031249999840128e-03,-1.386718749999977379e-05
2.488000000000000845e-04,4.101562500000044409e-03,-1.113281249999920758e-05
2.490000000000000893e-04,4.199218750000066613e-03,4.687500000000351108e-06
2.491999999999999858e-04,4.101562500000044409e-03,-3.339843749999935746e-05
2.493999999999999906e-04,4.277343749999884537e-03,-2.695312499999876626e-05
2.495999999999999955e-04,4.121093749999915623e-03,-3.632812499999860112e-05
2.498000000000000003e-04,4.472656250000150990e-03,-6.933593750000147105e-05
2.500000000000000052e-04,4.101562499999711342e-03,-6.191406249999881900e-05
2.502000000000000101e-04,4.277343749999995559e-03,-9.941406249999989314e-05
2.504000000000000149e-04,4.160156249999991118e-03,-4.316406250000001665e-05
2.506000000000000198e-04,4.316406249999960032e-03,3.320312500000068001e-05
2.508000000000000246e-04,4.355468749999813483e-03,-7.871093750000130590e-05
2.510000000000000295e-04,4.238281249999809042e-03,-4.628906250000053985e-05
2.512000000000000344e-04,4.511718749999893419e-03,-5.507812500000000555e-05
2.514000000000000392e-04,4.199218749999844569e-03,-7.441406249999917705e-05
2.516000000000000441e-04,4.160156250000102141e-03,-1.060546875000000291e-04
2.518000000000000490e-04,4.082031249999840128e-03,-8.496093750000061756e-05
2.520000000000000538e-04,3.906250000000222045e-03,-3.828124999999838601e-05
2.522000000000000587e-04,4.374999999999906741e-03,-6.972656250000056066e-05
2.524000000000000635e-04,4.101562499999822364e-03,-7.910156249999952816e-05
2.526000000000000684e-04,4.355468749999924505e-03,-4.648437500000095202e-05
2.528000000000000733e-04,4.609375000000026645e-03,-3.867187500000094508e-05
2.530000000000000781e-04,4.121093750000026645e-03,-4.589843749999971551e-05
2.532000000000000830e-04,4.238281249999920064e-03,3.535156250000000971e-05
2.534000000000000878e-04,4.257812500000013323e-03,-3.632812500000120320e-05
2.536000000000000927e-04,4.140624999999675815e-03,-3.671875000000116018e-05
2.537999999999999892e-04,3.984375000000150990e-03,-1.119140625000002512e-04
2.539999999999999940e-04,4.003906250000022204e-03,-8.300781249999736322e-05
2.541999999999999989e-04,4.042968749999875655e-03,-6.523437499999888700e-05
2.544000000000000037e-04,4.277343750000217604e-03,-5.644531249999855393e-05
2.546000000000000086e-04,4.335937500000164313e-03,1.484375000000009992e-05
2.548000000000000135e-04,4.199218749999955591e-03,5.332031250000063283e-05
2.550000000000000183e-04,4.316406249999849010e-03,-2.773437499999954758e-05
2.552000000000000232e-04,4.316406249999737987e-03,4.238281249999923533e-05
2.554000000000000280e-04,4.042968749999986677e-03,-2.148437499998462341e-06
2.556000000000000329e-04,4.355468750000035527e-03,5.273437500000026368e-05
2.558000000000000378e-04,4.140624999999786837e-03,1.328125000000027200e-05
2.560000000000000426e-04,4.238281249999586997e-03,3.515625000000480171e-06
2.562000000000000475e-04,3.925781249999760192e-03,-1.152343750000089928e-05
2.564000000000000523e-04,4.277343749999884537e-03,-2.187499999999932554e-05
2.566000000000000572e-04,4.003906250000022204e-03,8.398437499998641365e-06
2.568000000000000621e-04,4.101562499999933387e-03,4.609375000000012768e-05
2.570000000000000669e-04,4.257812499999902300e-03,1.203125000000006273e-04
2.572000000000000718e-04,4.121093750000026645e-03,7.617187499999941713e-05
2.574000000000000767e-04,3.945312499999964473e-03,6.386718750000033862e-05
2.576000000000000815e-04,4.257812500000013323e-03,3.789062499999929640e-05
2.578000000000000864e-04,4.511718750000004441e-03,3.261718750000117822e-05
2.580000000000000912e-04,4.257812499999680256e-03,3.593750000000124623e-05
2.581999999999999877e-04,4.277343749999884537e-03,6.445312500000070777e-05
2.583999999999999925e-04,4.121093750000026645e-03,6.367187499999992645e-05
2.585999999999999974e-04,4.257812499999791278e-03,8.789062499999986122e-05
2.588000000000000023e-04,4.023437499999782396e-03,7.617187499999941713e-05
2.590000000000000071e-04,4.316406249999849010e-03,5.644531249999942130e-05
2.592000000000000120e-04,4.414062499999871214e-03,8.652343749999957812e-05
2.594000000000000168e-04,4.257812499999902300e-03,1.158203125000006883e-04
2.596000000000000217e-04,4.296875000000088818e-03,1.072265625000016348e-04
2.598000000000000266e-04,4.316406249999960032e-03,9.414062499999917288e-05
2.600000000000000314e-04,4.414062499999982236e-03,1.029296875000003733e-04
2.602000000000000363e-04,4.335937499999831246e-03,6.992187499999923811e-05
2.604000000000000412e-04,4.062499999999968914e-03,8.203124999999877182e-05
2.606000000000000460e-04,4.062499999999968914e-03,1.230468749999985914e-04
2.608000000000000509e-04,4.335937499999942268e-03,1.390625000000002970e-04
2.610000000000000557e-04,4.179687499999862332e-03,1.529296875000009381e-04
2.612000000000000606e-04,4.199218749999844569e-03,1.478515624999997627e-04
2.614000000000000655e-04,4.257812499999791278e-03,1.662109374999977407e-04
2.616000000000000703e-04,4.316406249999960032e-03,1.248046875000014336e-04
2.618000000000000752e-04,4.687499999999955591e-03,1.523437499999988343e-04
2.620000000000000800e-04,4.375000000000128786e-03,1.867187499999985179e-04
2.622000000000000849e-04,4.316406250000071054e-03,2.023437500000002665e-04
2.624000000000000898e-04,4.414062499999871214e-03,1.185546875000003872e-04
2.625999999999999862e-04,4.121093749999915623e-03,8.671874999999825556e-05
2.627999999999999911e-04,4.374999999999684697e-03,9.843750000000216910e-05
2.629999999999999959e-04,4.335937499999942268e-03,1.103515625000004233e-04
2.632000000000000008e-04,4.296874999999977796e-03,1.443359375000010172e-04
2.634000000000000057e-04,4.414062499999649170e-03,1.435546875000002359e-04
2.636000000000000105e-04,4.414062499999760192e-03,1.828125000000006828e-04
2.638000000000000154e-04,4.257812499999902300e-03,1.783203124999990091e-04
2.640000000000000202e-04,4.433593749999964473e-03,1.570312499999991854e-04
2.642000000000000251e-04,3.984374999999928946e-03,1.615234375000008590e-04
2.644000000000000300e-04,4.550781249999857891e-03,1.689453124999991743e-04
2.646000000000000348e-04,4.414062499999982236e-03,1.316406250000002470e-04
2.648000000000000397e-04,3.886718750000017764e-03,1.115234374999994268e-04
2.650000000000000445e-04,4.199218749999955591e-03,6.074218749999981543e-05
2.652000000000000494e-04,3.964843750000057732e-03,8.749999999999990424e-05
2.654000000000000543e-04,4.414062499999871214e-03,1.019531249999983125e-04
2.656000000000000591e-04,4.218749999999826805e-03,7.421875000000049960e-05
2.658000000000000640e-04,3.964843749999946709e-03,1.408203125000005371e-04
2.660000000000000689e-04,4.101562499999711342e-03,1.226562499999995018e-04
2.662000000000000737e-04,4.570312499999840128e-03,2.044921875000013309e-04
2.664000000000000786e-04,4.179687499999751310e-03,1.609374999999987552e-04
2.666000000000000834e-04,4.589843749999933387e-03,1.203125000000006273e-04
2.668000000000000883e-04,4.218749999999937828e-03,1.402343749999993006e-04
2.670000000000000932e-04,4.394531250000333067e-03,8.203125000000050654e-05
2.671999999999999896e-04,4.121093749999915623e-03,6.367187499999905909e-05
2.673999999999999945e-04,4.335937499999942268e-03,4.257812500000051487e-05
2.675999999999999993e-04,4.570312499999951150e-03,4.746093749999954342e-05
2.678000000000000042e-04,4.375000000000017764e-03,6.738281250000081879e-05
2.680000000000000090e-04,3.906249999999888978e-03,4.570312499999930334e-05
2.682000000000000139e-04,4.511718750000004441e-03,1.093750000000009645e-04
2.684000000000000188e-04,4.492187500000022204e-03,6.210937499999923117e-05
2.686000000000000236e-04,4.335937500000053291e-03,1.289062499999996808e-04
2.688000000000000285e-04,4.492187500000022204e-03,1.093749999999879541e-05
2.690000000000000334e-04,4.140624999999897859e-03,3.652343749999901329e-05
2.692000000000000382e-04,4.140624999999897859e-03,-8.789062499999465705e-06
2.694000000000000431e-04,4.589843750000044409e-03,-3.574218750000083406e-05
2.696000000000000479e-04,4.082031249999729106e-03,2.031249999999949762e-05
2.698000000000000528e-04,4.570312500000062172e-03,-3.886718749999875516e-05
2.700000000000000577e-04,4.355468749999813483e-03,-5.859375000001089406e-06
2.702000000000000625e-04,4.179687499999751310e-03,-1.152343750000003192e-05
2.704000000000000674e-04,4.355468749999813483e-03,2.812500000000037192e-05
2.706000000000000722e-04,4.375000000000017764e-03,-5.273437499999852895e-06
2.708000000000000771e-04,4.277343749999995559e-03,-4.101562499998247235e-06
2.710000000000000820e-04,4.375000000000128786e-03,-8.749999999999990424e-05
2.712000000000000868e-04,3.867187499999813483e-03,-1.007812500000001762e-04
2.714000000000000917e-04,4.121093749999915623e-03,-1.199218749999998029e-04
2.715999999999999881e-04,4.160156249999658051e-03,-2.597656250000017486e-05
2.717999999999999930e-04,4.550781250000079936e-03,-5.800781250000011657e-05
2.719999999999999979e-04,4.492187499999911182e-03,-4.101562499999981959e-05
2.722000000000000027e-04,4.374999999999906741e-03,-6.894531249999977934e-05
2.724000000000000076e-04,4.414062499999871214e-03,-1.152343750000003192e-04
2.726000000000000124e-04,4.511718749999893419e-03,-1.007812500000010436e-04
2.728000000000000173e-04,4.023437499999782396e-03,-9.531249999999991118e-05
2.730000000000000222e-04,4.355468749999813483e-03,-1.007812499999993089e-04
2.732000000000000270e-04,4.726562499999920064e-03,-9.394531249999876071e-05
2.734000000000000319e-04,4.570312499999951150e-03,-1.349609375000003150e-04
2.736000000000000367e-04,4.199218749999733546e-03,-1.609374999999987552e-04
2.738000000000000416e-04,4.355468749999924505e-03,-1.642578124999996905e-04
2.740000000000000465e-04,4.550781249999968914e-03,-1.562500000000001388e-04
2.742000000000000513e-04,3.945312499999964473e-03,-1.087890625000005954e-04
2.744000000000000562e-04,4.238281250000142109e-03,-1.099609374999987316e-04
2.746000000000000611e-04,4.355468749999924505e-03,-1.458984374999999778e-04
2.748000000000000659e-04,4.296874999999755751e-03,-1.671875000000024036e-04
2.750000000000000708e-04,4.296874999999866773e-03,-1.720703124999996975e-04
2.752000000000000756e-04,4.082031249999951150e-03,-1.314453125000015696e-04
2.754000000000000805e-04,4.062499999999857891e-03,-1.562500000000010061e-04
2.756000000000000854e-04,4.414062499999982236e-03,-1.136718750000013586e-04
2.758000000000000902e-04,4.375000000000017764e-03,-1.029296875000003733e-04
2.759999999999999867e-04,4.121093749999915623e-03,-1.867187500000011199e-04
2.761999999999999915e-04,3.964843749999946709e-03,-1.876953124999997113e-04
2.763999999999999964e-04,4.121093750000026645e-03,-1.242187500000010644e-04
2.766000000000000012e-04,4.296874999999866773e-03,-1.455078124999991535e-04
2.768000000000000061e-04,4.218749999999937828e-03,-1.146484374999999500e-04
2.770000000000000110e-04,4.042968749999875655e-03,-9.160156249999988620e-05
2.772000000000000158e-04,4.121093749999915623e-03,-1.335937499999991646e-04
2.774000000000000207e-04,4.511718750000226485e-03,-1.585937500000016154e-04
2.776000000000000256e-04,4.179687499999862332e-03,-8.906249999999973216e-05
2.778000000000000304e-04,4.316406250000071054e-03,-1.515624999999989203e-04
2.780000000000000353e-04,4.355468749999924505e-03,-7.773437500000097977e-05
2.782000000000000401e-04,4.199218749999844569e-03,-3.691406249999897027e-05
2.784000000000000450e-04,4.433593749999964473e-03,-9.394531250000136280e-05
2.786000000000000499e-04,4.335937500000053291e-03,-1.009765625000005884e-04
2.788000000000000547e-04,4.375000000000017764e-03,-1.314453125000007022e-04
2.790000000000000596e-04,4.238281249999809042e-03,-4.179687500000060091e-05
2.792000000000000644e-04,4.218749999999826805e-03,-6.875000000000110190e-05
2.794000000000000693e-04,4.277343749999773515e-03,-6.210937500000009853e-05
2.796000000000000742e-04,4.414062499999760192e-03,-3.691406249999810291e-05
2.798000000000000790e-04,4.550781250000079936e-03,-9.257812499999934497e-05
2.800000000000000839e-04,4.433593750000075495e-03,-4.492187499997336853e-06
2.802000000000000888e-04,4.160156249999880096e-03,-8.632812500000003331e-05
2.804000000000000936e-04,3.964843750000057732e-03,5.859374999995017874e-07
2.805999999999999901e-04,4.023437499999782396e-03,-3.476562500000050793e-05
2.807999999999999949e-04,4.414062499999871214e-03,-1.113281250000007494e-05
2.809999999999999998e-04,4.394531249999888978e-03,2.265624999999923950e-05
2.812000000000000046e-04,4.179687499999862332e-03,2.988281250000061201e-05
2.814000000000000095e-04,4.218749999999937828e-03,6.425781250000029560e-05
2.816000000000000144e-04,4.316406250000182077e-03,2.031249999999863026e-05
2.818000000000000192e-04,4.277343749999995559e-03,5.507812500000000555e-05
2.820000000000000241e-04,4.550781249999968914e-03,4.472656249999897721e-05
2.822000000000000289e-04,4.355468750000035527e-03,3.378906249999931444e-05
2.824000000000000338e-04,4.199218750000066613e-03,2.734375000000045797e-05
2.826000000000000387e-04,4.023437500000115463e-03,1.582031249999869132e-05
2.828000000000000435e-04,4.140624999999786837e-03,2.949218749999978767e-05
2.830000000000000484e-04,4.335937499999831246e-03,8.535156250000057454e-05
2.832000000000000533e-04,3.964843750000057732e-03,1.080078124999980793e-04
2.834000000000000581e-04,4.277343749999995559e-03,1.214843750000013656e-04
2.836000000000000630e-04,4.160156249999991118e-03,1.349609375000011824e-04
2.838000000000000678e-04,4.238281249999920064e-03,1.031249999999990508e-04
2.840000000000000727e-04,4.062499999999968914e-03,1.066406250000003983e-04
2.842000000000000776e-04,4.277343749999884537e-03,5.976562499999948930e-05
2.844000000000000824e-04,4.238281250000031086e-03,6.230468749999877598e-05
2.846000000000000873e-04,4.433593750000075495e-03,1.119140624999993838e-04
2.848000000000000921e-04,4.179687499999751310e-03,5.449218749999963640e-05
2.849999999999999886e-04,4.570312499999729106e-03,1.125000000000006203e-04
2.851999999999999934e-04,4.179687500000084377e-03,1.289062499999988134e-04
2.853999999999999983e-04,4.218749999999715783e-03,1.451171874999991965e-04
2.856000000000000032e-04,4.550781250000079936e-03,1.058593749999987496e-04
2.858000000000000080e-04,4.414062499999871214e-03,1.566406250000000958e-04
2.860000000000000129e-04,4.433593749999853451e-03,1.460937499999995226e-04
2.862000000000000178e-04,4.257812500000013323e-03,9.003906249999919092e-05
2.864000000000000226e-04,4.140625000000008882e-03,1.398437500000010783e-04
2.866000000000000275e-04,4.179687499999862332e-03,1.562500000000001388e-04
2.868000000000000323e-04,4.375000000000017764e-03,9.238281249999980016e-05
2.870000000000000372e-04,4.277343750000106581e-03,1.220703125000008674e-04
2.872000000000000421e-04,4.218749999999937828e-03,1.078125000000002692e-04
2.874000000000000469e-04,4.374999999999795719e-03,1.501953125000003719e-04
2.876000000000000518e-04,4.335937499999831246e-03,1.595703125000010741e-04
2.878000000000000566e-04,4.453124999999724665e-03,1.849609375000000125e-04
2.880000000000000615e-04,4.121093750000026645e-03,1.615234374999999917e-04
2.882000000000000664e-04,4.433593749999742428e-03,1.146484374999999500e-04
2.884000000000000712e-04,4.296874999999644729e-03,1.306640625000007883e-04
2.886000000000000761e-04,4.472656249999928946e-03,1.236328125000006953e-04
2.888000000000000810e-04,4.023437499999782396e-03,1.156249999999994088e-04
2.890000000000000858e-04,4.277343750000106581e-03,9.179687499999856365e-05
2.892000000000000907e-04,3.925781249999760192e-03,8.964843749999923395e-05
2.894000000000000955e-04,4.335937500000053291e-03,9.355468750000140582e-05
2.895999999999999920e-04,4.531249999999875655e-03,1.318359374999989245e-04
2.897999999999999968e-04,4.199218750000066613e-03,6.894531249999977934e-05
2.900000000000000017e-04,4.218749999999937828e-03,1.318359375000006592e-04
2.902000000000000066e-04,4.296874999999866773e-03,1.349609375000011824e-04
2.904000000000000114e-04,4.296874999999977796e-03,1.595703124999993394e-04
2.906000000000000163e-04,4.453124999999835687e-03,9.550781250000032335e-05
2.908000000000000211e-04,3.886718750000128786e-03,4.003906250000122818e-05
2.910000000000000260e-04,4.472656249999928946e-03,4.843749999999900219e-05
2.912000000000000309e-04,4.218749999999826805e-03,3.320312500000068001e-05
2.914000000000000357e-04,4.414062499999871214e-03,1.035156249999998751e-04
2.916000000000000406e-04,4.355468749999702460e-03,7.187499999999902300e-05
2.918000000000000455e-04,4.062499999999857891e-03,7.109374999999910905e-05
2.920000000000000503e-04,3.945312499999742428e-03,9.003906249999919092e-05
2.922000000000000552e-04,4.199218749999733546e-03,6.953125000000014849e-05
2.924000000000000600e-04,4.335937499999831246e-03,7.285156250000108386e-05
2.926000000000000649e-04,4.062499999999857891e-03,1.076171874999989897e-04
2.928000000000000698e-04,4.062499999999968914e-03,8.925781250000014433e-05
2.930000000000000746e-04,4.042968749999875655e-03,1.111328124999994699e-04
2.932000000000000795e-04,4.238281249999809042e-03,9.375000000000702216e-06
2.934000000000000843e-04,4.082031249999840128e-03,-6.445312499999723832e-06
2.936000000000000892e-04,3.945312499999853451e-03,2.832031249999818201e-05
2.938000000000000941e-04,4.042968749999875655e-03,-1.953125000000652256e-06
2.939999999999999905e-04,4.121093749999693578e-03,7.597656249999987232e-05
2.941999999999999954e-04,4.316406250000071054e-03,3.124999999999916039e-05
2.944000000000000002e-04,4.160156249999991118e-03,8.906249999999973216e-05
2.946000000000000051e-04,4.160156250000102141e-03,1.191406249999998890e-05
2.948000000000000100e-04,4.218750000000048850e-03,7.011718749999965028e-05
2.950000000000000148e-04,4.257812500000124345e-03,3.437499999999968359e-05
2.952000000000000197e-04,4.101562499999822364e-03,3.984374999999994865e-05
2.954000000000000245e-04,4.511718750000115463e-03,5.703125000000065781e-05
2.956000000000000294e-04,4.316406249999960032e-03,1.738281250000112133e-05
2.958000000000000343e-04,4.160156249999880096e-03,-2.324218749999787392e-05
2.960000000000000391e-04,4.199218750000066613e-03,8.203124999999963918e-06
2.962000000000000440e-04,4.316406249999849010e-03,7.617187500001329492e-06
2.964000000000000488e-04,3.964843749999946709e-03,3.261718750000031086e-05
2.966000000000000537e-04,4.433593750000075495e-03,5.039062500000138917e-05
2.968000000000000586e-04,4.101562499999933387e-03,5.351562500000017764e-05
2.970000000000000634e-04,4.257812500000013323e-03,5.175781250000253964e-05
2.972000000000000683e-04,3.886718749999684697e-03,1.699218750000116435e-05
2.974000000000000732e-04,4.589843750000155431e-03,-7.617187500002196854e-06
2.976000000000000780e-04,4.140624999999786837e-03,2.031249999999863026e-05
2.978000000000000829e-04,4.492187499999911182e-03,4.648437499999834993e-05
2.980000000000000877e-04,4.570312500000173195e-03,1.058593749999996170e-04
2.982000000000000926e-04,4.296874999999866773e-03,6.113281249999803768e-05
2.983999999999999890e-04,4.433593750000075495e-03,3.027343749999883427e-05
2.985999999999999939e-04,4.179687499999973355e-03,5.175781249999907019e-05
2.987999999999999988e-04,4.257812499999902300e-03,2.460937500000162648e-05
2.990000000000000036e-04,4.101562499999933387e-03,6.875000000000023453e-05
2.992000000000000085e-04,4.140624999999897859e-03,9.570312500000247025e-06
2.994000000000000133e-04,4.414062500000093259e-03,5.800781250000098394e-05
2.996000000000000182e-04,4.374999999999906741e-03,1.367187500000022898e-05
2.998000000000000231e-04,4.042968749999986677e-03,1.230468750000081324e-05
3.000000000000000279e-04,4.355468750000146549e-03,2.226562499999928252e-05
3.002000000000000328e-04,4.531249999999875655e-03,6.425781250000029560e-05
3.004000000000000377e-04,4.160156249999880096e-03,7.597656249999987232e-05
3.006000000000000425e-04,4.140624999999786837e-03,4.589843750000058287e-05
3.008000000000000474e-04,4.472656249999928946e-03,8.496093749999975020e-05
3.010000000000000522e-04,4.160156249999991118e-03,6.425781249999856087e-05
3.012000000000000571e-04,4.082031250000062172e-03,6.132812500000105194e-05
3.014000000000000620e-04,4.316406250000071054e-03,7.031250000002695066e-06
3.016000000000000668e-04,4.121093749999915623e-03,6.445312499999984041e-05
3.018000000000000717e-04,4.511718750000004441e-03,1.132812500000048711e-05
3.020000000000000765e-04,4.335937499999831246e-03,5.273437499999939632e-05
3.022000000000000814e-04,4.023437499999893419e-03,7.558593749999904798e-05
3.024000000000000863e-04,4.218750000000048850e-03,3.125000000000002776e-05
3.026000000000000911e-04,4.277343750000106581e-03,7.773437500000011241e-05
3.028000000000000960e-04,4.316406249999960032e-03,3.574218750000083406e-05
3.029999999999999924e-04,4.394531249999888978e-03,6.601562499999880096e-05
3.031999999999999973e-04,4.531249999999764633e-03,9.101562500000125178e-05
3.034000000000000022e-04,4.199218749999844569e-03,8.457031249999979322e-05
3.036000000000000070e-04,4.316406249999849010e-03,7.343749999999971828e-05
3.038000000000000119e-04,4.121093749999693578e-03,7.226562499999897998e-05
3.040000000000000167e-04,4.199218749999844569e-03,3.007812500000015682e-05
3.042000000000000216e-04,4.316406250000071054e-03,1.464843750000142247e-05
3.044000000000000265e-04,4.394531249999666933e-03,5.781250000000057176e-05
3.046000000000000313e-04,4.648437500000102141e-03,3.828125000000012074e-05
3.048000000000000362e-04,4.238281249999920064e-03,4.980468750000102002e-05
3.050000000000000410e-04,4.042968749999875655e-03,6.386718749999686917e-05
3.052000000000000459e-04,4.160156249999880096e-03,4.472656249999984457e-05
3.054000000000000508e-04,4.414062499999982236e-03,7.578125000000032752e-05
3.056000000000000556e-04,4.296875000000310862e-03,8.378906249999987926e-05
3.058000000000000605e-04,4.531249999999764633e-03,1.078125000000002692e-04
3.060000000000000654e-04,4.394531250000000000e-03,4.843749999999900219e-05
3.062000000000000702e-04,4.296874999999755751e-03,3.261718749999944350e-05
3.064000000000000751e-04,4.179687500000084377e-03,3.515624999999959754e-05
3.066000000000000799e-04,4.550781249999968914e-03,2.539062499999286682e-06
3.068000000000000848e-04,4.296874999999977796e-03,6.640625000000049266e-05
3.070000000000000897e-04,3.984374999999928946e-03,7.031249999999919509e-05
3.072000000000000945e-04,4.414062499999982236e-03,1.009765624999997211e-04
3.073999999999999910e-04,4.179687499999751310e-03,1.109374999999999251e-04
3.075999999999999958e-04,4.238281249999698019e-03,8.359374999999946709e-05
3.078000000000000007e-04,4.296874999999977796e-03,1.025390624999995490e-04
3.080000000000000055e-04,4.511718749999893419e-03,8.085937500000063560e-05
3.082000000000000104e-04,3.847656249999942268e-03,2.402343749999952260e-05
3.084000000000000153e-04,4.335937500000053291e-03,3.515624999999959754e-05
3.086000000000000201e-04,4.218749999999826805e-03,-6.054687499998899491e-06
3.088000000000000250e-04,4.335937499999831246e-03,-1.289062499999944766e-05
3.090000000000000299e-04,4.394531249999777955e-03,1.835937500000058009e-05
3.092000000000000347e-04,4.179687499999973355e-03,1.328125000000113937e-05
3.094000000000000396e-04,4.355468749999813483e-03,5.214843750000162925e-05
3.096000000000000444e-04,4.628906250000008882e-03,4.394531249999906325e-05
3.098000000000000493e-04,4.296874999999977796e-03,1.042968750000006564e-04
3.100000000000000542e-04,4.589843749999933387e-03,5.195312499999948236e-05
3.102000000000000590e-04,4.433593749999964473e-03,3.105468749999874822e-05
3.104000000000000639e-04,4.199218749999844569e-03,3.261718750000117822e-05
3.106000000000000687e-04,4.277343750000106581e-03,-4.863281250000028172e-05
3.108000000000000736e-04,3.984374999999706901e-03,-7.851562499999829164e-05
3.110000000000000785e-04,4.335937500000053291e-03,-2.675781249999835409e-05
3.112000000000000833e-04,4.218749999999937828e-03,-3.261718750000031086e-05
3.114000000000000882e-04,4.511718749999782396e-03,3.710937500000024980e-06
3.116000000000000930e-04,4.277343749999884537e-03,5.878906250000003053e-05
3.118000000000000979e-04,4.238281249999809042e-03,2.343749999999915345e-05
3.119999999999999944e-04,4.082031250000062172e-03,6.914062500000019151e-05
3.121999999999999992e-04,4.199218749999844569e-03,1.562500000000088124e-05
3.124000000000000041e-04,4.375000000000017764e-03,1.347656249999894945e-05
3.126000000000000089e-04,4.277343749999884537e-03,-7.812500000016486812e-07
3.128000000000000138e-04,4.414062500000093259e-03,-3.125000000001390554e-06
3.130000000000000187e-04,4.414062499999871214e-03,1.367187499999415745e-06
3.132000000000000235e-04,4.433593749999853451e-03,-8.183593750000009437e-05
3.134000000000000284e-04,4.394531249999777955e-03,2.675781249999922146e-05
3.136000000000000332e-04,4.160156249999991118e-03,1.171875000000738298e-06
3.138000000000000381e-04,4.179687499999862332e-03,-1.757812499999372724e-06
3.140000000000000430e-04,4.296874999999977796e-03,1.738281249999851924e-05
3.142000000000000478e-04,4.101562500000044409e-03,4.296874999999960448e-05
3.144000000000000527e-04,4.433593749999964473e-03,1.835937499999971273e-05
3.146000000000000575e-04,4.355468749999813483e-03,-1.367187500000022898e-05
3.148000000000000624e-04,4.394531250000000000e-03,-3.496093750000005274e-05
3.150000000000000673e-04,4.355468750000035527e-03,2.929687500000111022e-05
3.152000000000000721e-04,4.394531249999777955e-03,-2.148437500000110328e-05
3.154000000000000770e-04,4.394531249999888978e-03,2.441406249999947958e-05
3.156000000000000819e-04,4.160156249999991118e-03,-1.445312500000101030e-05
3.158000000000000867e-04,4.550781249999857891e-03,3.320312500000068001e-06
3.160000000000000916e-04,4.355468750000035527e-03,-2.753906250000000278e-05
3.162000000000000964e-04,4.492187500000022204e-03,-1.445312499999927558e-05
3.163999999999999929e-04,4.687500000000066613e-03,1.796874999999975575e-05
3.165999999999999977e-04,4.238281249999920064e-03,5.253906249999811678e-05
3.168000000000000026e-04,4.726562499999920064e-03,1.074218750000011796e-05
3.170000000000000075e-04,4.765624999999773515e-03,2.441406249999861222e-05
3.172000000000000123e-04,4.355468750000035527e-03,-6.250000000000179023e-06
3.174000000000000172e-04,4.160156249999991118e-03,2.089843749999899941e-05
3.176000000000000221e-04,4.433593749999964473e-03,-3.164062500000085210e-05
3.178000000000000269e-04,4.628906250000008882e-03,2.011718749999908545e-05
3.180000000000000318e-04,4.667968749999973355e-03,6.152343750000146411e-05
3.182000000000000366e-04,4.824218750000053291e-03,7.617187500001329492e-06
3.184000000000000415e-04,4.609374999999915623e-03,1.953124999995448086e-07
3.186000000000000464e-04,4.726562499999809042e-03,-1.289062499999944766e-05
3.188000000000000512e-04,4.785156249999977796e-03,4.082031249999854006e-05
3.190000000000000561e-04,4.511718750000004441e-03,5.039062500000138917e-05
3.192000000000000609e-04,4.316406249999849010e-03,5.468750000000004857e-05
3.194000000000000658e-04,4.394531249999777955e-03,2.812500000000037192e-05
3.196000000000000707e-04,4.687500000000066613e-03,1.386718750000064115e-05
3.198000000000000755e-04,4.609374999999804601e-03,-4.140625000000064393e-05
3.200000000000000804e-04,4.374999999999906741e-03,5.468750000001132427e-06
3.202000000000000852e-04,4.374999999999795719e-03,-3.066406249999965861e-05
3.204000000000000901e-04,4.472656249999817923e-03,4.042968749999945044e-05
3.206000000000000950e-04,4.492187499999800160e-03,7.128906249999952122e-05
3.207999999999999914e-04,4.609374999999915623e-03,4.218749999999969053e-05
3.209999999999999963e-04,4.628906250000008882e-03,5.136718749999651112e-05
3.212000000000000011e-04,4.667968749999973355e-03,2.753906250000000278e-05
3.214000000000000060e-04,4.355468749999813483e-03,1.269531249999990286e-05
3.216000000000000109e-04,4.394531250000000000e-03,4.863281250000114908e-05
3.218000000000000157e-04,4.335937499999720224e-03,4.316406249999828193e-05
3.220000000000000206e-04,4.355468749999591438e-03,-6.445312499999723832e-06
3.222000000000000254e-04,4.003906250000022204e-03,2.519531249999765882e-05
3.224000000000000303e-04,4.355468749999813483e-03,-3.261718750000031086e-05
3.226000000000000352e-04,4.550781250000190958e-03,5.996093749999903411e-05
3.228000000000000400e-04,4.277343749999995559e-03,3.496093750000178746e-05
3.230000000000000449e-04,4.121093749999804601e-03,9.140624999999860667e-05
3.232000000000000497e-04,4.804687500000071054e-03,3.769531249999975159e-05
3.234000000000000546e-04,4.374999999999795719e-03,7.851562500000002637e-05
3.236000000000000595e-04,4.492187500000022204e-03,3.457031249999836103e-05
3.238000000000000643e-04,4.589843749999933387e-03,2.792968750000256184e-05
3.240000000000000692e-04,4.238281250000031086e-03,3.613281249999992367e-05
3.242000000000000741e-04,4.746093749999791278e-03,1.582031249999782396e-05
3.244000000000000789e-04,4.531249999999764633e-03,4.140624999999804184e-05
3.246000000000000838e-04,4.414062499999871214e-03,5.566406249999950734e-05
3.248000000000000886e-04,4.472656249999817923e-03,2.558593750000108524e-05
3.250000000000000935e-04,4.667968749999973355e-03,3.339843749999935746e-05
3.252000000000000984e-04,4.394531249999888978e-03,7.226562499999897998e-05
3.253999999999999948e-04,4.570312499999840128e-03,7.519531249999995837e-05
3.255999999999999997e-04,4.316406249999849010e-03,3.320312499999981265e-05
3.258000000000000045e-04,4.746093750000013323e-03,2.148437499999329703e-06
3.260000000000000094e-04,4.296874999999977796e-03,1.640625000000079520e-05
3.262000000000000142e-04,4.511718749999893419e-03,7.402343749999748534e-05
3.264000000000000191e-04,4.453124999999946709e-03,9.375000000000702216e-06
3.266000000000000240e-04,4.648437499999769074e-03,5.644531249999942130e-05
3.268000000000000288e-04,4.414062499999871214e-03,8.984374999999964612e-05
3.270000000000000337e-04,4.433593749999964473e-03,6.503906249999847483e-05
3.272000000000000386e-04,4.687500000000066613e-03,6.562499999999884398e-05
3.274000000000000434e-04,4.472656250000039968e-03,8.476562499999847067e-05
3.276000000000000483e-04,4.746093750000124345e-03,3.183593750000213163e-05
3.278000000000000531e-04,4.531250000000097700e-03,4.062500000000072997e-05
3.280000000000000580e-04,4.667968749999751310e-03,2.226562499999841516e-05
3.282000000000000629e-04,4.863281250000017764e-03,1.582031249999782396e-05
3.284000000000000677e-04,4.765624999999884537e-03,-4.101562499999114597e-06
3.286000000000000726e-04,4.374999999999795719e-03,4.589843749999971551e-05
3.288000000000000774e-04,4.433593749999853451e-03,6.718750000000040662e-05
3.290000000000000823e-04,4.570312500000062172e-03,8.769531249999944905e-05
3.292000000000000872e-04,4.394531250000000000e-03,5.136718749999998057e-05
3.294000000000000920e-04,4.550781249999746869e-03,6.230468749999877598e-05
3.296000000000000969e-04,4.824218749999720224e-03,7.558593750000078271e-05
3.297999999999999933e-04,4.355468749999924505e-03,4.921875000000151823e-05
3.299999999999999982e-04,4.218749999999715783e-03,6.191406250000055372e-05
3.302000000000000031e-04,4.316406249999849010e-03,5.878906249999829581e-05
3.304000000000000079e-04,4.472656250000039968e-03,2.929687500000111022e-05
3.306000000000000128e-04,4.296874999999866773e-03,3.984375000000255074e-05
3.308000000000000176e-04,4.316406249999737987e-03,5.449218749999963640e-05
3.310000000000000225e-04,4.667968749999862332e-03,4.999999999999969746e-05
3.312000000000000274e-04,4.414062499999871214e-03,1.119140624999985165e-04
3.314000000000000322e-04,4.335937500000053291e-03,1.060546875000000291e-04
3.316000000000000371e-04,4.316406249999737987e-03,1.533203125000000278e-04
3.318000000000000419e-04,4.472656250000039968e-03,9.023437500000047046e-05
3.320000000000000468e-04,4.472656249999928946e-03,1.074218749999985775e-04
3.322000000000000517e-04,4.511718750000004441e-03,1.058593750000004843e-04
3.324000000000000565e-04,4.550781249999746869e-03,1.304687499999995087e-04
3.326000000000000614e-04,4.355468749999924505e-03,1.298828125000008743e-04
3.328000000000000663e-04,4.355468749999813483e-03,1.324218750000010283e-04
3.330000000000000711e-04,4.335937499999831246e-03,1.099609374999978642e-04
3.332000000000000760e-04,4.804687499999960032e-03,1.072265624999999001e-04
3.334000000000000808e-04,4.960937500000039968e-03,1.505859374999994615e-04
3.336000000000000857e-04,4.667968749999751310e-03,1.683593749999996725e-04
3.338000000000000906e-04,4.238281250000142109e-03,2.308593750000014627e-04
3.340000000000000954e-04,4.726562500000031086e-03,1.980468749999998723e-04
3.341999999999999919e-04,4.570312499999951150e-03,2.029296874999980335e-04
3.343999999999999967e-04,4.374999999999795719e-03,1.722656249999992423e-04
3.346000000000000016e-04,4.531249999999986677e-03,1.058593750000004843e-04
3.348000000000000064e-04,4.667968749999751310e-03,1.701171874999999126e-04
3.350000000000000113e-04,4.296874999999866773e-03,1.363281250000005981e-04
3.352000000000000162e-04,4.257812499999791278e-03,1.539062499999995295e-04
3.354000000000000210e-04,4.628906250000119904e-03,1.310546874999998779e-04
3.356000000000000259e-04,4.375000000000017764e-03,1.376953125000008812e-04
3.358000000000000308e-04,4.589843749999822364e-03,1.277343750000006772e-04
3.360000000000000356e-04,4.609374999999915623e-03,1.039062499999989647e-04
3.362000000000000405e-04,4.589843749999822364e-03,1.269531249999990286e-04
3.364000000000000453e-04,4.414062499999871214e-03,1.054687499999996600e-04
3.366000000000000502e-04,4.687499999999622524e-03,9.453124999999912986e-05
3.368000000000000551e-04,4.394531249999777955e-03,-2.578124999999889533e-05
3.370000000000000599e-04,4.843750000000035527e-03,4.550781250000062589e-05
3.372000000000000648e-04,4.531249999999875655e-03,-3.945312499999999167e-05
3.374000000000000696e-04,4.374999999999906741e-03,8.398437499999508726e-06
3.376000000000000745e-04,4.375000000000017764e-03,4.492187499999071576e-06
3.378000000000000794e-04,4.472656249999817923e-03,7.753906250000056760e-05
3.380000000000000842e-04,4.453124999999835687e-03,5.703124999999979045e-05
3.382000000000000891e-04,4.531249999999875655e-03,4.882812499999028555e-06
3.384000000000000940e-04,4.238281250000031086e-03,4.140624999999977657e-05
3.386000000000000988e-04,4.374999999999906741e-03,-5.468749999996795619e-06
3.387999999999999953e-04,4.335937499999831246e-03,4.003906249999862610e-05
3.390000000000000001e-04,4.453124999999946709e-03,3.203124999999994171e-05
3.392000000000000050e-04,4.492187499999689138e-03,-9.570312500000247025e-06
3.394000000000000098e-04,4.511718750000115463e-03,5.605468750000033168e-05
3.396000000000000147e-04,4.648437499999991118e-03,2.792968750000169448e-05
3.398000000000000196e-04,4.472656249999817923e-03,3.300781250000026784e-05
3.400000000000000244e-04,4.472656249999817923e-03,5.351562500000191236e-05
3.402000000000000293e-04,4.628906250000008882e-03,1.187500000000016667e-04
3.404000000000000341e-04,4.765624999999884537e-03,1.072265624999981654e-04
3.406000000000000390e-04,4.628906249999786837e-03,1.255859375000004802e-04
3.408000000000000439e-04,3.984375000000039968e-03,6.679687499999871492e-05
3.410000000000000487e-04,4.628906249999897859e-03,9.902343749999993616e-05
3.412000000000000536e-04,4.082031250000062172e-03,9.160156249999901884e-05
3.414000000000000585e-04,4.628906249999786837e-03,7.773437499999924505e-05
3.416000000000000633e-04,4.570312499999840128e-03,1.076171874999989897e-04
3.418000000000000682e-04,4.667968749999973355e-03,7.460937499999958922e-05
3.420000000000000730e-04,4.609374999999693578e-03,5.937500000000039968e-05
3.422000000000000779e-04,4.472656250000150990e-03,3.320312500000154737e-05
3.424000000000000828e-04,4.140625000000008882e-03,6.308593750000215938e-05
3.426000000000000876e-04,4.257812500000013323e-03,5.624999999999987649e-05
3.428000000000000925e-04,4.160156249999880096e-03,1.070312499999994879e-04
3.430000000000000973e-04,4.414062499999871214e-03,1.806640625000013531e-04
3.431999999999999938e-04,4.394531250000000000e-03,1.640624999999992784e-05
3.433999999999999986e-04,4.609374999999915623e-03,7.656250000000110884e-05
3.436000000000000035e-04,4.472656250000039968e-03,8.203124999999963918e-05
3.438000000000000084e-04,4.863281249999795719e-03,1.125000000000006203e-04
3.440000000000000132e-04,4.882812500000000000e-03,1.337890625000013115e-04
3.442000000000000181e-04,4.511718749999893419e-03,1.117187499999998390e-04
3.444000000000000230e-04,4.511718750000004441e-03,1.210937499999979391e-04
3.446000000000000278e-04,4.550781249999968914e-03,1.390624999999994296e-04
3.448000000000000327e-04,4.238281249999809042e-03,1.240234374999980502e-04
3.450000000000000375e-04,4.453124999999835687e-03,1.259765625000013045e-04
3.452000000000000424e-04,4.472656249999817923e-03,1.085937500000001832e-04
3.454000000000000473e-04,4.121093750000137668e-03,9.824218749999828748e-05
3.456000000000000521e-04,4.570312499999840128e-03,1.115234374999985595e-04
3.458000000000000570e-04,4.531249999999875655e-03,8.476562500000107275e-05
3.460000000000000618e-04,4.257812499999791278e-03,1.841796875000009659e-04
3.462000000000000667e-04,4.277343749999884537e-03,1.537109374999999847e-04
3.464000000000000716e-04,4.824218750000053291e-03,1.556640625000006370e-04
3.466000000000000764e-04,4.648437499999769074e-03,1.572265625000013323e-04
3.468000000000000813e-04,4.414062499999871214e-03,1.478515624999997627e-04
3.470000000000000862e-04,4.316406250000071054e-03,1.632812499999984970e-04
3.472000000000000910e-04,4.531250000000097700e-03,1.365234375000001429e-04
3.474000000000000959e-04,4.609375000000026645e-03,1.601562499999997086e-04
3.476000000000001007e-04,4.707031250000048850e-03,1.240234375000015196e-04
3.477999999999999972e-04,4.550781250000079936e-03,1.142578124999999931e-04
3.480000000000000020e-04,4.453124999999946709e-03,9.433593749999785033e-05
3.482000000000000069e-04,4.667968749999973355e-03,8.710937499999994726e-05
3.484000000000000118e-04,4.531249999999986677e-03,1.011718749999992659e-04
3.486000000000000166e-04,4.570312499999951150e-03,1.488281250000018235e-04
3.488000000000000215e-04,4.648437499999880096e-03,1.718749999999992853e-04
3.490000000000000263e-04,4.511718750000004441e-03,1.388671874999990175e-04
3.492000000000000312e-04,4.648437499999880096e-03,1.857421874999999264e-04
3.494000000000000361e-04,4.667968750000084377e-03,1.304687499999986414e-04
3.496000000000000409e-04,4.453124999999835687e-03,1.814453125000021344e-04
3.498000000000000458e-04,4.433593749999742428e-03,1.191406249999990216e-04
3.500000000000000507e-04,4.609374999999915623e-03,1.496093750000000028e-04
3.502000000000000555e-04,4.414062499999871214e-03,5.800781249999838185e-05
3.504000000000000604e-04,4.609374999999915623e-03,1.306640624999990535e-04
3.506000000000000652e-04,4.374999999999906741e-03,1.634765625000006439e-04
3.508000000000000701e-04,4.628906249999897859e-03,1.671874999999989342e-04
3.510000000000000750e-04,4.550781249999968914e-03,2.283203125000004413e-04
3.512000000000000798e-04,4.355468750000035527e-03,2.574218750000011394e-04
3.514000000000000847e-04,4.550781249999857891e-03,2.701171874999984401e-04
3.516000000000000895e-04,4.433593749999853451e-03,2.064453124999985137e-04
3.518000000000000944e-04,4.550781249999857891e-03,1.277343749999998099e-04
3.520000000000000993e-04,4.687499999999955591e-03,1.787109374999998335e-04
3.521999999999999957e-04,4.414062499999982236e-03,2.205078124999995670e-04
3.524000000000000006e-04,4.062499999999968914e-03,2.343750000000002082e-04
3.526000000000000054e-04,4.374999999999795719e-03,2.117187500000001013e-04
3.528000000000000103e-04,4.453124999999835687e-03,2.474609375000000680e-04
3.530000000000000152e-04,4.628906250000008882e-03,2.734375000000011102e-04
3.532000000000000200e-04,4.511718750000004441e-03,2.783203125000001388e-04
3.534000000000000249e-04,4.824218749999942268e-03,2.880859375000025327e-04
3.536000000000000297e-04,4.472656250000039968e-03,3.085937499999989730e-04
3.538000000000000346e-04,4.511718749999893419e-03,3.697265625000004802e-04
3.540000000000000395e-04,4.609374999999804601e-03,2.634765625000009062e-04
3.542000000000000443e-04,4.492187500000022204e-03,3.070312500000000125e-04
3.544000000000000492e-04,4.609375000000026645e-03,2.441406250000000000e-04
3.546000000000000540e-04,4.238281250000031086e-03,3.037109374999990771e-04
3.548000000000000589e-04,4.648437500000102141e-03,3.888671874999992395e-04
3.550000000000000638e-04,4.511718750000115463e-03,4.076171874999989092e-04
3.552000000000000686e-04,3.984374999999928946e-03,4.296875000000012490e-04
3.554000000000000735e-04,4.453125000000057732e-03,4.089843750000000597e-04
3.556000000000000784e-04,4.648437499999991118e-03,4.404296875000004996e-04
3.558000000000000832e-04,4.511718749999893419e-03,4.443359375000009368e-04
3.560000000000000881e-04,4.335937500000053291e-03,4.574218749999981945e-04
3.562000000000000929e-04,4.785156249999977796e-03,4.291015625000008799e-04
3.564000000000000978e-04,4.687499999999955591e-03,5.109375000000009742e-04
3.565999999999999942e-04,4.570312500000062172e-03,4.972656250000016126e-04
3.567999999999999991e-04,4.511718750000115463e-03,5.355468750000017333e-04
3.570000000000000040e-04,4.843750000000035527e-03,5.183593750000001568e-04
3.572000000000000088e-04,4.628906250000119904e-03,5.761718749999998612e-04
3.574000000000000137e-04,4.628906249999786837e-03,6.605468750000001096e-04
3.576000000000000185e-04,4.589843749999933387e-03,7.339843749999998279e-04
3.578000000000000234e-04,4.531250000000097700e-03,7.582031250000006301e-04
3.580000000000000283e-04,4.824218749999942268e-03,7.564453125000003900e-04
3.582000000000000331e-04,4.355468749999924505e-03,8.130859374999993561e-04
3.584000000000000380e-04,4.414062500000093259e-03,7.689453124999998807e-04
3.586000000000000429e-04,4.355468749999924505e-03,8.679687499999998168e-04
3.588000000000000477e-04,4.238281250000031086e-03,8.878906249999993575e-04
3.590000000000000526e-04,4.257812500000013323e-03,9.263671874999990230e-04
3.592000000000000574e-04,4.374999999999906741e-03,9.582031249999994199e-04
3.594000000000000623e-04,4.375000000000128786e-03,9.953124999999988023e-04
3.596000000000000672e-04,4.453124999999946709e-03,1.035937500000000400e-03
3.598000000000000720e-04,4.667968749999640288e-03,1.047656249999999976e-03
3.600000000000000769e-04,4.687499999999844569e-03,1.195703124999999284e-03
3.602000000000000817e-04,4.492187499999911182e-03,1.238867187499999301e-03
3.604000000000000866e-04,4.550781249999968914e-03,1.255859375000000465e-03
3.606000000000000915e-04,4.550781249999968914e-03,1.259179687499999666e-03
3.608000000000000963e-04,4.550781250000190958e-03,1.366601562500000845e-03
3.610000000000001012e-04,4.589843749999822364e-03,1.372070312500000243e-03
3.611999999999999976e-04,4.433593750000075495e-03,1.368945312499999720e-03
3.614000000000000025e-04,4.726562499999920064e-03,1.541601562499999786e-03
3.616000000000000074e-04,4.609374999999915623e-03,1.463085937499998025e-03
3.618000000000000122e-04,4.375000000000017764e-03,1.660351562500001453e-03
3.620000000000000171e-04,4.746093750000124345e-03,1.695703124999999728e-03
3.622000000000000219e-04,4.394531249999777955e-03,1.729882812499999867e-03
3.624000000000000268e-04,4.550781249999857891e-03,1.796875000000000729e-03
3.626000000000000317e-04,4.589843750000044409e-03,1.867773437499998558e-03
3.628000000000000365e-04,4.394531250000000000e-03,1.942578125000001162e-03
3.630000000000000414e-04,4.804687499999960032e-03,1.928320312499998829e-03
3.632000000000000462e-04,4.472656250000150990e-03,1.991601562500000533e-03
3.634000000000000511e-04,4.804687499999849010e-03,2.069140625000000233e-03
3.636000000000000560e-04,4.707031249999937828e-03,2.100195312499998981e-03
3.638000000000000608e-04,4.277343749999995559e-03,2.176953125000000502e-03
3.640000000000000657e-04,4.628906249999786837e-03,2.231640625000000551e-03
3.642000000000000706e-04,4.550781250000079936e-03,2.356054687500000293e-03
3.644000000000000754e-04,4.023437500000004441e-03,2.444140624999999699e-03
3.646000000000000803e-04,4.589843749999933387e-03,2.483203125000000601e-03
3.648000000000000851e-04,4.433593749999964473e-03,2.530859374999999689e-03
3.650000000000000900e-04,4.570312499999951150e-03,2.505273437500001206e-03
3.652000000000000949e-04,3.789062499999884537e-03,2.648437500000000618e-03
3.654000000000000997e-04,4.335937500000053291e-03,2.656054687499999345e-03
3.655999999999999962e-04,4.277343749999773515e-03,2.742773437500001070e-03
3.658000000000000010e-04,4.687499999999844569e-03,2.823632812500000838e-03
3.660000000000000059e-04,4.355468750000146549e-03,2.892773437499997560e-03
3.662000000000000107e-04,4.609374999999804601e-03,3.000781249999999976e-03
3.664000000000000156e-04,4.570312499999951150e-03,3.084570312499999856e-03
3.666000000000000205e-04,4.707031250000048850e-03,3.088476562499999425e-03
3.668000000000000253e-04,4.589843750000155431e-03,3.191992187499998433e-03
3.670000000000000302e-04,4.296874999999866773e-03,3.254101562499998532e-03
3.672000000000000351e-04,4.589843750000044409e-03,3.265039062499999929e-03
3.674000000000000399e-04,4.589843750000155431e-03,3.291992187500000430e-03
3.676000000000000448e-04,4.140624999999897859e-03,3.296679687500000781e-03
3.678000000000000496e-04,4.609374999999804601e-03,3.431835937499998906e-03
3.680000000000000545e-04,4.492187499999911182e-03,3.460937499999999604e-03
3.682000000000000594e-04,4.570312500000173195e-03,3.532617187500000817e-03
3.684000000000000642e-04,4.453124999999946709e-03,3.589062500000000239e-03
3.686000000000000691e-04,4.707031249999937828e-03,3.679882812500001946e-03
3.688000000000000739e-04,4.550781250000190958e-03,3.715625000000001912e-03
3.690000000000000788e-04,4.414062500000204281e-03,3.725781249999999059e-03
3.692000000000000837e-04,4.160156249999991118e-03,3.786914062499999699e-03
3.694000000000000885e-04,4.609375000000137668e-03,3.822656249999999666e-03
3.696000000000000934e-04,4.179687499999973355e-03,3.883398437499998614e-03
3.698000000000000983e-04,4.492187499999911182e-03,3.915234375000000745e-03
3.699999999999999947e-04,4.531250000000097700e-03,3.920117187500001509e-03
3.701999999999999996e-04,4.414062499999871214e-03,4.002539062500000237e-03
3.704000000000000044e-04,4.648437499999769074e-03,4.091015625000000468e-03
3.706000000000000093e-04,4.492187500000244249e-03,4.110351562500001374e-03
3.708000000000000141e-04,4.394531250000000000e-03,4.173046875000000107e-03
3.710000000000000190e-04,4.511718749999893419e-03,4.210156250000001224e-03
3.712000000000000239e-04,4.648437499999880096e-03,4.255859375000001395e-03
3.714000000000000287e-04,4.472656250000039968e-03,4.242773437499998933e-03
3.716000000000000336e-04,4.492187500000133227e-03,4.249218749999999524e-03
3.718000000000000384e-04,4.453124999999946709e-03,4.280273437500000007e-03
3.720000000000000433e-04,4.472656250000039968e-03,4.323632812499999568e-03
3.722000000000000482e-04,4.785156249999977796e-03,4.376562500000000244e-03
3.724000000000000530e-04,4.648437500000102141e-03,4.457617187500000425e-03
3.726000000000000579e-04,4.492187499999800160e-03,4.337695312500000622e-03
3.728000000000000628e-04,4.277343749999884537e-03,4.479687499999998428e-03
3.730000000000000676e-04,4.453124999999946709e-03,4.442578125000000780e-03
3.732000000000000725e-04,4.570312499999729106e-03,4.468749999999999632e-03
3.734000000000000773e-04,4.316406249999849010e-03,4.494335937499998983e-03
3.736000000000000822e-04,4.394531250000111022e-03,4.492187500000000520e-03
3.738000000000000871e-04,4.453124999999946709e-03,4.559179687500000515e-03
3.740000000000000919e-04,4.218749999999826805e-03,4.479492187500000618e-03
3.742000000000000968e-04,4.277343749999995559e-03,4.522851562499997577e-03
3.744000000000001016e-04,4.550781249999968914e-03,4.479687500000000162e-03
3.745999999999999981e-04,4.589843749999933387e-03,4.566015625000001063e-03
3.748000000000000029e-04,4.394531249999888978e-03,4.583398437500001317e-03
3.750000000000000078e-04,4.394531250000000000e-03,4.564843750000000325e-03
3.752000000000000127e-04,4.609375000000026645e-03,4.594140624999999700e-03
3.754000000000000175e-04,4.648437499999880096e-03,4.610351562500000083e-03
3.756000000000000224e-04,4.472656250000039968e-03,4.570898437500000959e-03
3.758000000000000273e-04,4.316406249999960032e-03,4.586328124999999693e-03
3.760000000000000321e-04,4.609374999999915623e-03,4.550976562499998816e-03
3.762000000000000370e-04,4.277343749999773515e-03,4.562500000000001450e-03
3.764000000000000418e-04,4.414062499999871214e-03,4.549218749999999444e-03
3.766000000000000467e-04,4.394531250000000000e-03,4.509960937499998129e-03
3.768000000000000516e-04,4.785156249999866773e-03,4.480078124999999252e-03
3.770000000000000564e-04,4.472656250000039968e-03,4.482421874999999861e-03
3.772000000000000613e-04,4.492187500000133227e-03,4.533007812499999928e-03
3.774000000000000661e-04,4.355468750000035527e-03,4.582421875000000991e-03
3.776000000000000710e-04,4.238281250000031086e-03,4.559179687500001382e-03
3.778000000000000759e-04,4.492187499999911182e-03,4.543945312500002193e-03
3.780000000000000807e-04,4.433593749999742428e-03,4.484960937500000883e-03
3.782000000000000856e-04,4.433593750000075495e-03,4.474218750000001632e-03
3.784000000000000904e-04,4.472656249999928946e-03,4.347851562500002973e-03
3.786000000000000953e-04,4.531249999999875655e-03,4.395703125000000738e-03
3.788000000000001002e-04,4.492187500000244249e-03,4.358007812499999252e-03
3.789999999999999966e-04,4.355468750000035527e-03,4.371093749999999979e-03
3.792000000000000015e-04,4.257812499999791278e-03,4.315625000000000017e-03
3.794000000000000063e-04,4.589843749999933387e-03,4.309960937500000207e-03
3.796000000000000112e-04,4.667968750000084377e-03,4.273242187500000781e-03
3.798000000000000161e-04,4.257812499999902300e-03,4.289453125000000297e-03
3.800000000000000209e-04,4.882812499999777955e-03,4.292578125000001688e-03
3.802000000000000258e-04,4.667968750000084377e-03,4.220507812500001385e-03
3.804000000000000306e-04,4.648437499999880096e-03,4.126953125000000847e-03
3.806000000000000355e-04,4.707031249999826805e-03,4.123632812500000779e-03
3.808000000000000404e-04,4.707031249999715783e-03,4.108789062499999811e-03
3.810000000000000452e-04,4.609374999999915623e-03,4.025781249999999846e-03
3.812000000000000501e-04,4.550781249999746869e-03,3.995703125000001424e-03
3.814000000000000550e-04,4.511718750000004441e-03,3.963867187500000160e-03
3.816000000000000598e-04,4.570312499999840128e-03,3.993359375000000815e-03
3.818000000000000647e-04,4.628906249999786837e-03,3.911523437500000720e-03
3.820000000000000695e-04,4.433593750000075495e-03,3.898046874999999169e-03
3.822000000000000744e-04,4.492187500000022204e-03,3.854296874999999650e-03
3.824000000000000793e-04,4.414062499999871214e-03,3.824023437499999949e-03
3.826000000000000841e-04,4.374999999999906741e-03,3.748046875000000076e-03
3.828000000000000890e-04,4.472656250000039968e-03,3.669726562500000462e-03
3.830000000000000938e-04,4.511718749999893419e-03,3.629882812499998779e-03
3.832000000000000987e-04,4.355468749999813483e-03,3.598828125000000031e-03
3.834000000000001036e-04,4.179687499999973355e-03,3.525195312499999900e-03
3.836000000000000000e-04,4.394531249999777955e-03,3.512695312500001277e-03
3.838000000000000049e-04,4.472656249999928946e-03,3.484375000000001360e-03
3.840000000000000097e-04,4.550781249999857891e-03,3.389648437500000951e-03
3.842000000000000146e-04,4.648437500000213163e-03,3.403124999999997298e-03
3.844000000000000195e-04,4.335937499999831246e-03,3.340234374999999888e-03
3.846000000000000243e-04,4.628906249999897859e-03,3.261914062499998539e-03
3.848000000000000292e-04,4.804687500000071054e-03,3.146289062499999997e-03
3.850000000000000340e-04,4.316406250000071054e-03,3.172460937500000584e-03
3.852000000000000389e-04,4.589843749999933387e-03,3.095703125000001665e-03
3.854000000000000438e-04,4.531249999999764633e-03,3.050781250000002276e-03
3.856000000000000486e-04,4.394531249999888978e-03,2.976171874999999217e-03
3.858000000000000535e-04,4.472656249999817923e-03,2.989257812499999077e-03
3.860000000000000583e-04,4.531249999999986677e-03,2.920117187499998886e-03
3.862000000000000632e-04,4.765624999999995559e-03,2.836718749999999831e-03
3.864000000000000681e-04,4.589843749999933387e-03,2.806445312500000129e-03
3.866000000000000729e-04,4.824218750000053291e-03,2.717382812500001264e-03
3.868000000000000778e-04,4.492187500000022204e-03,2.722070312500000748e-03
3.870000000000000826e-04,4.453124999999946709e-03,2.683398437500000670e-03
3.872000000000000875e-04,4.628906249999897859e-03,2.578906250000000469e-03
3.874000000000000924e-04,4.492187500000022204e-03,2.475976562500001830e-03
3.876000000000000972e-04,4.785156250000088818e-03,2.476757812500001744e-03
3.878000000000001021e-04,4.707031249999826805e-03,2.412695312500000994e-03
3.879999999999999985e-04,4.511718750000004441e-03,2.335156250000001293e-03
3.882000000000000034e-04,4.511718750000004441e-03,2.315429687499998695e-03
3.884000000000000083e-04,4.687499999999844569e-03,2.278515624999998858e-03
3.886000000000000131e-04,4.667968749999973355e-03,2.236914062499999536e-03
3.888000000000000180e-04,4.472656249999928946e-03,2.146093750000000432e-03
3.890000000000000228e-04,4.472656250000039968e-03,2.059765625000001266e-03
3.892000000000000277e-04,4.687500000000177636e-03,2.019921875000000450e-03
3.894000000000000326e-04,4.550781249999857891e-03,1.946484375000001599e-03
3.896000000000000374e-04,4.531250000000097700e-03,1.911718750000000223e-03
3.898000000000000423e-04,4.746093750000124345e-03,1.835156249999999115e-03
3.900000000000000471e-04,4.414062499999871214e-03,1.756640625000000823e-03
3.902000000000000520e-04,4.394531249999777955e-03,1.730078125000001146e-03
3.904000000000000569e-04,4.140625000000119904e-03,1.756640625000000823e-03
3.906000000000000617e-04,4.492187500000022204e-03,1.625976562499999167e-03
3.908000000000000666e-04,4.902343750000093259e-03,1.542578125000000112e-03
3.910000000000000715e-04,4.374999999999795719e-03,1.508398437499999106e-03
3.912000000000000763e-04,4.667968749999862332e-03,1.429687500000000402e-03
3.914000000000000812e-04,4.746093749999902300e-03,1.340234374999998979e-03
3.916000000000000860e-04,4.550781250000079936e-03,1.221093750000000824e-03
3.918000000000000909e-04,4.550781249999968914e-03,1.211718750000000989e-03
3.920000000000000958e-04,4.707031249999937828e-03,1.195117187500000649e-03
3.922000000000001006e-04,4.492187500000022204e-03,1.166015624999999951e-03
3.923999999999999971e-04,4.765624999999995559e-03,1.067968749999999474e-03
3.926000000000000019e-04,4.453124999999946709e-03,1.024023437499999543e-03
3.928000000000000068e-04,4.667968749999862332e-03,9.251953125000000194e-04
3.930000000000000117e-04,4.550781249999857891e-03,8.501953124999996059e-04
3.932000000000000165e-04,4.472656249999928946e-03,7.943359375000014211e-04
3.934000000000000214e-04,4.335937499999942268e-03,7.468749999999984082e-04
3.936000000000000262e-04,4.531249999999875655e-03,6.416015625000000278e-04
3.938000000000000311e-04,4.335937499999831246e-03,6.082031249999998029e-04
3.940000000000000360e-04,4.121093749999915623e-03,5.117187499999991535e-04
3.942000000000000408e-04,4.628906249999897859e-03,4.021484374999995115e-04
3.944000000000000457e-04,4.550781250000190958e-03,4.060546874999990813e-04
3.946000000000000505e-04,4.707031249999937828e-03,3.771484375000005301e-04
3.948000000000000554e-04,4.414062500000093259e-03,3.435546875000016279e-04
3.950000000000000603e-04,4.667968749999862332e-03,2.218749999999989828e-04
3.952000000000000651e-04,4.355468749999813483e-03,1.376953124999991465e-04
3.954000000000000700e-04,4.355468749999924505e-03,6.406249999999814870e-05
3.956000000000000748e-04,4.550781249999857891e-03,-4.101562499999981959e-05
3.958000000000000797e-04,4.550781249999968914e-03,-1.005859374999997641e-04
3.960000000000000846e-04,4.433593749999964473e-03,-1.187499999999990646e-04
3.962000000000000894e-04,4.609374999999804601e-03,-2.404296875000017097e-04
3.964000000000000943e-04,4.531249999999653610e-03,-3.707031249999990716e-04
3.966000000000000992e-04,4.414062499999871214e-03,-3.708984375000003511e-04
3.968000000000001040e-04,4.550781249999857891e-03,-4.500000000000024813e-04
3.970000000000000005e-04,4.453124999999835687e-03,-5.328124999999994324e-04
3.972000000000000053e-04,4.667968749999973355e-03,-5.095703125000006911e-04
3.974000000000000102e-04,4.707031249999937828e-03,-6.347656250000003469e-04
3.976000000000000150e-04,4.687500000000066613e-03,-7.597656249999995906e-04
3.978000000000000199e-04,4.277343749999884537e-03,-8.449218749999988856e-04
3.980000000000000248e-04,4.492187499999911182e-03,-8.812500000000000888e-04
3.982000000000000296e-04,4.707031250000159872e-03,-9.806640624999991146e-04
3.984000000000000345e-04,4.355468750000146549e-03,-1.045703124999999324e-03
3.986000000000000393e-04,4.472656250000150990e-03,-1.105468750000001416e-03
3.988000000000000442e-04,4.472656249999817923e-03,-1.154492187500000787e-03
3.990000000000000491e-04,4.492187500000133227e-03,-1.240039062499999171e-03
3.992000000000000539e-04,4.765624999999995559e-03,-1.360156250000000254e-03
3.994000000000000588e-04,4.648437499999880096e-03,-1.350585937500000874e-03
3.996000000000000637e-04,4.687499999999955591e-03,-1.491015625000001454e-03
3.998000000000000685e-04,4.785156249999977796e-03,-1.515820312500002626e-03
4.000000000000000734e-04,4.531249999999653610e-03,-1.611914062500001583e-03
4.002000000000000782e-04,4.609374999999915623e-03,-1.708203125000000953e-03
4.004000000000000831e-04,4.531249999999764633e-03,-1.753515625000000300e-03
4.006000000000000880e-04,4.335937499999942268e-03,-1.832031250000000326e-03
4.008000000000000928e-04,4.785156249999977796e-03,-1.874609375000000841e-03
4.010000000000000977e-04,4.531250000000097700e-03,-1.956640625000000480e-03
4.012000000000001025e-04,4.648437499999991118e-03,-2.029101562499999872e-03
4.013999999999999990e-04,4.296875000000088818e-03,-2.093750000000000125e-03
4.016000000000000038e-04,4.433593749999853451e-03,-2.137304687500000099e-03
4.018000000000000087e-04,4.667968750000084377e-03,-2.220507812500002211e-03
4.020000000000000136e-04,4.687499999999955591e-03,-2.255273437500000984e-03
4.022000000000000184e-04,4.140624999999897859e-03,-2.289453125000000255e-03
4.024000000000000233e-04,4.199218749999955591e-03,-2.403124999999999879e-03
4.026000000000000282e-04,4.648437499999991118e-03,-2.551757812499999556e-03
4.028000000000000330e-04,4.746093750000013323e-03,-2.533984374999999345e-03
4.030000000000000379e-04,4.570312499999840128e-03,-2.637304687500001410e-03
4.032000000000000427e-04,4.296874999999866773e-03,-2.633789062500000062e-03
4.034000000000000476e-04,4.433593749999853451e-03,-2.666015624999998682e-03
4.036000000000000525e-04,4.374999999999684697e-03,-2.772656250000001682e-03
4.038000000000000573e-04,4.433593749999853451e-03,-2.785937500000000219e-03
4.040000000000000622e-04,4.218749999999826805e-03,-2.793554687500001549e-03
4.042000000000000670e-04,4.179687499999973355e-03,-2.896484375000000187e-03
4.044000000000000719e-04,4.570312499999951150e-03,-2.954492187500001171e-03
4.046000000000000768e-04,4.218750000000048850e-03,-3.096093750000000755e-03
4.048000000000000816e-04,4.648437499999880096e-03,-3.095312499999999974e-03
4.050000000000000865e-04,4.316406249999849010e-03,-3.118554687499999582e-03
4.052000000000000914e-04,4.492187499999800160e-03,-3.236132812499999643e-03
4.054000000000000962e-04,4.375000000000128786e-03,-3.174414062499998634e-03
4.056000000000001011e-04,4.394531250000000000e-03,-3.226171874999999439e-03
4.058000000000001059e-04,4.531249999999986677e-03,-3.260546874999999990e-03
4.060000000000000024e-04,4.355468749999924505e-03,-3.297851562500000652e-03
4.062000000000000072e-04,4.355468749999924505e-03,-3.398632812499999961e-03
4.064000000000000121e-04,4.218749999999826805e-03,-3.428710937499999251e-03
4.066000000000000170e-04,4.316406249999849010e-03,-3.482226562499999428e-03
4.068000000000000218e-04,4.374999999999906741e-03,-3.458984374999999820e-03
4.070000000000000267e-04,4.609374999999915623e-03,-3.589453125000001063e-03
4.072000000000000315e-04,4.433593750000075495e-03,-3.648242187499999359e-03
4.074000000000000364e-04,4.433593749999742428e-03,-3.672070312500001071e-03
4.076000000000000413e-04,4.550781249999857891e-03,-3.674218749999998666e-03
4.078000000000000461e-04,4.687499999999955591e-03,-3.704687499999998780e-03
4.080000000000000510e-04,4.589843749999822364e-03,-3.746679687499999793e-03
4.082000000000000559e-04,4.394531250000000000e-03,-3.674023437499998254e-03
4.084000000000000607e-04,4.433593749999964473e-03,-3.889843750000000940e-03
4.086000000000000656e-04,4.296875000000199840e-03,-3.855273437499999976e-03
4.088000000000000704e-04,4.570312499999840128e-03,-3.966796875000001138e-03
4.090000000000000753e-04,4.609375000000026645e-03,-3.933398437499999178e-03
4.092000000000000802e-04,4.511718750000115463e-03,-3.973437500000002141e-03
4.094000000000000850e-04,4.375000000000128786e-03,-3.948632812499999235e-03
4.096000000000000899e-04,4.257812499999902300e-03,-4.025781249999999846e-03
4.098000000000000947e-04,4.472656250000039968e-03,-4.044726562500000795e-03
4.100000000000000996e-04,4.550781249999746869e-03,-4.089257812499998493e-03
4.102000000000001045e-04,4.394531250000000000e-03,-4.079687500000000848e-03
4.104000000000000009e-04,4.257812500000013323e-03,-4.129687500000001413e-03
4.106000000000000058e-04,4.785156249999866773e-03,-4.171875000000000236e-03
4.108000000000000106e-04,4.277343749999884537e-03,-4.162304687500000856e-03
4.110000000000000155e-04,4.472656249999928946e-03,-4.205468750000001740e-03
4.112000000000000204e-04,4.726562500000031086e-03,-4.245312499999999954e-03
4.114000000000000252e-04,4.648437499999880096e-03,-4.293945312500001103e-03
4.116000000000000301e-04,4.179687499999973355e-03,-4.257812500000000312e-03
4.118000000000000349e-04,4.492187500000133227e-03,-4.251953125000000090e-03
4.120000000000000398e-04,4.140625000000119904e-03,-4.233398437499999098e-03
4.122000000000000447e-04,4.492187499999911182e-03,-4.313867187499999777e-03
4.124000000000000495e-04,4.394531249999888978e-03,-4.338867187500002227e-03
4.126000000000000544e-04,4.414062500000093259e-03,-4.409179687500000555e-03
4.128000000000000592e-04,4.550781249999968914e-03,-4.393750000000000086e-03
4.130000000000000641e-04,4.414062499999760192e-03,-4.403125000000001656e-03
4.132000000000000690e-04,4.199218750000066613e-03,-4.419921874999999806e-03
4.134000000000000738e-04,4.179687499999973355e-03,-4.437499999999999604e-03
4.136000000000000787e-04,4.511718750000004441e-03,-4.450195312500001242e-03
4.138000000000000836e-04,4.589843750000044409e-03,-4.442968750000001604e-03
4.140000000000000884e-04,4.785156249999866773e-03,-4.475585937500001048e-03
4.142000000000000933e-04,4.765624999999773515e-03,-4.503515625000000140e-03
4.144000000000000981e-04,4.375000000000017764e-03,-4.404492187500001071e-03
4.146000000000001030e-04,4.375000000000017764e-03,-4.445312499999999611e-03
4.147999999999999994e-04,4.296875000000199840e-03,-4.512695312500000430e-03
4.150000000000000043e-04,4.531249999999986677e-03,-4.547460937500000938e-03
4.152000000000000092e-04,4.433593749999853451e-03,-4.525195312499999921e-03
4.154000000000000140e-04,4.531249999999875655e-03,-4.540625000000002125e-03
4.156000000000000189e-04,4.042968750000097700e-03,-4.564843749999999457e-03
4.158000000000000237e-04,4.863281250000350830e-03,-4.534179687500001533e-03
4.160000000000000286e-04,4.335937500000053291e-03,-4.600000000000001657e-03
4.162000000000000335e-04,4.218749999999937828e-03,-4.566601562499999697e-03
4.164000000000000383e-04,4.687499999999955591e-03,-4.608007812500001209e-03
4.166000000000000432e-04,4.667968749999862332e-03,-4.617382812499999309e-03
4.168000000000000481e-04,4.277343749999884537e-03,-4.579101562500001790e-03
4.170000000000000529e-04,4.667968749999862332e-03,-4.560742187500001210e-03
4.172000000000000578e-04,4.707031249999604761e-03,-4.516601562500000867e-03
4.174000000000000626e-04,4.570312499999951150e-03,-4.685937499999998264e-03
4.176000000000000675e-04,4.667968749999973355e-03,-4.676171875000000207e-03
4.178000000000000724e-04,4.863281249999906741e-03,-4.705664062499999127e-03
4.180000000000000772e-04,4.433593749999853451e-03,-4.667382812500002476e-03
4.182000000000000821e-04,4.433593749999853451e-03,-4.701171875000000923e-03
4.184000000000000869e-04,4.394531250000000000e-03,-4.707617187500001514e-03
4.186000000000000918e-04,4.316406249999960032e-03,-4.679492187499999407e-03
4.188000000000000967e-04,4.570312499999951150e-03,-4.676757812500000576e-03
4.190000000000001015e-04,4.433593749999964473e-03,-4.661523437499999652e-03
4.192000000000001064e-04,4.628906249999897859e-03,-4.707421875000000235e-03
4.194000000000000028e-04,4.140624999999786837e-03,-4.737304687500000847e-03
4.196000000000000077e-04,4.570312499999951150e-03,-4.765624999999999896e-03
4.198000000000000126e-04,4.492187499999911182e-03,-4.794140624999999357e-03
4.200000000000000174e-04,4.531249999999986677e-03,-4.893359375000001441e-03
4.202000000000000223e-04,4.531249999999875655e-03,-4.782812500000001472e-03
4.204000000000000271e-04,4.414062499999982236e-03,-4.768749999999999552e-03
4.206000000000000320e-04,4.355468749999924505e-03,-4.788085937500001325e-03
4.208000000000000369e-04,4.453125000000057732e-03,-4.809179687500000737e-03
4.210000000000000417e-04,4.511718750000004441e-03,-4.835546875000000001e-03
4.212000000000000466e-04,4.667968749999862332e-03,-4.762500000000001107e-03
4.214000000000000514e-04,4.707031249999715783e-03,-4.833007812499998113e-03
4.216000000000000563e-04,4.101562499999822364e-03,-4.854882812500000040e-03
4.218000000000000612e-04,4.433593750000075495e-03,-4.889453124999997534e-03
4.220000000000000660e-04,4.472656249999928946e-03,-4.958398437500000783e-03
4.222000000000000709e-04,4.277343749999884537e-03,-4.965429687499999141e-03
4.224000000000000758e-04,4.277343749999995559e-03,-4.978515624999999001e-03
4.226000000000000806e-04,4.375000000000017764e-03,-4.953906249999999976e-03
4.228000000000000855e-04,4.472656249999928946e-03,-4.962109375000001675e-03
4.230000000000000903e-04,4.257812499999902300e-03,-4.913281249999999246e-03
4.232000000000000952e-04,4.472656250000039968e-03,-4.959570312500000654e-03
4.234000000000001001e-04,4.355468750000146549e-03,-4.959179687499999829e-03
4.236000000000001049e-04,4.199218749999955591e-03,-4.996289062500000079e-03
4.238000000000000014e-04,4.550781250000079936e-03,-4.979687499999998004e-03
4.240000000000000062e-04,4.804687499999960032e-03,-4.975781250000001037e-03
4.242000000000000111e-04,4.296874999999866773e-03,-5.081249999999999829e-03
4.244000000000000159e-04,4.433593750000075495e-03,-5.129492187499999287e-03
4.246000000000000208e-04,4.707031249999937828e-03,-5.124023437500001624e-03
4.248000000000000257e-04,4.648437499999991118e-03,-5.096874999999998108e-03
4.250000000000000305e-04,4.394531249999888978e-03,-5.115234374999999556e-03
4.252000000000000354e-04,4.375000000000017764e-03,-5.041015624999999924e-03
4.254000000000000403e-04,4.375000000000239808e-03,-5.066210937500000185e-03
4.256000000000000451e-04,4.316406249999849010e-03,-5.073828125000000647e-03
4.258000000000000500e-04,4.394531250000000000e-03,-5.093554687499999775e-03
4.260000000000000548e-04,4.492187499999800160e-03,-5.136914062500000204e-03
4.262000000000000597e-04,4.824218749999942268e-03,-5.192968749999999668e-03
4.264000000000000646e-04,4.648437499999991118e-03,-5.111914062500001223e-03
4.266000000000000694e-04,4.179687500000084377e-03,-5.031640624999998354e-03
4.268000000000000743e-04,4.589843749999933387e-03,-5.087890625000000833e-03
4.270000000000000791e-04,4.316406249999737987e-03,-5.171679687500001579e-03
4.272000000000000840e-04,4.589843749999822364e-03,-5.111132812500000441e-03
4.274000000000000889e-04,4.433593750000075495e-03,-5.096484374999999019e-03
4.276000000000000937e-04,4.414062499999982236e-03,-5.131835937499999896e-03
4.278000000000000986e-04,4.511718750000115463e-03,-5.112695312500001137e-03
4.280000000000001035e-04,4.394531249999888978e-03,-5.074804687499999238e-03
4.281999999999999999e-04,4.472656249999928946e-03,-5.109570312499999746e-03
4.284000000000000048e-04,4.667968749999973355e-03,-5.119140624999999993e-03
4.286000000000000096e-04,4.316406250000182077e-03,-5.136718749999998924e-03
4.288000000000000145e-04,4.609374999999915623e-03,-5.054687499999998418e-03
4.290000000000000193e-04,4.667968749999973355e-03,-5.144921875000000623e-03
4.292000000000000242e-04,4.824218750000053291e-03,-5.072265625000000819e-03
4.294000000000000291e-04,4.433593749999853451e-03,-5.089648437500000205e-03
4.296000000000000339e-04,4.746093749999902300e-03,-5.104492187499999438e-03
4.298000000000000388e-04,4.628906249999786837e-03,-5.087304687500000464e-03
4.300000000000000436e-04,4.628906249999897859e-03,-5.058007812499998486e-03
4.302000000000000485e-04,4.257812500000013323e-03,-5.013281250000000376e-03
4.304000000000000534e-04,4.804687500000071054e-03,-5.046679687500001468e-03
4.306000000000000582e-04,4.042968749999875655e-03,-5.009570312499999484e-03
4.308000000000000631e-04,4.707031249999715783e-03,-5.019335937500000143e-03
4.310000000000000680e-04,4.472656249999817923e-03,-5.007226562499999742e-03
4.312000000000000728e-04,4.824218749999942268e-03,-5.015820312499999663e-03
4.314000000000000777e-04,4.628906250000008882e-03,-4.961718749999999116e-03
4.316000000000000825e-04,4.707031249999826805e-03,-4.925781250000000472e-03
4.318000000000000874e-04,4.648437499999991118e-03,-4.852734374999998976e-03
4.320000000000000923e-04,4.394531250000000000e-03,-4.844921874999999836e-03
4.322000000000000971e-04,4.316406249999737987e-03,-4.841796874999999313e-03
4.324000000000001020e-04,4.316406250000071054e-03,-4.852539062500000298e-03
4.326000000000001068e-04,4.550781249999857891e-03,-4.787695312499999634e-03
4.328000000000000033e-04,4.550781249999857891e-03,-4.805664062500000257e-03
4.330000000000000081e-04,4.492187499999911182e-03,-4.761328125000001237e-03
4.332000000000000130e-04,4.472656249999817923e-03,-4.816992187499997274e-03
4.334000000000000179e-04,4.199218749999844569e-03,-4.715039062499998962e-03
4.336000000000000227e-04,4.414062500000093259e-03,-4.741796875000000785e-03
4.338000000000000276e-04,4.804687499999960032e-03,-4.690039062499997378e-03
4.340000000000000325e-04,4.765624999999995559e-03,-4.653125000000000143e-03
4.342000000000000373e-04,4.238281249999920064e-03,-4.546289062500001067e-03
4.344000000000000422e-04,4.667968750000195399e-03,-4.534375000000000211e-03
4.346000000000000470e-04,4.511718749999893419e-03,-4.545703124999999831e-03
4.348000000000000519e-04,4.531249999999875655e-03,-4.541406250000000304e-03
4.350000000000000568e-04,4.277343749999773515e-03,-4.506445312500000251e-03
4.352000000000000616e-04,4.414062499999760192e-03,-4.429687499999999598e-03
4.354000000000000665e-04,4.550781249999968914e-03,-4.474609374999999854e-03
4.356000000000000713e-04,4.824218749999831246e-03,-4.402734375000000831e-03
4.358000000000000762e-04,4.296874999999977796e-03,-4.420312499999998895e-03
4.360000000000000811e-04,4.433593749999964473e-03,-4.330664062499999661e-03
4.362000000000000859e-04,4.531249999999986677e-03,-4.282421875000000204e-03
4.364000000000000908e-04,4.374999999999906741e-03,-4.259179687499999728e-03
4.366000000000000957e-04,4.472656250000039968e-03,-4.247265625000000606e-03
4.368000000000001005e-04,4.570312499999840128e-03,-4.197460937500000454e-03
4.370000000000001054e-04,4.628906250000230926e-03,-4.175390624999999849e-03
4.372000000000000018e-04,4.179687499999973355e-03,-4.181835937500001307e-03
4.374000000000000067e-04,4.355468749999813483e-03,-4.144335937500000233e-03
4.376000000000000115e-04,4.355468749999924505e-03,-4.101562500000000173e-03
4.378000000000000164e-04,4.785156249999977796e-03,-3.996484374999999603e-03
4.380000000000000213e-04,4.550781249999857891e-03,-4.052539062500000802e-03
4.382000000000000261e-04,4.765624999999773515e-03,-4.020117187500000036e-03
4.384000000000000310e-04,4.589843749999933387e-03,-3.954687500000000737e-03
4.386000000000000358e-04,4.472656249999928946e-03,-3.894335937500000011e-03
4.388000000000000407e-04,4.492187499999911182e-03,-3.840429687499999009e-03
4.390000000000000456e-04,4.726562499999920064e-03,-3.832226562499999045e-03
4.392000000000000504e-04,4.648437499999991118e-03,-3.887890624999998553e-03
4.394000000000000553e-04,4.453124999999946709e-03,-3.780859374999998197e-03
4.396000000000000602e-04,4.453125000000057732e-03,-3.767187499999998836e-03
4.398000000000000650e-04,4.433593750000075495e-03,-3.698437500000000336e-03
4.400000000000000699e-04,4.355468749999813483e-03,-3.691210937500000698e-03
4.402000000000000747e-04,4.394531249999888978e-03,-3.622851562500000420e-03
4.404000000000000796e-04,4.472656249999928946e-03,-3.626367187500000033e-03
4.406000000000000845e-04,4.394531249999777955e-03,-3.555859375000001293e-03
4.408000000000000893e-04,4.570312499999951150e-03,-3.559179687499999627e-03
4.410000000000000942e-04,4.355468750000146549e-03,-3.516210937500000022e-03
4.412000000000000990e-04,4.609374999999915623e-03,-3.483593749999999711e-03
4.414000000000001039e-04,4.160156249999991118e-03,-3.409960937500000448e-03
4.416000000000001088e-04,4.355468750000035527e-03,-3.429101562499998340e-03
4.418000000000000052e-04,4.433593749999964473e-03,-3.418164062500000412e-03
4.420000000000000101e-04,4.492187499999911182e-03,-3.385546875000000101e-03
4.422000000000000149e-04,4.531249999999875655e-03,-3.356249999999999858e-03
4.424000000000000198e-04,4.374999999999906741e-03,-3.240625000000000450e-03
4.426000000000000247e-04,4.726562499999920064e-03,-3.228320312500002238e-03
4.428000000000000295e-04,4.765624999999884537e-03,-3.166210937500002140e-03
4.430000000000000344e-04,4.296874999999866773e-03,-3.149414062499998786e-03
4.432000000000000392e-04,4.628906250000119904e-03,-3.097070312500001081e-03
4.434000000000000441e-04,4.453125000000057732e-03,-3.109765625000000117e-03
4.436000000000000490e-04,4.414062499999871214e-03,-3.012695312500002567e-03
4.438000000000000538e-04,4.785156249999977796e-03,-2.986914062500000203e-03
4.440000000000000587e-04,4.667968749999973355e-03,-2.966992187499999795e-03
4.442000000000000635e-04,4.277343749999995559e-03,-2.958398437499998139e-03
4.444000000000000684e-04,4.511718750000004441e-03,-3.040820312500000337e-03
4.446000000000000733e-04,4.453124999999835687e-03,-2.816210937500000788e-03
4.448000000000000781e-04,4.687499999999844569e-03,-2.818359375000000118e-03
4.450000000000000830e-04,4.531249999999986677e-03,-2.788476562499999506e-03
4.452000000000000879e-04,4.687499999999733546e-03,-2.729101562499999106e-03
4.454000000000000927e-04,4.296874999999866773e-03,-2.698437500000000315e-03
4.456000000000000976e-04,4.570312499999951150e-03,-2.652734375000002746e-03
4.458000000000001024e-04,4.746093750000124345e-03,-2.670312500000001678e-03
4.460000000000001073e-04,4.902343750000315303e-03,-2.649609374999997886e-03
4.462000000000000037e-04,4.453124999999946709e-03,-2.587890625000000347e-03
4.464000000000000086e-04,4.296874999999866773e-03,-2.532812499999999474e-03
4.466000000000000135e-04,4.667968749999862332e-03,-2.534960937500000538e-03
4.468000000000000183e-04,4.921874999999853451e-03,-2.535351562500001363e-03
4.470000000000000232e-04,4.257812500000013323e-03,-2.412890625000002273e-03
4.472000000000000280e-04,4.707031249999937828e-03,-2.361523437499998823e-03
4.474000000000000329e-04,4.492187499999911182e-03,-2.328320312500000745e-03
4.476000000000000378e-04,4.492187499999911182e-03,-2.300000000000000829e-03
4.478000000000000426e-04,4.394531250000111022e-03,-2.283593750000000901e-03
4.480000000000000475e-04,4.394531250000000000e-03,-2.229882812499998576e-03
4.482000000000000524e-04,4.609374999999915623e-03,-2.237695312500001185e-03
4.484000000000000572e-04,4.199218750000066613e-03,-2.229882812499999444e-03
4.486000000000000621e-04,4.765624999999995559e-03,-2.158984374999999879e-03
4.488000000000000669e-04,4.414062499999871214e-03,-2.133203124999998382e-03
4.490000000000000718e-04,4.785156250000088818e-03,-1.999414062500001407e-03
4.492000000000000767e-04,4.394531249999888978e-03,-1.987304687499999271e-03
4.494000000000000815e-04,4.667968749999862332e-03,-1.962109375000000745e-03
4.496000000000000864e-04,4.414062499999871214e-03,-1.935351562499998054e-03
4.498000000000000912e-04,4.589843749999933387e-03,-1.841992187499999663e-03
4.500000000000000961e-04,4.707031249999826805e-03,-1.866992187499999512e-03
4.502000000000001010e-04,4.316406249999960032e-03,-1.844140624999999860e-03
4.504000000000001058e-04,4.589843749999933387e-03,-1.809179687499998940e-03
4.506000000000000023e-04,4.492187499999911182e-03,-1.753320312500000755e-03
4.508000000000000071e-04,4.667968749999862332e-03,-1.723437500000001010e-03
4.510000000000000120e-04,4.492187499999689138e-03,-1.721484375000000358e-03
4.512000000000000169e-04,4.550781249999857891e-03,-1.607617187500001189e-03
4.514000000000000217e-04,4.707031250000048850e-03,-1.585156249999999760e-03
4.516000000000000266e-04,4.726562499999920064e-03,-1.493945312500000698e-03
4.518000000000000314e-04,4.765624999999995559e-03,-1.477148437499999946e-03
4.520000000000000363e-04,4.472656249999817923e-03,-1.450976562500000226e-03
4.522000000000000412e-04,4.882812500000000000e-03,-1.397656249999999593e-03
4.524000000000000460e-04,4.726562499999920064e-03,-1.394335937500000393e-03
4.526000000000000509e-04,4.687499999999955591e-03,-1.284570312499998604e-03
4.528000000000000557e-04,4.589843749999600320e-03,-1.297265624999999374e-03
4.530000000000000606e-04,4.531249999999986677e-03,-1.251562500000000071e-03
4.532000000000000655e-04,4.609374999999915623e-03,-1.161523437499998278e-03
4.534000000000000703e-04,4.160156249999880096e-03,-1.186718750000002008e-03
4.536000000000000752e-04,4.570312500000062172e-03,-1.092187500000001144e-03
4.538000000000000800e-04,4.394531249999888978e-03,-1.089843750000001402e-03
4.540000000000000849e-04,4.472656250000039968e-03,-1.027929687499999981e-03
4.542000000000000898e-04,4.707031250000048850e-03,-9.492187500000004094e-04
4.544000000000000946e-04,4.335937499999831246e-03,-9.486328124999991729e-04
4.546000000000000995e-04,4.589843749999933387e-03,-9.005859375000001277e-04
4.548000000000001044e-04,4.550781249999857891e-03,-8.562500000000011074e-04
4.550000000000001092e-04,4.394531250000000000e-03,-7.873046874999995934e-04
4.552000000000000057e-04,4.375000000000017764e-03,-7.642578125000003969e-04
4.554000000000000105e-04,4.726562499999920064e-03,-7.072265625000006065e-04
4.556000000000000154e-04,4.394531249999777955e-03,-7.140625000000002873e-04
4.558000000000000202e-04,4.628906250000008882e-03,-6.113281249999994588e-04
4.560000000000000251e-04,4.628906249999897859e-03,-5.599609375000012129e-04
4.562000000000000300e-04,4.628906249999897859e-03,-5.578124999999992811e-04
4.564000000000000348e-04,4.628906249999897859e-03,-5.232421874999991854e-04
4.566000000000000397e-04,4.570312499999951150e-03,-4.402343750000009548e-04
4.568000000000000446e-04,4.433593749999742428e-03,-4.421875000000016070e-04
4.570000000000000494e-04,4.628906250000008882e-03,-3.716796874999993977e-04
4.572000000000000543e-04,4.492187499999800160e-03,-3.351562500000003844e-04
4.574000000000000591e-04,4.824218749999831246e-03,-2.804687500000012032e-04
4.576000000000000640e-04,4.726562499999920064e-03,-2.564453124999999459e-04
4.578000000000000689e-04,4.707031250000270894e-03,-2.382812500000006453e-04
4.580000000000000737e-04,4.687499999999955591e-03,-1.619140625000008160e-04
4.582000000000000786e-04,4.589843750000044409e-03,-1.003906250000010866e-04
4.584000000000000834e-04,4.589843749999933387e-03,-4.492187499999852202e-05
4.586000000000000883e-04,4.687499999999955591e-03,2.304687499999832911e-05
4.588000000000000932e-04,4.218749999999937828e-03,3.300781249999940048e-05
4.590000000000000980e-04,4.570312499999951150e-03,-1.132812499999961975e-05
4.592000000000001029e-04,4.550781249999968914e-03,5.175781249999733546e-05
4.594000000000001077e-04,4.609374999999915623e-03,1.046874999999997460e-04
4.596000000000000042e-04,4.277343749999884537e-03,1.896484375000012310e-04
4.598000000000000091e-04,4.531249999999875655e-03,2.611328124999994296e-04
4.600000000000000139e-04,4.316406249999849010e-03,2.601562499999991035e-04
4.602000000000000188e-04,4.374999999999906741e-03,3.380859375000004954e-04
4.604000000000000236e-04,4.746093750000013323e-03,4.193359375000002207e-04
4.606000000000000285e-04,4.648437499999991118e-03,4.214843749999995504e-04
4.608000000000000334e-04,4.414062499999982236e-03,4.689453124999999611e-04
4.610000000000000382e-04,4.433593749999853451e-03,4.999999999999987094e-04
4.612000000000000431e-04,4.472656249999928946e-03,5.707031250000004635e-04
4.614000000000000479e-04,4.238281249999920064e-03,5.324218750000003428e-04
4.616000000000000528e-04,4.492187500000022204e-03,5.537109375000019013e-04
4.618000000000000577e-04,4.433593749999853451e-03,6.062499999999991507e-04
4.620000000000000625e-04,4.550781249999968914e-03,7.378906250000011324e-04
4.622000000000000674e-04,4.238281249999920064e-03,7.673828125000000527e-04
4.624000000000000722e-04,4.687499999999844569e-03,8.228515624999991479e-04
4.626000000000000771e-04,4.121093750000026645e-03,8.794921875000007161e-04
4.628000000000000820e-04,4.355468750000035527e-03,9.066406250000007619e-04
4.630000000000000868e-04,4.511718749999782396e-03,9.499999999999985886e-04
4.632000000000000917e-04,4.453124999999946709e-03,9.867187500000006162e-04
4.634000000000000966e-04,4.257812499999902300e-03,1.023828124999999999e-03
4.636000000000001014e-04,4.394531249999666933e-03,1.061718749999999295e-03
4.638000000000001063e-04,4.511718749999671374e-03,1.115624999999999430e-03
4.640000000000001111e-04,4.414062500000093259e-03,1.121679687499998329e-03
4.642000000000000076e-04,4.589843749999822364e-03,1.183984374999997972e-03
4.644000000000000124e-04,4.472656250000039968e-03,1.245312499999999892e-03
4.646000000000000173e-04,4.394531250000000000e-03,1.313281250000000212e-03
4.648000000000000222e-04,4.550781250000079936e-03,1.379101562499999468e-03
4.650000000000000270e-04,4.257812499999791278e-03,1.386523437500000386e-03
4.652000000000000319e-04,4.316406249999960032e-03,1.428320312500001854e-03
4.654000000000000367e-04,4.550781249999857891e-03,1.441406250000000847e-03
4.656000000000000416e-04,4.726562499999920064e-03,1.454296875000000294e-03
4.658000000000000465e-04,4.238281249999920064e-03,1.459179687500002792e-03
4.660000000000000513e-04,4.511718750000004441e-03,1.546289062500000137e-03
4.662000000000000562e-04,4.335937500000053291e-03,1.600195312500000272e-03
4.664000000000000611e-04,4.355468749999924505e-03,1.675195312499998083e-03
4.666000000000000659e-04,4.492187500000022204e-03,1.675781250000000187e-03
4.668000000000000708e-04,4.433593749999964473e-03,1.711328124999999742e-03
4.670000000000000756e-04,4.902343749999982236e-03,1.773242187500000296e-03
4.672000000000000805e-04,4.550781249999635847e-03,1.805664062499999327e-03
4.674000000000000854e-04,4.531249999999764633e-03,1.814453124999998793e-03
4.676000000000000902e-04,4.667968750000084377e-03,1.850585937500001318e-03
4.678000000000000951e-04,4.804687499999849010e-03,1.867773437500000293e-03
4.680000000000000999e-04,4.375000000000017764e-03,1.911328125000000266e-03
4.682000000000001048e-04,4.316406249999737987e-03,1.970703124999999799e-03
4.684000000000001097e-04,4.374999999999795719e-03,2.010156250000000658e-03
4.686000000000000061e-04,4.667968750000084377e-03,2.042968749999999646e-03
4.688000000000000110e-04,4.433593749999853451e-03,2.106640624999998705e-03
4.690000000000000158e-04,4.726562500000031086e-03,2.131640624999999421e-03
4.692000000000000207e-04,4.609374999999804601e-03,2.192968750000001341e-03
4.694000000000000256e-04,4.492187499999911182e-03,2.209960937499999903e-03
4.696000000000000304e-04,4.667968749999862332e-03,2.239257812500001880e-03
4.698000000000000353e-04,4.394531250000111022e-03,2.283593750000000033e-03
4.700000000000000401e-04,4.414062499999982236e-03,2.295507812500000022e-03
4.702000000000000450e-04,4.570312499999729106e-03,2.342187500000002254e-03
4.704000000000000499e-04,4.277343749999995559e-03,2.346289062499999634e-03
4.706000000000000547e-04,4.374999999999795719e-03,2.447656250000001046e-03
4.708000000000000596e-04,4.394531249999888978e-03,2.394335937500002148e-03
4.710000000000000644e-04,4.707031250000048850e-03,2.476757812500000010e-03
4.712000000000000693e-04,4.726562499999809042e-03,2.515234375000000543e-03
4.714000000000000742e-04,4.589843749999933387e-03,2.620507812499998923e-03
4.716000000000000790e-04,4.804687500000071054e-03,2.637304687499999675e-03
4.718000000000000839e-04,4.707031249999937828e-03,2.596679687499998945e-03
4.720000000000000888e-04,4.472656249999928946e-03,2.652929687499998822e-03
4.722000000000000936e-04,4.335937499999831246e-03,2.686132812500000369e-03
4.724000000000000985e-04,4.648437499999991118e-03,2.712109375000000544e-03
4.726000000000001033e-04,4.472656249999928946e-03,2.695703125000000616e-03
4.728000000000001082e-04,4.785156249999866773e-03,2.745898437499998124e-03
4.730000000000000046e-04,5.097656250000026645e-03,2.801953125000000190e-03
4.732000000000000095e-04,4.707031249999715783e-03,2.817968750000001028e-03
4.734000000000000144e-04,4.335937499999831246e-03,2.860156249999998117e-03
4.736000000000000192e-04,4.785156249999755751e-03,2.827929687500000365e-03
4.738000000000000241e-04,4.589843749999822364e-03,2.873828125000001815e-03
4.740000000000000289e-04,4.746093749999902300e-03,2.976171875000000085e-03
4.742000000000000338e-04,4.746093749999902300e-03,2.960937500000001762e-03
4.744000000000000387e-04,4.570312499999729106e-03,2.979492187499999285e-03
4.746000000000000435e-04,4.394531249999888978e-03,3.004882812499999091e-03
4.748000000000000484e-04,5.019531249999875655e-03,3.000000000000000062e-03
4.750000000000000533e-04,4.414062499999871214e-03,3.034570312500000158e-03
4.752000000000000581e-04,4.863281249999684697e-03,3.068554687499999885e-03
4.754000000000000630e-04,4.589843749999822364e-03,3.122265624999999607e-03
4.756000000000000678e-04,4.589843749999933387e-03,3.147851562499998958e-03
4.758000000000000727e-04,4.609375000000026645e-03,3.167773437500001968e-03
4.760000000000000776e-04,4.746093750000013323e-03,3.173828124999999133e-03
4.762000000000000824e-04,4.433593749999853451e-03,3.148632812499999739e-03
4.764000000000000873e-04,4.628906250000008882e-03,3.162695312499999058e-03
4.766000000000000921e-04,4.707031249999715783e-03,3.194726562500001601e-03
4.768000000000000970e-04,4.414062499999982236e-03,3.204882812499999616e-03
4.770000000000001019e-04,4.511718749999782396e-03,3.215039062500000232e-03
4.772000000000001067e-04,4.082031249999840128e-03,3.274218750000001087e-03
4.774000000000001116e-04,4.433593749999631406e-03,3.287500000000001359e-03
4.776000000000000080e-04,4.238281249999920064e-03,3.353515625000000160e-03
4.778000000000000129e-04,4.746093749999902300e-03,3.400585937499998879e-03
4.780000000000000178e-04,4.511718750000004441e-03,3.402929687499998621e-03
4.782000000000000226e-04,4.882812499999888978e-03,3.441992187500000390e-03
4.784000000000000275e-04,4.511718749999893419e-03,3.463867187500000583e-03
4.786000000000000323e-04,4.550781249999968914e-03,3.483984374999999668e-03
4.788000000000000372e-04,4.667968749999862332e-03,3.438671875000000322e-03
4.790000000000000421e-04,4.667968750000195399e-03,3.476562500000000486e-03
4.792000000000000469e-04,4.433593749999853451e-03,3.535742187500002208e-03
4.794000000000000518e-04,4.707031250000048850e-03,3.612890624999999349e-03
4.796000000000000566e-04,4.511718749999782396e-03,3.672460937500000161e-03
4.798000000000000615e-04,4.550781250000079936e-03,3.683203124999999412e-03
4.800000000000000664e-04,4.218750000000048850e-03,3.726953125000001532e-03
4.802000000000000712e-04,4.707031250000048850e-03,3.743750000000000550e-03
4.804000000000000761e-04,4.628906249999786837e-03,3.759375000000001431e-03
4.806000000000000810e-04,4.648437499999880096e-03,3.785546875000001150e-03
4.808000000000000858e-04,4.667968749999862332e-03,3.853320312500001059e-03
4.810000000000000907e-04,4.472656249999928946e-03,3.837304687500001088e-03
4.812000000000000955e-04,4.687499999999955591e-03,3.862109374999999657e-03
4.814000000000001004e-04,4.511718750000004441e-03,3.848632812500000708e-03
4.816000000000001053e-04,4.628906249999897859e-03,3.917968750000001311e-03
4.818000000000001101e-04,4.492187499999911182e-03,3.941601562500000010e-03
4.820000000000000066e-04,4.374999999999795719e-03,3.983007812499998919e-03
4.822000000000000114e-04,4.667968749999862332e-03,4.013281250000001223e-03
4.824000000000000163e-04,4.785156249999866773e-03,4.031835937500001348e-03
4.826000000000000211e-04,4.785156249999866773e-03,3.991210937500000618e-03
4.828000000000000260e-04,4.550781249999746869e-03,4.041210937499998580e-03
4.830000000000000309e-04,4.921874999999964473e-03,4.071874999999999974e-03
4.832000000000000357e-04,4.570312499999840128e-03,4.114062500000001399e-03
4.834000000000000406e-04,4.492187499999911182e-03,4.082226562500000135e-03
4.836000000000000455e-04,4.511718749999893419e-03,4.131054687499999094e-03
4.838000000000000503e-04,4.550781249999857891e-03,4.138476562500000878e-03
4.840000000000000552e-04,4.628906249999786837e-03,4.146679687499999975e-03
4.842000000000000600e-04,4.687499999999955591e-03,4.178710937499999917e-03
4.844000000000000649e-04,4.589843749999822364e-03,4.170117187500000863e-03
4.846000000000000698e-04,4.707031249999826805e-03,4.246484374999999825e-03
4.848000000000000746e-04,4.257812499999902300e-03,4.226562500000000284e-03
4.850000000000000795e-04,4.746093750000013323e-03,4.233593749999999510e-03
4.852000000000000843e-04,4.511718749999893419e-03,4.352343749999999442e-03
4.854000000000000892e-04,4.453124999999835687e-03,4.259765624999999230e-03
4.856000000000000941e-04,4.824218749999942268e-03,4.186328124999997777e-03
4.858000000000000989e-04,4.433593749999964473e-03,4.225195312499999134e-03
4.860000000000001038e-04,4.511718749999782396e-03,4.297070312500000759e-03
4.862000000000001087e-04,4.570312500000062172e-03,4.335546874999999557e-03
4.864000000000000051e-04,4.082031249999951150e-03,4.321484374999998504e-03
4.866000000000000100e-04,4.433593749999853451e-03,4.350976562500000894e-03
4.868000000000000148e-04,4.765624999999884537e-03,4.338867187500001360e-03
4.870000000000000197e-04,4.746093750000013323e-03,4.317968750000000626e-03
4.872000000000000245e-04,4.882812500000000000e-03,4.386914062500001273e-03
4.874000000000000294e-04,4.492187500000022204e-03,4.281640624999999423e-03
4.876000000000000343e-04,4.472656249999817923e-03,4.303125000000000526e-03
4.878000000000000391e-04,4.238281249999809042e-03,4.317773437500001948e-03
4.880000000000000440e-04,4.316406249999737987e-03,4.317773437499999346e-03
4.882000000000000488e-04,4.687500000000066613e-03,4.327539062500000873e-03
4.884000000000000537e-04,4.414062499999871214e-03,4.323828124999999981e-03
4.886000000000000586e-04,4.531249999999875655e-03,4.391210937499999932e-03
4.888000000000000634e-04,3.964843750000057732e-03,4.439843750000001081e-03
4.890000000000000683e-04,4.511718749999893419e-03,4.397265625000001434e-03
4.892000000000000732e-04,4.453124999999946709e-03,4.407031250000000358e-03
4.894000000000000780e-04,4.667968749999973355e-03,4.357031250000001528e-03
4.896000000000000829e-04,4.453125000000168754e-03,4.413281250000000537e-03
4.898000000000000877e-04,4.414062499999871214e-03,4.371874999999999893e-03
4.900000000000000926e-04,4.550781249999968914e-03,4.349023437500001109e-03
4.902000000000000975e-04,4.511718749999893419e-03,4.382031250000001377e-03
4.904000000000001023e-04,4.589843750000044409e-03,4.399218750000000351e-03
4.906000000000001072e-04,4.785156249999866773e-03,4.407226562499999035e-03
4.908000000000001120e-04,4.511718750000115463e-03,4.411523437500001164e-03
4.910000000000000085e-04,4.394531250000000000e-03,4.412890624999999713e-03
4.912000000000000133e-04,4.589843750000044409e-03,4.437890624999999561e-03
4.914000000000000182e-04,4.433593749999964473e-03,4.417187500000000107e-03
4.916000000000000231e-04,4.589843749999933387e-03,4.422656250000000372e-03
4.918000000000000279e-04,4.804687499999849010e-03,4.421093749999999677e-03
4.920000000000000328e-04,4.453124999999946709e-03,4.404687500000002351e-03
4.922000000000000377e-04,4.882812500000111022e-03,4.373046874999999764e-03
4.924000000000000425e-04,4.843750000000146549e-03,4.430273437499999967e-03
4.926000000000000474e-04,4.374999999999906741e-03,4.368554687499998958e-03
4.928000000000000522e-04,4.609374999999915623e-03,4.441601562500000454e-03
4.930000000000000571e-04,4.531249999999986677e-03,4.379101562499998664e-03
4.932000000000000620e-04,4.726562500000142109e-03,4.398046874999999613e-03
4.934000000000000668e-04,4.863281249999795719e-03,4.360937500000001098e-03
4.936000000000000717e-04,4.453124999999835687e-03,4.340234374999999041e-03
4.938000000000000765e-04,4.589843750000155431e-03,4.379687500000000767e-03
4.940000000000000814e-04,4.433593749999853451e-03,4.337109375000000253e-03
4.942000000000000863e-04,4.296874999999866773e-03,4.291796875000001774e-03
4.944000000000000911e-04,4.511718749999893419e-03,4.343164062500000019e-03
4.946000000000000960e-04,4.355468749999813483e-03,4.297070312499999892e-03
4.948000000000001009e-04,4.589843750000044409e-03,4.280859375000000376e-03
4.950000000000001057e-04,4.531249999999986677e-03,4.283007812499999706e-03
4.952000000000001106e-04,4.453125000000057732e-03,4.273242187500000781e-03
4.954000000000000070e-04,4.257812499999791278e-03,4.262304687500000251e-03
4.956000000000000119e-04,4.628906250000008882e-03,4.263281250000000577e-03
4.958000000000000167e-04,4.550781249999968914e-03,4.220507812500000518e-03
4.960000000000000216e-04,4.531249999999986677e-03,4.155859374999998530e-03
4.962000000000000265e-04,4.785156249999977796e-03,4.172070312499999781e-03
4.964000000000000313e-04,4.648437500000102141e-03,4.169726562500000039e-03
4.966000000000000362e-04,4.531249999999986677e-03,4.167968749999999799e-03
4.968000000000000410e-04,4.472656250000150990e-03,4.129101562500000176e-03
4.970000000000000459e-04,4.472656249999928946e-03,4.110742187499998729e-03
4.972000000000000508e-04,4.765625000000106581e-03,4.129882812500000958e-03
4.974000000000000556e-04,4.238281250000031086e-03,4.094335937499998801e-03
4.976000000000000605e-04,4.531249999999986677e-03,4.055664062499999591e-03
4.978000000000000654e-04,4.667968749999973355e-03,4.090820312500002658e-03
4.980000000000000702e-04,4.511718749999893419e-03,4.074999999999999629e-03
4.982000000000000751e-04,4.628906249999897859e-03,4.050000000000000648e-03
4.984000000000000799e-04,4.531249999999875655e-03,3.975195312500000647e-03
4.986000000000000848e-04,4.355468749999813483e-03,3.920703125000000143e-03
4.988000000000000897e-04,4.492187500000022204e-03,3.892187500000002416e-03
4.990000000000000945e-04,4.296874999999866773e-03,3.914257812499999552e-03
4.992000000000000994e-04,4.765624999999995559e-03,3.883789062500000305e-03
4.994000000000001042e-04,4.550781249999968914e-03,3.874218749999999191e-03
4.996000000000001091e-04,4.628906249999897859e-03,3.852539062499999410e-03
4.998000000000001140e-04,4.804687499999849010e-03,3.810156249999999307e-03
5.000000000000000104e-04,4.296875000000199840e-03,3.792773437499999921e-03
5.002000000000000153e-04,4.433593749999964473e-03,3.733984374999999890e-03
5.004000000000000201e-04,4.863281249999795719e-03,3.660351562500001495e-03
5.006000000000000250e-04,4.511718749999893419e-03,3.627343750000001227e-03
5.008000000000000299e-04,4.414062499999982236e-03,3.638671875000000847e-03
5.010000000000000347e-04,4.414062499999871214e-03,3.589648437499999740e-03
5.012000000000000396e-04,4.472656249999928946e-03,3.490820312500001084e-03
5.014000000000000444e-04,4.707031250000048850e-03,3.483007812499999342e-03
5.016000000000000493e-04,4.374999999999906741e-03,3.464843749999999174e-03
5.018000000000000542e-04,4.707031250000048850e-03,3.459960937500000146e-03
5.020000000000000590e-04,4.355468749999813483e-03,3.385742187500002248e-03
5.022000000000000639e-04,4.628906250000119904e-03,3.364453124999998955e-03
5.024000000000000687e-04,4.414062499999760192e-03,3.282031249999999359e-03
5.026000000000000736e-04,4.511718749999893419e-03,3.227148437499999765e-03
5.028000000000000785e-04,4.707031250000048850e-03,3.137499999999999664e-03
5.030000000000000833e-04,4.433593750000075495e-03,3.074804687500000064e-03
5.032000000000000882e-04,4.707031249999826805e-03,3.078515625000000956e-03
5.034000000000000931e-04,4.746093749999902300e-03,2.892187499999999793e-03
5.036000000000000979e-04,4.648437500000102141e-03,2.963085937499999357e-03
5.038000000000001028e-04,4.667968749999862332e-03,2.913867187499998707e-03
5.040000000000001076e-04,4.804687499999960032e-03,2.897265624999999234e-03
5.042000000000001125e-04,4.609374999999915623e-03,2.760156250000001324e-03
5.044000000000000089e-04,4.609374999999915623e-03,2.724609375000000035e-03
5.046000000000000138e-04,4.863281250000239808e-03,2.682812499999999434e-03
5.048000000000000187e-04,4.882812500000111022e-03,2.526757812499999707e-03
5.050000000000000235e-04,4.726562499999920064e-03,2.469921875000000329e-03
5.052000000000000284e-04,4.570312500000062172e-03,2.391210937500002492e-03
5.054000000000000332e-04,4.999999999999893419e-03,2.338671875000000039e-03
5.056000000000000381e-04,4.648437499999991118e-03,2.282421874999999295e-03
5.058000000000000430e-04,4.628906250000008882e-03,2.175976562500000176e-03
5.060000000000000478e-04,4.628906249999897859e-03,2.186914062500000706e-03
5.062000000000000527e-04,4.394531250000000000e-03,2.083398437499999964e-03
5.064000000000000576e-04,4.941406250000057732e-03,1.995703125000000515e-03
5.066000000000000624e-04,4.746093749999791278e-03,1.873242187499998823e-03
5.068000000000000673e-04,4.726562499999698019e-03,1.780664062500000346e-03
5.070000000000000721e-04,4.531250000000097700e-03,1.684375000000000108e-03
5.072000000000000770e-04,4.687499999999733546e-03,1.627734374999999407e-03
5.074000000000000819e-04,4.550781250000190958e-03,1.489453125000000759e-03
5.076000000000000867e-04,4.453124999999946709e-03,1.465429687500000369e-03
5.078000000000000916e-04,4.589843749999933387e-03,1.335351562499999950e-03
5.080000000000000964e-04,4.824218749999720224e-03,1.288281249999999496e-03
5.082000000000001013e-04,4.902343749999982236e-03,1.169335937499999152e-03
5.084000000000001062e-04,4.355468749999924505e-03,1.122851562499999935e-03
5.086000000000001110e-04,4.726562499999920064e-03,1.047656249999999976e-03
5.088000000000000075e-04,4.667968749999973355e-03,9.642578125000009215e-04
5.090000000000000123e-04,4.843749999999924505e-03,8.650390624999997058e-04
5.092000000000000172e-04,4.726562499999920064e-03,7.617187500000011102e-04
5.094000000000000221e-04,4.882812499999777955e-03,6.947265625000011158e-04
5.096000000000000269e-04,4.824218750000053291e-03,6.748046875000007078e-04
5.098000000000000318e-04,4.550781250000079936e-03,4.507812499999997932e-04
5.100000000000000366e-04,4.433593749999964473e-03,3.773437500000009423e-04
5.102000000000000415e-04,5.078125000000044409e-03,2.818359375000014863e-04
5.104000000000000464e-04,4.765624999999884537e-03,2.021484375000015890e-04
5.106000000000000512e-04,4.589843750000044409e-03,1.119140624999993838e-04
5.108000000000000561e-04,4.882812499999888978e-03,1.718750000000070915e-05
5.110000000000000609e-04,4.863281249999906741e-03,-3.105468750000048295e-05
5.112000000000000658e-04,4.628906249999786837e-03,-1.171875000000009714e-04
5.114000000000000707e-04,4.453124999999835687e-03,-2.210937499999999362e-04
5.116000000000000755e-04,4.765624999999884537e-03,-2.812499999999993824e-04
5.118000000000000804e-04,4.804687499999849010e-03,-4.667968750000006314e-04
5.120000000000000853e-04,4.609374999999915623e-03,-5.365234374999994574e-04
5.122000000000000901e-04,4.550781249999746869e-03,-5.970703125000005954e-04
5.124000000000000950e-04,4.355468750000146549e-03,-6.931640625000004205e-04
5.126000000000000998e-04,4.394531249999888978e-03,-7.753906249999996045e-04
5.128000000000001047e-04,4.550781249999857891e-03,-8.037109374999995212e-04
5.130000000000001096e-04,4.628906250000008882e-03,-9.128906250000009409e-04
5.132000000000001144e-04,5.000000000000115463e-03,-1.016015624999999992e-03
5.134000000000000109e-04,4.765624999999773515e-03,-1.124609375000001042e-03
5.136000000000000157e-04,4.648437499999991118e-03,-1.159960937500001052e-03
5.138000000000000206e-04,4.609374999999915623e-03,-1.236914062500002118e-03
5.140000000000000254e-04,4.316406249999737987e-03,-1.270312500000001475e-03
5.142000000000000303e-04,4.863281249999795719e-03,-1.365039062500001017e-03
5.144000000000000352e-04,5.000000000000004441e-03,-1.482031250000000709e-03
5.146000000000000400e-04,4.277343749999773515e-03,-1.516406249999999525e-03
5.148000000000000449e-04,4.843749999999702460e-03,-1.590234374999998333e-03
5.150000000000000498e-04,4.570312499999951150e-03,-1.650585937500000794e-03
5.152000000000000546e-04,4.902343750000093259e-03,-1.705273437499999108e-03
5.154000000000000595e-04,5.156249999999973355e-03,-1.749609375000001597e-03
5.156000000000000643e-04,5.019531249999986677e-03,-1.870117187500000035e-03
5.158000000000000692e-04,4.667968750000084377e-03,-1.881445312499999654e-03
5.160000000000000741e-04,4.550781249999968914e-03,-2.032031250000000851e-03
5.162000000000000789e-04,4.687499999999955591e-03,-2.017578124999998973e-03
5.164000000000000838e-04,4.746093750000124345e-03,-2.070703125000000061e-03
5.166000000000000886e-04,4.687499999999844569e-03,-2.074414062499999219e-03
5.168000000000000935e-04,5.156249999999973355e-03,-2.151171875000002474e-03
5.170000000000000984e-04,4.433593749999964473e-03,-2.144531250000000604e-03
5.172000000000001032e-04,4.492187499999689138e-03,-2.182421875000000767e-03
5.174000000000001081e-04,4.863281249999906741e-03,-2.217187500000001275e-03
5.176000000000001129e-04,4.628906249999897859e-03,-2.273242187499999872e-03
5.178000000000000094e-04,4.550781250000079936e-03,-2.325781250000000591e-03
5.180000000000000143e-04,4.843750000000035527e-03,-2.324218749999999029e-03
5.182000000000000191e-04,4.453124999999835687e-03,-2.370117187500000479e-03
5.184000000000000240e-04,4.570312499999951150e-03,-2.497851562500000289e-03
5.186000000000000288e-04,4.804687499999960032e-03,-2.491210937500001020e-03
5.188000000000000337e-04,4.882812499999888978e-03,-2.426953125000000724e-03
5.190000000000000386e-04,4.531249999999764633e-03,-2.413671875000001320e-03
5.192000000000000434e-04,4.785156249999866773e-03,-2.468164062499999221e-03
5.194000000000000483e-04,5.078125000000044409e-03,-2.515429687500000087e-03
5.196000000000000531e-04,4.824218749999720224e-03,-2.516601562499999091e-03
5.198000000000000580e-04,5.156249999999862332e-03,-2.537109375000001603e-03
5.200000000000000629e-04,4.882812499999888978e-03,-2.629882812500000493e-03
5.202000000000000677e-04,4.453124999999946709e-03,-2.595703125000000354e-03
5.204000000000000726e-04,4.335937499999942268e-03,-2.578515624999998777e-03
5.206000000000000775e-04,4.824218749999942268e-03,-2.571679687500000831e-03
5.208000000000000823e-04,4.511718750000004441e-03,-2.602734375000000447e-03
5.210000000000000872e-04,4.609375000000137668e-03,-2.574609374999997473e-03
5.212000000000000920e-04,4.628906250000119904e-03,-2.494921874999999310e-03
5.214000000000000969e-04,4.394531249999888978e-03,-2.635156250000001213e-03
5.216000000000001018e-04,4.628906249999897859e-03,-2.631640624999999865e-03
5.218000000000001066e-04,4.902343749999871214e-03,-2.615820312499998572e-03
5.220000000000001115e-04,4.765625000000106581e-03,-2.619531249999999464e-03
5.222000000000000079e-04,4.824218749999942268e-03,-2.633398437500000973e-03
5.224000000000000128e-04,4.726562500000031086e-03,-2.589062500000000218e-03
5.226000000000000176e-04,4.375000000000128786e-03,-2.604296875000001142e-03
5.228000000000000225e-04,4.589843749999933387e-03,-2.620703124999999335e-03
5.230000000000000274e-04,4.570312499999840128e-03,-2.561718749999998025e-03
5.232000000000000322e-04,4.824218749999831246e-03,-2.561718750000001495e-03
5.234000000000000371e-04,4.492187499999911182e-03,-2.516406249999998679e-03
5.236000000000000420e-04,4.687499999999955591e-03,-2.508203125000000450e-03
5.238000000000000468e-04,4.687500000000066613e-03,-2.521679687500000266e-03
5.240000000000000517e-04,4.902343749999871214e-03,-2.520898437499999485e-03
5.242000000000000565e-04,4.863281250000017764e-03,-2.528320312499997800e-03
5.244000000000000614e-04,4.687499999999955591e-03,-2.556835937500001599e-03
5.246000000000000663e-04,4.785156249999977796e-03,-2.503320312499998819e-03
5.248000000000000711e-04,4.589843749999933387e-03,-2.487109375000000171e-03
5.250000000000000760e-04,4.472656249999928946e-03,-2.472656250000000895e-03
5.252000000000000808e-04,4.589843750000044409e-03,-2.462304687499998999e-03
5.254000000000000857e-04,4.589843749999822364e-03,-2.468359375000001368e-03
5.256000000000000906e-04,4.707031249999826805e-03,-2.402929687499998600e-03
5.258000000000000954e-04,4.804687499999849010e-03,-2.373046875000000590e-03
5.260000000000001003e-04,4.667968749999973355e-03,-2.342968749999998698e-03
5.262000000000001051e-04,4.453124999999835687e-03,-2.362890624999999974e-03
5.264000000000001100e-04,4.296875000000088818e-03,-2.354882812499998687e-03
5.266000000000001149e-04,4.511718750000004441e-03,-2.349218749999999745e-03
5.268000000000000113e-04,4.550781249999857891e-03,-2.355078125000001701e-03
5.270000000000000162e-04,4.843750000000035527e-03,-2.291796874999999130e-03
5.272000000000000210e-04,4.863281250000017764e-03,-2.368164062499999827e-03
5.274000000000000259e-04,4.843749999999924505e-03,-2.291601562500002187e-03
5.276000000000000308e-04,4.628906249999897859e-03,-2.252343749999999138e-03
5.278000000000000356e-04,4.609374999999915623e-03,-2.248242187500000891e-03
5.280000000000000405e-04,4.687500000000066613e-03,-2.177539062499999137e-03
5.282000000000000453e-04,4.394531250000000000e-03,-2.265820312500000690e-03
5.284000000000000502e-04,4.667968749999973355e-03,-2.093945312499997935e-03
5.286000000000000551e-04,5.136718749999991118e-03,-2.179687499999998467e-03
5.288000000000000599e-04,4.843749999999702460e-03,-2.132226562499999790e-03
5.290000000000000648e-04,4.355468750000035527e-03,-2.198046874999999047e-03
5.292000000000000696e-04,5.117187499999897859e-03,-2.173437500000000022e-03
5.294000000000000745e-04,4.589843750000044409e-03,-2.190039062499998627e-03
5.296000000000000794e-04,4.531249999999875655e-03,-2.119921874999998110e-03
5.298000000000000842e-04,4.667968750000084377e-03,-2.126757812499997791e-03
5.300000000000000891e-04,4.453124999999835687e-03,-2.086718749999999165e-03
5.302000000000000940e-04,4.589843749999822364e-03,-2.096093749999998999e-03
5.304000000000000988e-04,4.492187500000022204e-03,-2.013281250000001181e-03
5.306000000000001037e-04,4.492187500000133227e-03,-2.040039062500001270e-03
5.308000000000001085e-04,4.589843749999933387e-03,-2.029296874999999417e-03
5.310000000000001134e-04,4.492187500000022204e-03,-2.002539062500001063e-03
5.312000000000000098e-04,4.570312499999840128e-03,-1.958984374999998487e-03
5.314000000000000147e-04,4.589843749999822364e-03,-2.002734375000000608e-03
5.316000000000000196e-04,4.785156249999866773e-03,-1.999609374999998350e-03
5.318000000000000244e-04,4.589843749999711342e-03,-1.935742187499998879e-03
5.320000000000000293e-04,4.667968749999640288e-03,-1.944531250000000079e-03
5.322000000000000342e-04,4.667968749999862332e-03,-1.893554687500000056e-03
5.324000000000000390e-04,4.472656250000150990e-03,-1.848632812500000666e-03
5.326000000000000439e-04,4.550781250000079936e-03,-1.819140625000000011e-03
5.328000000000000487e-04,4.882812499999666933e-03,-1.829492187499999305e-03
5.330000000000000536e-04,4.511718749999893419e-03,-1.808593750000002040e-03
5.332000000000000585e-04,4.746093749999791278e-03,-1.836523437499999398e-03
5.334000000000000633e-04,4.863281249999906741e-03,-1.852734374999998913e-03
5.336000000000000682e-04,4.687499999999844569e-03,-1.751171875000000558e-03
5.338000000000000730e-04,4.746093749999902300e-03,-1.743164062499999271e-03
5.340000000000000779e-04,5.117187499999897859e-03,-1.689062499999999592e-03
5.342000000000000828e-04,5.136718749999769074e-03,-1.708593750000000043e-03
5.344000000000000876e-04,4.804687499999849010e-03,-1.661328125000000912e-03
5.346000000000000925e-04,4.960937499999928946e-03,-1.607421874999999910e-03
5.348000000000000973e-04,4.667968750000084377e-03,-1.633203124999999672e-03
5.350000000000001022e-04,4.531249999999875655e-03,-1.576367187500000294e-03
5.352000000000001071e-04,4.804687499999849010e-03,-1.578710937499999169e-03
5.354000000000001119e-04,4.687500000000066613e-03,-1.534374999999999281e-03
5.356000000000001168e-04,4.863281250000017764e-03,-1.562304687500000976e-03
5.358000000000000132e-04,4.726562499999920064e-03,-1.557812499999998435e-03
5.360000000000000181e-04,4.765625000000106581e-03,-1.498046874999999813e-03
5.362000000000000230e-04,4.921874999999964473e-03,-1.442187500000002495e-03
5.364000000000000278e-04,4.980468750000022204e-03,-1.427539062499999338e-03
5.366000000000000327e-04,4.707031249999826805e-03,-1.422460937500000765e-03
5.368000000000000375e-04,4.335937500000053291e-03,-1.394921875000000762e-03
5.370000000000000424e-04,4.746093749999902300e-03,-1.314843750000001775e-03
5.372000000000000473e-04,4.589843749999822364e-03,-1.336718750000000233e-03
5.374000000000000521e-04,4.570312499999840128e-03,-1.249414062499997272e-03
5.376000000000000570e-04,4.492187499999911182e-03,-1.264648437499999931e-03
5.378000000000000618e-04,4.843750000000035527e-03,-1.231250000000000573e-03
5.380000000000000667e-04,5.000000000000004441e-03,-1.189843749999999062e-03
5.382000000000000716e-04,4.394531249999888978e-03,-1.179882812499999725e-03
5.384000000000000764e-04,4.687499999999955591e-03,-1.166992187499998543e-03
5.386000000000000813e-04,4.609375000000026645e-03,-1.087304687499999513e-03
5.388000000000000862e-04,4.648437499999991118e-03,-1.045507812500000647e-03
5.390000000000000910e-04,4.648437499999991118e-03,-9.335937500000029976e-04
5.392000000000000959e-04,4.687499999999955591e-03,-1.115429687499999017e-03
5.394000000000001007e-04,4.589843749999822364e-03,-9.802734375000008923e-04
5.396000000000001056e-04,4.941406250000057732e-03,-9.589843750000010686e-04
5.398000000000001105e-04,4.433593749999964473e-03,-8.843749999999988773e-04
5.400000000000001153e-04,4.589843749999822364e-03,-9.107421874999990091e-04
5.402000000000000118e-04,4.765624999999884537e-03,-8.585937499999991146e-04
5.404000000000000166e-04,4.785156249999866773e-03,-8.048828124999993922e-04
5.406000000000000215e-04,4.882812499999777955e-03,-7.261718749999989536e-04
5.408000000000000263e-04,4.511718750000004441e-03,-7.275390625000001041e-04
5.410000000000000312e-04,4.218749999999937828e-03,-7.021484375000011657e-04
5.412000000000000361e-04,4.628906250000008882e-03,-6.916015625000005926e-04
5.414000000000000409e-04,4.726562500000031086e-03,-6.242187500000006412e-04
5.416000000000000458e-04,4.570312499999840128e-03,-6.474609374999993824e-04
5.418000000000000507e-04,4.648437499999880096e-03,-5.953124999999994879e-04
5.420000000000000555e-04,4.667968750000084377e-03,-5.781250000000005135e-04
5.422000000000000604e-04,4.707031249999937828e-03,-5.386718749999996544e-04
5.424000000000000652e-04,4.550781249999857891e-03,-4.748046875000010505e-04
5.426000000000000701e-04,4.628906250000119904e-03,-4.472656249999984457e-04
5.428000000000000750e-04,4.609375000000026645e-03,-3.921875000000001749e-04
5.430000000000000798e-04,4.531249999999986677e-03,-3.527343750000010505e-04
5.432000000000000847e-04,4.960937499999817923e-03,-3.037109375000008119e-04
5.434000000000000895e-04,4.863281249999906741e-03,-2.869140624999991923e-04
5.436000000000000944e-04,4.707031250000048850e-03,-2.187499999999993269e-04
5.438000000000000993e-04,4.804687500000071054e-03,-2.615234374999993866e-04
5.440000000000001041e-04,4.707031249999715783e-03,-2.222656249999998071e-04
5.442000000000001090e-04,4.765624999999773515e-03,-2.150390625000001693e-04
5.444000000000001139e-04,4.804687499999960032e-03,-2.058593750000007466e-04
5.446000000000000103e-04,4.511718750000004441e-03,-1.582031250000007910e-04
5.448000000000000152e-04,4.707031249999826805e-03,-9.062500000000129480e-05
5.450000000000000200e-04,4.726562499999698019e-03,-6.230468750000137806e-05
5.452000000000000249e-04,4.531250000000097700e-03,-8.300781249999996531e-05
5.454000000000000297e-04,4.843750000000146549e-03,6.113281249999890504e-05
5.456000000000000346e-04,4.570312499999951150e-03,1.152343750000003192e-04
5.458000000000000395e-04,4.804687500000071054e-03,1.361328125000010533e-04
5.460000000000000443e-04,4.824218750000164313e-03,1.037109375000002873e-04
5.462000000000000492e-04,4.765624999999995559e-03,1.234375000000002831e-04
5.464000000000000540e-04,4.570312499999840128e-03,1.246093749999992867e-04
5.466000000000000589e-04,4.863281249999795719e-03,1.201171875000002151e-04
5.468000000000000638e-04,5.039062499999968914e-03,1.802734375000005287e-04
5.470000000000000686e-04,4.707031249999937828e-03,2.255859375000007425e-04
5.472000000000000735e-04,4.765624999999884537e-03,2.767578125000003109e-04
5.474000000000000784e-04,4.980468749999911182e-03,3.123046875000007327e-04
5.476000000000000832e-04,4.628906250000008882e-03,3.552734375000003372e-04
5.478000000000000881e-04,4.687499999999955591e-03,3.093750000000014891e-04
5.480000000000000929e-04,4.648437499999769074e-03,4.386718749999993922e-04
5.482000000000000978e-04,4.472656249999817923e-03,3.962890625000018915e-04
5.484000000000001027e-04,4.687499999999955591e-03,4.123046875000009950e-04
5.486000000000001075e-04,4.746093750000013323e-03,3.773437499999992076e-04
5.488000000000001124e-04,4.335937499999942268e-03,4.332031249999982597e-04
5.490000000000001172e-04,4.609375000000026645e-03,4.402343749999992201e-04
5.492000000000000137e-04,4.687500000000066613e-03,4.400390624999996753e-04
5.494000000000000185e-04,4.687500000000066613e-03,5.113281250000000638e-04
5.496000000000000234e-04,4.550781249999857891e-03,5.406249999999985720e-04
5.498000000000000283e-04,4.863281249999906741e-03,5.943359375000008965e-04
5.500000000000000331e-04,4.687499999999844569e-03,5.599609374999994782e-04
5.502000000000000380e-04,4.628906250000119904e-03,5.722656250000002914e-04
5.504000000000000429e-04,4.785156249999977796e-03,5.896484374999979433e-04
5.506000000000000477e-04,5.097656250000137668e-03,5.927734375000010686e-04
5.508000000000000526e-04,4.570312499999951150e-03,6.126953124999997419e-04
5.510000000000000574e-04,4.746093749999902300e-03,6.339843749999995656e-04
5.512000000000000623e-04,4.746093750000013323e-03,6.447265624999996836e-04
5.514000000000000672e-04,4.804687499999960032e-03,6.113281250000011935e-04
5.516000000000000720e-04,4.628906249999897859e-03,6.593750000000002387e-04
5.518000000000000769e-04,4.843749999999702460e-03,6.724609375000009659e-04
5.520000000000000817e-04,4.238281250000031086e-03,7.341796875000002401e-04
5.522000000000000866e-04,5.214843749999920064e-03,7.183593750000006814e-04
5.524000000000000915e-04,4.804687500000182077e-03,8.103515624999987899e-04
5.526000000000000963e-04,4.707031249999937828e-03,7.300781250000019929e-04
5.528000000000001012e-04,4.726562500000031086e-03,7.527343750000003650e-04
5.530000000000001061e-04,4.375000000000017764e-03,7.083984375000013448e-04
5.532000000000001109e-04,4.726562500000031086e-03,7.113281250000014558e-04
5.534000000000001158e-04,4.882812499999888978e-03,6.925781250000000513e-04
5.536000000000000122e-04,4.824218750000053291e-03,7.492187499999998848e-04
5.538000000000000171e-04,4.667968749999862332e-03,8.158203124999999223e-04
5.540000000000000219e-04,4.160156249999880096e-03,7.451171875000007702e-04
5.542000000000000268e-04,4.746093749999902300e-03,8.214843749999997322e-04
5.544000000000000317e-04,4.648437499999880096e-03,8.406250000000002262e-04
5.546000000000000365e-04,4.843750000000035527e-03,8.179687499999992520e-04
5.548000000000000414e-04,4.492187499999689138e-03,8.490234374999988676e-04
5.550000000000000462e-04,4.687499999999955591e-03,8.505859375000012976e-04
5.552000000000000511e-04,4.414062499999871214e-03,8.314453125000025382e-04
5.554000000000000560e-04,4.707031249999826805e-03,8.177734374999979725e-04
5.556000000000000608e-04,4.589843750000155431e-03,7.804687499999999126e-04
5.558000000000000657e-04,4.824218749999831246e-03,8.048828124999993922e-04
5.560000000000000706e-04,4.687499999999955591e-03,7.951171875000004677e-04
5.562000000000000754e-04,4.609374999999804601e-03,8.384765625000000291e-04
5.564000000000000803e-04,4.765624999999884537e-03,8.251953125000014919e-04
5.566000000000000851e-04,4.765625000000106581e-03,8.306640624999991548e-04
5.568000000000000900e-04,4.550781249999857891e-03,8.205078125000011408e-04
5.570000000000000949e-04,4.316406250000071054e-03,9.041015624999988731e-04
5.572000000000000997e-04,4.531249999999875655e-03,7.376953125000015876e-04
5.574000000000001046e-04,4.726562499999920064e-03,8.144531250000005065e-04
5.576000000000001094e-04,4.589843749999933387e-03,7.962890624999986039e-04
5.578000000000001143e-04,4.687499999999844569e-03,8.119140624999994851e-04
5.580000000000001192e-04,4.667968750000084377e-03,7.882812499999999195e-04
5.582000000000000156e-04,4.824218749999831246e-03,7.984374999999988010e-04
5.584000000000000205e-04,5.078124999999822364e-03,8.023437500000001055e-04
5.586000000000000253e-04,4.707031250000048850e-03,8.410156250000001832e-04
5.588000000000000302e-04,4.687499999999733546e-03,8.330078124999997641e-04
5.590000000000000351e-04,4.765624999999995559e-03,8.269531250000008646e-04
5.592000000000000399e-04,4.882812499999888978e-03,7.992187500000013170e-04
5.594000000000000448e-04,4.648437499999991118e-03,7.970703125000002526e-04
5.596000000000000496e-04,4.746093750000013323e-03,7.912109375000008979e-04
5.598000000000000545e-04,4.667968749999751310e-03,7.884765625000011990e-04
5.600000000000000594e-04,4.667968749999973355e-03,7.791015625000004968e-04
5.602000000000000642e-04,4.687500000000177636e-03,7.406250000000008313e-04
5.604000000000000691e-04,4.804687499999960032e-03,8.906249999999999237e-04
5.606000000000000739e-04,4.472656250000039968e-03,8.251953124999988898e-04
5.608000000000000788e-04,4.609374999999915623e-03,7.943359375000005537e-04
5.610000000000000837e-04,4.531250000000097700e-03,7.869140625000005038e-04
5.612000000000000885e-04,4.472656249999928946e-03,7.865234375000005468e-04
5.614000000000000934e-04,4.785156250000088818e-03,7.886718750000007438e-04
5.616000000000000983e-04,4.628906249999897859e-03,7.513671875000000819e-04
5.618000000000001031e-04,4.609374999999915623e-03,7.509765625000018596e-04
5.620000000000001080e-04,4.648437499999991118e-03,7.976562500000023564e-04
5.622000000000001128e-04,4.746093749999902300e-03,7.685546874999999237e-04
5.624000000000001177e-04,4.609374999999915623e-03,7.775390625000015363e-04
5.626000000000000141e-04,4.589843749999822364e-03,7.849609375000007189e-04
5.628000000000000190e-04,4.804687500000071054e-03,8.062500000000014100e-04
5.630000000000000239e-04,4.609374999999915623e-03,8.273437500000008216e-04
5.632000000000000287e-04,4.433593749999853451e-03,8.326171874999989397e-04
5.634000000000000336e-04,4.374999999999906741e-03,7.853515625000006758e-04
5.636000000000000384e-04,4.394531249999888978e-03,7.621093750000010672e-04
5.638000000000000433e-04,4.628906249999786837e-03,7.982421875000027256e-04
5.640000000000000482e-04,4.746093749999902300e-03,7.634765625000013503e-04
5.642000000000000530e-04,4.589843750000155431e-03,8.558593750000002831e-04
5.644000000000000579e-04,5.214843749999920064e-03,7.996093749999995393e-04
5.646000000000000628e-04,4.902343749999649170e-03,8.570312499999992867e-04
5.648000000000000676e-04,4.414062499999871214e-03,8.251953125000023592e-04
5.650000000000000725e-04,4.472656249999928946e-03,8.203125000000007286e-04
5.652000000000000773e-04,4.531249999999986677e-03,8.341796874999996350e-04
5.654000000000000822e-04,4.453124999999946709e-03,8.759765625000002359e-04
5.656000000000000871e-04,4.472656250000039968e-03,8.986328125000003428e-04
5.658000000000000919e-04,4.472656249999817923e-03,8.382812499999987496e-04
5.660000000000000968e-04,4.687500000000066613e-03,8.597656249999998529e-04
5.662000000000001016e-04,4.726562500000031086e-03,8.136718749999997252e-04
5.664000000000001065e-04,4.570312499999729106e-03,8.857421875000000278e-04
5.666000000000001114e-04,4.394531250000000000e-03,9.146484375000011810e-04
5.668000000000001162e-04,4.531249999999875655e-03,9.037109375000006509e-04
5.670000000000000127e-04,4.355468749999924505e-03,9.556640625000001332e-04
5.672000000000000175e-04,4.628906250000008882e-03,9.804687499999995698e-04
5.674000000000000224e-04,4.667968749999751310e-03,9.064453125000003497e-04
5.676000000000000273e-04,4.765624999999995559e-03,9.359374999999992700e-04
5.678000000000000321e-04,4.726562499999809042e-03,9.650390625000008354e-04
5.680000000000000370e-04,4.511718750000004441e-03,1.016015624999999992e-03
5.682000000000000418e-04,4.511718750000115463e-03,9.544921875000002623e-04
5.684000000000000467e-04,4.824218749999831246e-03,9.929687500000007952e-04
5.686000000000000516e-04,4.785156249999866773e-03,9.148437499999989911e-04
5.688000000000000564e-04,4.726562499999809042e-03,1.002148437500000218e-03
5.690000000000000613e-04,4.726562499999809042e-03,9.966796875000008202e-04
5.692000000000000661e-04,4.746093749999902300e-03,1.059960937499999922e-03
5.694000000000000710e-04,4.980468749999911182e-03,1.089257812499998430e-03
5.696000000000000759e-04,4.785156249999866773e-03,1.126562500000000827e-03
5.698000000000000807e-04,4.804687499999849010e-03,1.055078125000001761e-03
5.700000000000000856e-04,4.628906249999897859e-03,1.127539062499999419e-03
5.702000000000000905e-04,4.648437499999880096e-03,1.064453124999998994e-03
5.704000000000000953e-04,4.687499999999844569e-03,1.056250000000000765e-03
5.706000000000001002e-04,4.687499999999955591e-03,1.091601562499999040e-03
5.708000000000001050e-04,4.785156249999866773e-03,1.060937499999999381e-03
5.710000000000001099e-04,4.667968750000084377e-03,1.088476562500000251e-03
5.712000000000001148e-04,4.238281249999809042e-03,1.107031249999999509e-03
5.714000000000001196e-04,4.843749999999702460e-03,1.197070312500000434e-03
5.716000000000000161e-04,4.492187499999911182e-03,1.178515624999999442e-03
5.718000000000000209e-04,4.433593749999742428e-03,1.154492187499999920e-03
5.720000000000000258e-04,4.531249999999764633e-03,1.224023437500001803e-03
5.722000000000000306e-04,4.648437499999991118e-03,1.240624999999999541e-03
5.724000000000000355e-04,4.238281250000031086e-03,1.187304687500000643e-03
5.726000000000000404e-04,4.472656250000039968e-03,1.132031250000000225e-03
5.728000000000000452e-04,4.785156249999977796e-03,1.139062500000001185e-03
5.730000000000000501e-04,4.902343749999982236e-03,1.118945312500000365e-03
5.732000000000000550e-04,4.726562499999920064e-03,1.141406249999998325e-03
5.734000000000000598e-04,4.804687499999960032e-03,1.163867187499998020e-03
5.736000000000000647e-04,4.667968749999973355e-03,1.229101562500000376e-03
5.738000000000000695e-04,4.648437499999769074e-03,1.216210937500000928e-03
5.740000000000000744e-04,5.000000000000004441e-03,1.254492187499999314e-03
5.742000000000000793e-04,4.765624999999884537e-03,1.252539062500000397e-03
5.744000000000000841e-04,4.277343749999773515e-03,1.227343749999999269e-03
5.746000000000000890e-04,4.902343749999982236e-03,1.191992187499999259e-03
5.748000000000000938e-04,4.726562499999698019e-03,1.264257812499999106e-03
5.750000000000000987e-04,4.882812500000000000e-03,1.113671874999999645e-03
5.752000000000001036e-04,4.589843750000044409e-03,1.140234374999998454e-03
5.754000000000001084e-04,4.667968750000195399e-03,1.121484374999999652e-03
5.756000000000001133e-04,4.824218749999831246e-03,1.152539062500001002e-03
5.758000000000001182e-04,4.785156249999977796e-03,1.147265625000000282e-03
5.760000000000000146e-04,4.609375000000026645e-03,1.145703124999999586e-03
5.762000000000000195e-04,4.765625000000106581e-03,1.227734374999999226e-03
5.764000000000000243e-04,4.687500000000177636e-03,1.157226562500000486e-03
5.766000000000000292e-04,4.492187500000022204e-03,1.170507812499999890e-03
5.768000000000000340e-04,5.000000000000004441e-03,1.135937499999998060e-03
5.770000000000000389e-04,4.414062499999871214e-03,1.110351562500000444e-03
5.772000000000000438e-04,4.335937499999831246e-03,1.089843750000000534e-03
5.774000000000000486e-04,4.980468750000022204e-03,1.085742187499997950e-03
5.776000000000000535e-04,4.589843750000044409e-03,1.099609374999999459e-03
5.778000000000000583e-04,4.980468750000022204e-03,1.103320312500000351e-03
5.780000000000000632e-04,4.609374999999915623e-03,1.087109375000000835e-03
5.782000000000000681e-04,4.550781250000079936e-03,1.080664062500001112e-03
5.784000000000000729e-04,4.824218749999942268e-03,1.096289062500001125e-03
5.786000000000000778e-04,4.589843749999933387e-03,1.053125000000000241e-03
5.788000000000000827e-04,4.785156249999866773e-03,1.072265624999999868e-03
5.790000000000000875e-04,4.824218749999942268e-03,1.093359374999999280e-03
5.792000000000000924e-04,5.117187500000230926e-03,1.002929687500000132e-03
5.794000000000000972e-04,4.785156249999977796e-03,1.028515624999999482e-03
5.796000000000001021e-04,4.726562500000031086e-03,9.789062499999997419e-04
5.798000000000001070e-04,4.492187499999800160e-03,9.773437499999990466e-04
5.800000000000001118e-04,4.824218749999942268e-03,9.671874999999984304e-04
5.802000000000001167e-04,4.765625000000106581e-03,1.014648437500000576e-03
5.804000000000000131e-04,4.648437499999991118e-03,9.937499999999998418e-04
5.806000000000000180e-04,4.785156249999977796e-03,9.826171875000006342e-04
5.808000000000000228e-04,4.921875000000075495e-03,8.978515625000012962e-04
5.810000000000000277e-04,4.589843750000044409e-03,9.583984375000006994e-04
5.812000000000000326e-04,4.433593749999964473e-03,9.359374999999992700e-04
5.814000000000000374e-04,4.746093750000013323e-03,9.626953125000010936e-04
5.816000000000000423e-04,4.609374999999915623e-03,8.980468749999999736e-04
5.818000000000000472e-04,4.648437499999991118e-03,9.148437499999998584e-04
5.820000000000000520e-04,4.667968749999640288e-03,8.693359374999992326e-04
5.822000000000000569e-04,4.726562499999809042e-03,8.996093749999989342e-04
5.824000000000000617e-04,4.609374999999804601e-03,8.847656250000031711e-04
5.826000000000000666e-04,4.609375000000026645e-03,8.683593749999997738e-04
5.828000000000000715e-04,5.078125000000044409e-03,9.449218750000008826e-04
5.830000000000000763e-04,4.804687499999849010e-03,9.103515624999999195e-04
5.832000000000000812e-04,4.726562499999809042e-03,8.830078125000020636e-04
5.834000000000000860e-04,4.667968749999862332e-03,8.751953124999985872e-04
5.836000000000000909e-04,4.492187500000022204e-03,8.798828124999989383e-04
5.838000000000000958e-04,4.921875000000075495e-03,9.333984374999999833e-04
5.840000000000001006e-04,4.648437499999769074e-03,8.312500000000003914e-04
5.842000000000001055e-04,4.667968750000195399e-03,8.503906250000000180e-04
5.844000000000001104e-04,4.355468749999924505e-03,8.619140625000000500e-04
5.846000000000001152e-04,4.882812499999888978e-03,7.923828124999990341e-04
5.848000000000001201e-04,4.785156249999866773e-03,8.316406250000012157e-04
5.850000000000000165e-04,4.804687499999849010e-03,8.316406250000003483e-04
5.852000000000000214e-04,4.628906249999897859e-03,8.402343749999985345e-04
5.854000000000000262e-04,4.375000000000017764e-03,8.171875000000002054e-04
5.856000000000000311e-04,4.667968749999751310e-03,7.984374999999996683e-04
5.858000000000000360e-04,4.687499999999844569e-03,7.591796875000000888e-04
5.860000000000000408e-04,4.765624999999995559e-03,7.501953124999993436e-04
5.862000000000000457e-04,4.824218749999831246e-03,7.466796874999997308e-04
5.864000000000000505e-04,4.492187500000022204e-03,8.154296874999999653e-04
5.866000000000000554e-04,4.492187500000022204e-03,8.009765625000006897e-04
5.868000000000000603e-04,4.628906250000008882e-03,7.908203124999992062e-04
5.870000000000000651e-04,4.785156249999866773e-03,7.476562500000009243e-04
5.872000000000000700e-04,4.882812499999777955e-03,7.718750000000008590e-04
5.874000000000000749e-04,4.687499999999844569e-03,7.171874999999999431e-04
5.876000000000000797e-04,4.687499999999955591e-03,6.751953124999997974e-04
5.878000000000000846e-04,4.101562499999933387e-03,7.070312500000001943e-04
5.880000000000000894e-04,4.726562499999809042e-03,7.023437500000015779e-04
5.882000000000000943e-04,4.785156249999977796e-03,6.683593750000009839e-04
5.884000000000000992e-04,4.628906250000119904e-03,7.349609374999992867e-04
5.886000000000001040e-04,4.609374999999915623e-03,7.138671874999990077e-04
5.888000000000001089e-04,4.648437500000102141e-03,7.234374999999992548e-04
5.890000000000001137e-04,4.472656249999928946e-03,7.572265624999994366e-04
5.892000000000001186e-04,4.746093749999680256e-03,7.185546875000002262e-04
5.894000000000000150e-04,4.648437499999880096e-03,7.093750000000025382e-04
5.896000000000000199e-04,4.902343749999871214e-03,6.912109375000006356e-04
5.898000000000000248e-04,4.628906249999786837e-03,6.437499999999993575e-04
5.900000000000000296e-04,4.687499999999955591e-03,6.677734374999997474e-04
5.902000000000000345e-04,4.804687499999960032e-03,6.203124999999993366e-04
5.904000000000000394e-04,4.707031249999937828e-03,6.267578125000007952e-04
5.906000000000000442e-04,4.550781249999968914e-03,6.365234374999979849e-04
5.908000000000000491e-04,4.687499999999844569e-03,6.654296875000000056e-04
5.910000000000000539e-04,4.531249999999875655e-03,6.771484374999995823e-04
5.912000000000000588e-04,4.589843749999822364e-03,6.787109374999985428e-04
5.914000000000000637e-04,4.648437499999769074e-03,6.943359375000002914e-04
5.916000000000000685e-04,4.687500000000066613e-03,7.029296875000019471e-04
5.918000000000000734e-04,4.941406249999835687e-03,6.269531250000012074e-04
5.920000000000000782e-04,4.999999999999893419e-03,6.779296874999986289e-04
5.922000000000000831e-04,4.531249999999875655e-03,6.378906250000000028e-04
5.924000000000000880e-04,4.472656249999928946e-03,6.378906250000017375e-04
5.926000000000000928e-04,4.609375000000026645e-03,5.832031249999990868e-04
5.928000000000000977e-04,4.316406249999960032e-03,6.062500000000008854e-04
5.930000000000001025e-04,4.609375000000137668e-03,6.333984374999991965e-04
5.932000000000001074e-04,4.824218749999942268e-03,6.753906249999993422e-04
5.934000000000001123e-04,4.472656249999817923e-03,6.947265624999993811e-04
5.936000000000001171e-04,4.570312500000173195e-03,6.662109374999990521e-04
5.938000000000001220e-04,4.921875000000075495e-03,6.708984375000011380e-04
5.940000000000000184e-04,4.589843749999933387e-03,6.621093750000016723e-04
5.942000000000000233e-04,4.492187499999911182e-03,5.935546875000018499e-04
5.944000000000000282e-04,4.726562499999809042e-03,6.082031249999989356e-04
5.946000000000000330e-04,4.609374999999915623e-03,6.273437499999994296e-04
5.948000000000000379e-04,4.843749999999813483e-03,6.152343749999981612e-04
5.950000000000000427e-04,4.707031250000048850e-03,5.960937500000002692e-04
5.952000000000000476e-04,4.472656250000039968e-03,5.843749999999998251e-04
5.954000000000000525e-04,4.550781249999968914e-03,6.052734375000022940e-04
5.956000000000000573e-04,4.804687500000071054e-03,6.421875000000003969e-04
5.958000000000000622e-04,4.648437499999769074e-03,6.751953124999997974e-04
5.960000000000000671e-04,4.804687499999849010e-03,6.439453125000006370e-04
5.962000000000000719e-04,4.687499999999844569e-03,6.591796875000006939e-04
5.964000000000000768e-04,4.765625000000106581e-03,6.035156249999994518e-04
5.966000000000000816e-04,4.570312500000062172e-03,6.039062499999994088e-04
5.968000000000000865e-04,4.609374999999693578e-03,5.550781250000013170e-04
5.970000000000000914e-04,4.570312499999951150e-03,5.714843750000012448e-04
5.972000000000000962e-04,4.296874999999866773e-03,5.669921875000004385e-04
5.974000000000001011e-04,4.511718749999893419e-03,5.738281250000009867e-04
5.976000000000001059e-04,4.648437499999880096e-03,5.935546875000009825e-04
5.978000000000001108e-04,4.570312500000062172e-03,5.849609374999993269e-04
5.980000000000001157e-04,4.941406249999946709e-03,6.218750000000000319e-04
5.982000000000001205e-04,4.453125000000057732e-03,6.091796875000001291e-04
5.984000000000000170e-04,4.785156250000088818e-03,5.687500000000006786e-04
5.986000000000000218e-04,4.707031249999937828e-03,5.648437499999993741e-04
5.988000000000000267e-04,4.648437500000102141e-03,5.490234374999998154e-04
5.990000000000000316e-04,4.550781249999968914e-03,5.499999999999992742e-04
5.992000000000000364e-04,4.609374999999915623e-03,5.062499999999997558e-04
5.994000000000000413e-04,4.824218749999942268e-03,4.603515625000009076e-04
5.996000000000000461e-04,4.746093749999902300e-03,5.386718750000005218e-04
5.998000000000000510e-04,4.492187499999911182e-03,4.746093749999997710e-04
6.000000000000000559e-04,4.667968749999862332e-03,5.937500000000022621e-04
6.002000000000000607e-04,4.628906249999897859e-03,5.724609375000007036e-04
6.004000000000000656e-04,4.707031249999715783e-03,5.300781249999997335e-04
6.006000000000000704e-04,4.824218750000053291e-03,5.056640624999985192e-04
6.008000000000000753e-04,4.921874999999964473e-03,4.751953124999975381e-04
6.010000000000000802e-04,4.687500000000066613e-03,4.804687499999991257e-04
6.012000000000000850e-04,4.628906249999897859e-03,4.404296874999978975e-04
6.014000000000000899e-04,4.726562500000142109e-03,4.416015624999986358e-04
6.016000000000000947e-04,4.960937499999928946e-03,4.271484374999993602e-04
6.018000000000000996e-04,4.648437500000102141e-03,4.873046874999988065e-04
6.020000000000001045e-04,4.648437499999880096e-03,3.833984374999981071e-04
6.022000000000001093e-04,4.531249999999875655e-03,4.638671874999996531e-04
6.024000000000001142e-04,4.394531249999888978e-03,4.451171874999999833e-04
6.026000000000001191e-04,4.609375000000137668e-03,4.835937500000013836e-04
6.028000000000000155e-04,4.492187500000022204e-03,4.533203125000008146e-04
6.030000000000000204e-04,4.492187499999911182e-03,4.232421875000006578e-04
6.032000000000000252e-04,4.785156249999755751e-03,4.033203125000011172e-04
6.034000000000000301e-04,4.804687499999849010e-03,4.023437499999990563e-04
6.036000000000000349e-04,4.414062499999982236e-03,3.640625000000006703e-04
6.038000000000000398e-04,4.687499999999955591e-03,4.107421874999994324e-04
6.040000000000000447e-04,4.492187499999911182e-03,3.906249999999994796e-04
6.042000000000000495e-04,4.804687499999960032e-03,3.451171874999988537e-04
6.044000000000000544e-04,4.667968749999862332e-03,3.960937499999980099e-04
6.046000000000000592e-04,4.609374999999804601e-03,3.720703125000002220e-04
6.048000000000000641e-04,4.687500000000066613e-03,3.835937500000011213e-04
6.050000000000000690e-04,4.667968749999751310e-03,3.158203124999994782e-04
6.052000000000000738e-04,4.726562499999920064e-03,3.451171874999979863e-04
6.054000000000000787e-04,4.589843749999711342e-03,3.431640625000008035e-04
6.056000000000000836e-04,4.648437499999991118e-03,3.130859374999989120e-04
6.058000000000000884e-04,4.843749999999813483e-03,3.388671875000012768e-04
6.060000000000000933e-04,4.726562499999920064e-03,3.109374999999995823e-04
6.062000000000000981e-04,4.628906249999897859e-03,3.251953124999993130e-04
6.064000000000001030e-04,4.609375000000026645e-03,3.054687500000010519e-04
6.066000000000001079e-04,4.785156249999977796e-03,2.744140624999997016e-04
6.068000000000001127e-04,4.570312500000062172e-03,2.896484375000006259e-04
6.070000000000001176e-04,4.316406249999960032e-03,2.699218749999997627e-04
6.072000000000001224e-04,4.570312500000062172e-03,2.826171874999996655e-04
6.074000000000000189e-04,4.687499999999733546e-03,2.314453125000000971e-04
6.076000000000000238e-04,4.414062499999871214e-03,2.777343749999989023e-04
6.078000000000000286e-04,4.921874999999853451e-03,2.589843750000000999e-04
6.080000000000000335e-04,4.902343749999871214e-03,2.871093750000004718e-04
6.082000000000000383e-04,4.687500000000066613e-03,2.859375000000014683e-04
6.084000000000000432e-04,4.687500000000066613e-03,2.687499999999998918e-04
6.086000000000000481e-04,4.453124999999724665e-03,2.130859375000003844e-04
6.088000000000000529e-04,4.824218749999942268e-03,2.718750000000004149e-04
6.090000000000000578e-04,4.726562499999920064e-03,2.382812499999997780e-04
6.092000000000000626e-04,4.628906250000008882e-03,2.373046875000011866e-04
6.094000000000000675e-04,4.511718750000004441e-03,2.292968749999999001e-04
6.096000000000000724e-04,4.824218750000053291e-03,2.431640625000031433e-04
6.098000000000000772e-04,4.804687499999960032e-03,2.109375000000010547e-04
6.100000000000000821e-04,4.550781249999857891e-03,1.873046875000014891e-04
6.102000000000000869e-04,4.863281249999906741e-03,2.031250000000010478e-04
6.104000000000000918e-04,4.648437500000102141e-03,1.925781250000013420e-04
6.106000000000000967e-04,4.765624999999995559e-03,2.212890625000003483e-04
6.108000000000001015e-04,4.921874999999853451e-03,2.685546874999994796e-04
6.110000000000001064e-04,4.667968749999751310e-03,1.769531250000004607e-04
6.112000000000001113e-04,4.589843750000044409e-03,2.187500000000001943e-04
6.114000000000001161e-04,4.433593750000075495e-03,2.425781250000001721e-04
6.116000000000001210e-04,4.374999999999906741e-03,1.886718749999991701e-04
6.118000000000000174e-04,4.804687500000182077e-03,2.119140624999996461e-04
6.120000000000000223e-04,4.863281249999906741e-03,1.583984375000003358e-04
6.122000000000000271e-04,4.785156250000088818e-03,2.175781250000003234e-04
6.124000000000000320e-04,4.882812499999888978e-03,1.400390624999988884e-04
6.126000000000000369e-04,4.707031249999826805e-03,1.226562499999986344e-04
6.128000000000000417e-04,4.843750000000035527e-03,1.751953125000002207e-04
6.130000000000000466e-04,4.765625000000106581e-03,1.791015625000015252e-04
6.132000000000000514e-04,4.531249999999875655e-03,2.609374999999998848e-04
6.134000000000000563e-04,4.746093749999902300e-03,2.019531249999994421e-04
6.136000000000000612e-04,4.707031249999937828e-03,1.927734375000008868e-04
6.138000000000000660e-04,4.511718750000004441e-03,1.667968750000007119e-04
6.140000000000000709e-04,4.746093749999902300e-03,1.363281249999997308e-04
6.142000000000000758e-04,4.921874999999853451e-03,1.138671875000000361e-04
6.144000000000000806e-04,5.019531250000097700e-03,1.121093749999997960e-04
6.146000000000000855e-04,4.707031249999937828e-03,1.587890625000002928e-04
6.148000000000000903e-04,4.746093750000124345e-03,1.691406250000004538e-04
6.150000000000000952e-04,4.921874999999853451e-03,1.550781249999994005e-04
6.152000000000001001e-04,4.648437499999769074e-03,2.037109374999996822e-04
6.154000000000001049e-04,4.511718749999782396e-03,2.007812500000004385e-04
6.156000000000001098e-04,4.667968749999862332e-03,1.425781250000016445e-04
6.158000000000001146e-04,4.765625000000106581e-03,1.931640624999999764e-04
6.160000000000001195e-04,4.687499999999733546e-03,1.398437499999993436e-04
6.162000000000001244e-04,4.882812499999888978e-03,1.101562499999991437e-04
6.164000000000000208e-04,4.921874999999964473e-03,9.785156249999746314e-05
6.166000000000000257e-04,4.511718750000004441e-03,5.566406250000037470e-05
6.168000000000000305e-04,4.707031249999826805e-03,1.249999999999983763e-04
6.170000000000000354e-04,4.648437499999991118e-03,1.507812500000007411e-04
6.172000000000000403e-04,4.785156249999866773e-03,1.460937499999995226e-04
6.174000000000000451e-04,4.726562499999920064e-03,2.033203124999997252e-04
6.176000000000000500e-04,4.785156249999977796e-03,1.589843750000007050e-04
6.178000000000000548e-04,4.902343750000093259e-03,1.484375000000009992e-04
6.180000000000000597e-04,4.628906250000008882e-03,1.189453125000003442e-04
6.182000000000000646e-04,4.374999999999684697e-03,1.431640625000020137e-04
6.184000000000000694e-04,4.804687499999960032e-03,7.246093750000112688e-05
6.186000000000000743e-04,4.453125000000057732e-03,1.068359375000008105e-04
6.188000000000000791e-04,4.804687499999737987e-03,1.244140624999997419e-04
6.190000000000000840e-04,4.785156249999755751e-03,6.816406250000073275e-05
6.192000000000000889e-04,4.746093749999791278e-03,6.503906249999847483e-05
6.194000000000000937e-04,4.707031249999937828e-03,7.792968750000052458e-05
6.196000000000000986e-04,4.882812500000000000e-03,1.437500000000006481e-04
6.198000000000001035e-04,4.785156249999977796e-03,2.058593749999990119e-04
6.200000000000001083e-04,4.628906250000008882e-03,1.123046875000010755e-04
6.202000000000001132e-04,4.589843749999933387e-03,1.525390625000009812e-04
6.204000000000001180e-04,4.746093750000013323e-03,9.570312499999986816e-05
6.206000000000001229e-04,4.746093749999902300e-03,7.617187499999854977e-05
6.208000000000000193e-04,4.824218749999720224e-03,5.000000000000056483e-05
6.210000000000000242e-04,5.058593750000284217e-03,6.679687499999958228e-05
6.212000000000000291e-04,4.746093749999791278e-03,7.011718749999965028e-05
6.214000000000000339e-04,4.765624999999884537e-03,9.121093750000079659e-05
6.216000000000000388e-04,4.433593750000075495e-03,5.839843750000007355e-05
6.218000000000000436e-04,4.863281249999906741e-03,7.285156249999934913e-05
6.220000000000000485e-04,4.921874999999742428e-03,7.578125000000032752e-05
6.222000000000000534e-04,4.707031249999826805e-03,5.644531249999942130e-05
6.224000000000000582e-04,4.511718749999893419e-03,9.101562499999864969e-05
6.226000000000000631e-04,4.882812499999888978e-03,1.542968749999986192e-04
6.228000000000000680e-04,4.921874999999964473e-03,9.492187499999995420e-05
6.230000000000000728e-04,4.902343750000093259e-03,3.613281249999992367e-05
6.232000000000000777e-04,4.765625000000106581e-03,9.160156249999728412e-05
6.234000000000000825e-04,4.355468750000035527e-03,9.570312499998512301e-06
6.236000000000000874e-04,4.707031249999826805e-03,9.394531249999789335e-05
6.238000000000000923e-04,4.667968749999751310e-03,4.882812499999982653e-05
6.240000000000000971e-04,4.609374999999804601e-03,6.660156249999917011e-05
6.242000000000001020e-04,4.492187500000022204e-03,6.796875000000032058e-05
6.244000000000001068e-04,4.316406249999849010e-03,5.683593750000111300e-05
6.246000000000001117e-04,4.609374999999915623e-03,9.882812499999952399e-05
6.248000000000001166e-04,4.609375000000137668e-03,9.511718749999949901e-05
6.250000000000001214e-04,4.785156249999866773e-03,6.015625000000031364e-05
6.252000000000000179e-04,4.746093749999902300e-03,6.816406250000073275e-05
6.254000000000000227e-04,4.609374999999804601e-03,5.449218750000050376e-05
6.256000000000000276e-04,4.785156249999977796e-03,3.222656249999861916e-05
6.258000000000000325e-04,4.531249999999653610e-03,2.265625000000010686e-05
6.260000000000000373e-04,4.511718750000004441e-03,1.230468749999821115e-05
6.262000000000000422e-04,5.019531250000097700e-03,5.468750000000004857e-05
6.264000000000000470e-04,4.687499999999844569e-03,6.523437500000235645e-05
6.266000000000000519e-04,4.609374999999915623e-03,6.386718750000207334e-05
6.268000000000000568e-04,4.472656250000039968e-03,4.296875000000047184e-05
6.270000000000000616e-04,4.707031249999937828e-03,2.402343750000299205e-05
6.272000000000000665e-04,4.648437499999658051e-03,-4.101562500000849321e-06
6.274000000000000713e-04,4.687499999999844569e-03,-1.093749999999966277e-05
6.276000000000000762e-04,4.453124999999835687e-03,-4.531250000000108108e-05
6.278000000000000811e-04,4.902343749999982236e-03,-2.011718749999908545e-05
6.280000000000000859e-04,4.804687499999849010e-03,-4.882812499999028555e-06
6.282000000000000908e-04,4.667968749999973355e-03,4.882812500001630640e-06
6.284000000000000957e-04,4.863281250000128786e-03,-5.820312499999879402e-05
6.286000000000001005e-04,4.824218749999942268e-03,1.699218750000029698e-05
6.288000000000001054e-04,4.765624999999884537e-03,-2.734375000001433575e-06
6.290000000000001102e-04,4.394531249999777955e-03,-2.148437500000197065e-06
6.292000000000001151e-04,4.785156250000088818e-03,-3.125000000000002776e-05
6.294000000000001200e-04,4.687499999999955591e-03,-3.027343749999883427e-05
6.296000000000001248e-04,4.726562499999809042e-03,-6.894531250000064670e-05
6.298000000000000213e-04,4.394531249999888978e-03,-4.843750000000160427e-05
6.300000000000000261e-04,4.863281249999906741e-03,-7.636718750000069666e-05
6.302000000000000310e-04,4.687500000000066613e-03,-6.582031250000099087e-05
6.304000000000000358e-04,4.980468750000022204e-03,-3.652343750000074801e-05
6.306000000000000407e-04,4.804687499999849010e-03,-2.070312500000032196e-05
6.308000000000000456e-04,4.628906250000008882e-03,-3.632812500000033584e-05
6.310000000000000504e-04,4.414062499999871214e-03,-7.734375000000015543e-05
6.312000000000000553e-04,4.707031250000048850e-03,-6.523437500000062172e-05
6.314000000000000602e-04,4.785156250000088818e-03,-5.449218750000050376e-05
6.316000000000000650e-04,4.550781249999857891e-03,-3.867187500000007772e-05
6.318000000000000699e-04,4.648437499999880096e-03,-4.726562500000173334e-05
6.320000000000000747e-04,4.882812500000000000e-03,-5.292968749999807376e-05
6.322000000000000796e-04,4.667968750000084377e-03,-2.187499999999932554e-05
6.324000000000000845e-04,4.492187499999911182e-03,-5.410156250000054678e-05
6.326000000000000893e-04,4.687499999999955591e-03,-3.144531250000043993e-05
6.328000000000000942e-04,4.785156249999977796e-03,-6.308593750000129202e-05
6.330000000000000990e-04,4.628906250000008882e-03,-1.132812499999875239e-05
6.332000000000001039e-04,4.765624999999995559e-03,-2.499999999999898137e-05
6.334000000000001088e-04,4.648437499999991118e-03,-4.785156249999863304e-05
6.336000000000001136e-04,4.980468750000133227e-03,-7.343750000000058564e-05
6.338000000000001185e-04,4.609374999999915623e-03,-4.628906249999967248e-05
6.340000000000001234e-04,4.941406250000057732e-03,-5.019531249999837491e-05
6.342000000000000198e-04,4.648437499999991118e-03,-3.671875000000202754e-05
6.344000000000000247e-04,4.882812499999777955e-03,8.398437499998641365e-06
6.346000000000000295e-04,4.687499999999955591e-03,-9.960937500000204003e-06
6.348000000000000344e-04,4.746093750000013323e-03,5.976562500000122402e-05
6.350000000000000392e-04,4.570312499999951150e-03,-1.894531249999834716e-05
6.352000000000000441e-04,4.843749999999924505e-03,-5.195312500000121708e-05
6.354000000000000490e-04,4.628906249999786837e-03,-4.277343750000005967e-05
6.356000000000000538e-04,4.804687499999960032e-03,-6.464843749999938521e-05
6.358000000000000587e-04,4.726562500000031086e-03,-1.367187499999415745e-06
6.360000000000000635e-04,4.941406249999724665e-03,-6.386718749999947126e-05
6.362000000000000684e-04,4.374999999999795719e-03,-2.480468750000030392e-05
6.364000000000000733e-04,4.785156249999866773e-03,-5.195312500000034972e-05
6.366000000000000781e-04,4.726562499999809042e-03,-1.191406250000172362e-05
6.368000000000000830e-04,4.277343750000106581e-03,-2.343749999999741873e-06
6.370000000000000879e-04,4.824218749999720224e-03,2.753906249999740069e-05
6.372000000000000927e-04,4.492187500000022204e-03,2.871093749999900635e-05
6.374000000000000976e-04,4.804687499999960032e-03,1.542968750000046907e-05
6.376000000000001024e-04,4.648437499999769074e-03,2.578124999999976269e-05
6.378000000000001073e-04,4.726562500000031086e-03,-3.535156250000087708e-05
6.380000000000001122e-04,4.687499999999844569e-03,-6.816406250000073275e-05
6.382000000000001170e-04,4.511718749999893419e-03,-6.191406250000055372e-05
6.384000000000001219e-04,4.648437499999880096e-03,-4.023437499999990563e-05
6.386000000000000183e-04,4.746093749999791278e-03,-5.214843750000076189e-05
6.388000000000000232e-04,4.531249999999875655e-03,-3.085937499999920341e-05
6.390000000000000280e-04,4.609374999999915623e-03,-5.742187500000061479e-05
6.392000000000000329e-04,4.531249999999986677e-03,-3.046875000000098116e-05
6.394000000000000378e-04,4.550781250000079936e-03,-2.070312500000118933e-05
6.396000000000000426e-04,4.804687499999960032e-03,5.136718749999998057e-05
6.398000000000000475e-04,4.648437499999991118e-03,2.421874999999993477e-05
6.400000000000000524e-04,4.999999999999893419e-03,-4.199218750000014572e-05
6.402000000000000572e-04,4.882812499999888978e-03,-1.250000000000009784e-04
6.404000000000000621e-04,4.667968749999973355e-03,-1.453124999999996086e-04
6.406000000000000669e-04,4.746093750000013323e-03,-8.398437499999942407e-05
6.408000000000000718e-04,4.726562499999920064e-03,-5.917968750000345696e-05
6.410000000000000767e-04,4.843749999999813483e-03,-6.875000000000110190e-05
6.412000000000000815e-04,4.687499999999955591e-03,-3.046875000000011380e-05
6.414000000000000864e-04,4.785156249999866773e-03,-7.109374999999997641e-05
6.416000000000000912e-04,4.609374999999915623e-03,-8.359374999999859973e-05
6.418000000000000961e-04,4.687499999999955591e-03,-1.021484375000004594e-04
6.420000000000001010e-04,4.472656250000039968e-03,-5.117187500000043576e-05
6.422000000000001058e-04,4.843750000000146549e-03,-7.890625000000171807e-05
6.424000000000001107e-04,4.472656250000039968e-03,-1.441406249999988703e-04
6.426000000000001156e-04,4.863281249999795719e-03,-1.552734374999989453e-04
6.428000000000001204e-04,4.628906250000008882e-03,-1.722656250000018444e-04
6.430000000000001253e-04,4.785156249999866773e-03,-1.775390625000008299e-04
6.432000000000000217e-04,5.019531250000208722e-03,-1.908203125000011019e-04
6.434000000000000266e-04,4.921874999999964473e-03,-1.238281250000002401e-04
6.436000000000000314e-04,4.589843749999933387e-03,-1.132812499999987996e-04
6.438000000000000363e-04,4.804687500000071054e-03,-1.115234374999985595e-04
6.440000000000000412e-04,4.863281250000128786e-03,-1.775390625000008299e-04
6.442000000000000460e-04,4.726562500000031086e-03,-1.884765624999978906e-04
6.444000000000000509e-04,4.375000000000128786e-03,-1.951171874999997613e-04
6.446000000000000557e-04,4.648437499999991118e-03,-2.359375000000000361e-04
6.448000000000000606e-04,4.609375000000026645e-03,-2.375000000000015987e-04
6.450000000000000655e-04,4.667968749999862332e-03,-2.740234375000006120e-04
6.452000000000000703e-04,4.453124999999946709e-03,-2.673828124999996086e-04
6.454000000000000752e-04,4.726562499999809042e-03,-2.384765625000001901e-04
6.456000000000000801e-04,5.214843750000142109e-03,-2.296874999999989897e-04
6.458000000000000849e-04,4.707031250000048850e-03,-2.486328124999990716e-04
6.460000000000000898e-04,4.472656249999928946e-03,-2.478515625000017597e-04
6.462000000000000946e-04,4.453124999999946709e-03,-2.050781249999999653e-04
6.464000000000000995e-04,4.277343749999884537e-03,-2.724609375000016515e-04
6.466000000000001044e-04,4.707031249999937828e-03,-2.277343750000000722e-04
6.468000000000001092e-04,4.882812499999888978e-03,-2.970703125000015432e-04
6.470000000000001141e-04,4.687499999999622524e-03,-3.431640625000016709e-04
6.472000000000001189e-04,4.667968750000084377e-03,-3.242187499999998543e-04
6.474000000000001238e-04,4.648437499999991118e-03,-2.908203125000004968e-04
6.476000000000000202e-04,4.980468749999911182e-03,-3.449218750000001762e-04
6.478000000000000251e-04,4.726562500000031086e-03,-3.048828125000006828e-04
6.480000000000000300e-04,4.746093750000013323e-03,-3.121093750000003206e-04
6.482000000000000348e-04,4.824218750000053291e-03,-3.201171874999990050e-04
6.484000000000000397e-04,4.941406249999946709e-03,-3.052734375000015071e-04
6.486000000000000446e-04,4.667968749999862332e-03,-2.873046875000000167e-04
6.488000000000000494e-04,4.453125000000057732e-03,-2.755859375000004399e-04
6.490000000000000543e-04,4.863281250000017764e-03,-3.228515625000004385e-04
6.492000000000000591e-04,4.921874999999964473e-03,-3.769531250000001180e-04
6.494000000000000640e-04,4.628906250000008882e-03,-3.861328124999995406e-04
6.496000000000000689e-04,4.433593749999853451e-03,-3.345703125000008826e-04
6.498000000000000737e-04,4.960937500000039968e-03,-3.779296874999978420e-04
6.500000000000000786e-04,4.570312500000062172e-03,-3.783203124999995337e-04
6.502000000000000834e-04,4.628906249999897859e-03,-3.718749999999998099e-04
6.504000000000000883e-04,4.960937500000039968e-03,-3.535156250000009645e-04
6.506000000000000932e-04,4.550781249999968914e-03,-2.845703125000003178e-04
6.508000000000000980e-04,4.746093750000013323e-03,-3.857421874999987163e-04
6.510000000000001029e-04,4.238281249999809042e-03,-3.488281249999980113e-04
6.512000000000001078e-04,4.492187499999800160e-03,-3.560546874999985165e-04
6.514000000000001126e-04,4.667968749999862332e-03,-3.326171874999993630e-04
6.516000000000001175e-04,4.570312499999951150e-03,-3.755859374999981001e-04
6.518000000000001223e-04,4.472656249999928946e-03,-2.818359374999997516e-04
6.520000000000001272e-04,4.824218749999831246e-03,-4.117187499999997585e-04
6.522000000000000236e-04,4.785156249999866773e-03,-3.832031250000002970e-04
6.524000000000000285e-04,4.941406249999946709e-03,-3.828125000000003400e-04
6.526000000000000334e-04,4.609374999999915623e-03,-3.685546874999997419e-04
6.528000000000000382e-04,4.882812499999888978e-03,-3.142578125000022524e-04
6.530000000000000431e-04,5.097656249999915623e-03,-3.722656249999997669e-04
6.532000000000000479e-04,5.058593749999618083e-03,-3.197265625000016501e-04
6.534000000000000528e-04,4.707031249999937828e-03,-3.707031250000016737e-04
6.536000000000000577e-04,4.570312499999840128e-03,-4.074218750000002318e-04
6.538000000000000625e-04,4.648437499999880096e-03,-3.759765625000006592e-04
6.540000000000000674e-04,4.804687499999849010e-03,-4.044921875000001207e-04
6.542000000000000723e-04,4.375000000000128786e-03,-3.460937500000009145e-04
6.544000000000000771e-04,4.824218750000275335e-03,-3.429687499999986566e-04
6.546000000000000820e-04,4.687499999999955591e-03,-2.953124999999995684e-04
6.548000000000000868e-04,5.097656250000248690e-03,-2.841796875000012282e-04
6.550000000000000917e-04,4.609374999999915623e-03,-3.382812499999991729e-04
6.552000000000000966e-04,4.707031249999937828e-03,-4.009765624999987732e-04
6.554000000000001014e-04,4.492187499999911182e-03,-3.492187499999988357e-04
6.556000000000001063e-04,4.628906250000008882e-03,-3.519531250000002692e-04
6.558000000000001111e-04,4.453124999999724665e-03,-4.048828125000018124e-04
6.560000000000001160e-04,4.433593749999964473e-03,-3.763671874999988815e-04
6.562000000000001209e-04,4.628906250000008882e-03,-4.033203125000002498e-04
6.564000000000001257e-04,4.843749999999702460e-03,-3.564453125000002082e-04
6.566000000000000222e-04,4.414062499999982236e-03,-3.203125000000020192e-04
6.568000000000000270e-04,4.707031249999937828e-03,-2.810546875000007050e-04
6.570000000000000319e-04,4.550781249999968914e-03,-2.839843749999999487e-04
6.572000000000000368e-04,4.199218749999955591e-03,-2.972656250000019554e-04
6.574000000000000416e-04,4.609374999999804601e-03,-3.253906250000005926e-04
6.576000000000000465e-04,4.863281250000017764e-03,-3.359374999999994310e-04
6.578000000000000513e-04,4.550781249999968914e-03,-3.773437499999992076e-04
6.580000000000000562e-04,4.882812499999888978e-03,-3.726562500000005912e-04
6.582000000000000611e-04,4.667968749999973355e-03,-2.349609374999997100e-04
6.584000000000000659e-04,4.609374999999915623e-03,-3.232421875000012629e-04
6.586000000000000708e-04,4.765625000000106581e-03,-2.994140624999995504e-04
6.588000000000000756e-04,4.726562499999809042e-03,-3.638671875000002581e-04
6.590000000000000805e-04,4.687499999999733546e-03,-3.187500000000004566e-04
6.592000000000000854e-04,4.960937499999706901e-03,-2.849609375000002748e-04
6.594000000000000902e-04,4.902343750000093259e-03,-3.001953125000011990e-04
6.596000000000000951e-04,4.804687499999960032e-03,-2.984374999999983569e-04
6.598000000000001000e-04,4.648437499999880096e-03,-3.365234374999998002e-04
6.600000000000001048e-04,4.765624999999995559e-03,-3.275390625000016570e-04
6.602000000000001097e-04,4.726562499999920064e-03,-3.851562500000009492e-04
6.604000000000001145e-04,4.687499999999844569e-03,-3.378906250000000833e-04
6.606000000000001194e-04,4.570312500000062172e-03,-3.115234375000016862e-04
6.608000000000001243e-04,4.531249999999875655e-03,-3.021484375000001166e-04
6.610000000000000207e-04,4.648437499999880096e-03,-2.867187500000013822e-04
6.612000000000000256e-04,4.570312499999840128e-03,-3.029296875000000305e-04
6.614000000000000304e-04,4.863281250000017764e-03,-3.302734374999996211e-04
6.616000000000000353e-04,4.667968749999973355e-03,-3.404296874999993699e-04
6.618000000000000401e-04,4.726562499999809042e-03,-3.421874999999996100e-04
6.620000000000000450e-04,4.824218749999831246e-03,-3.271484374999999653e-04
6.622000000000000499e-04,4.804687500000071054e-03,-3.521484374999998140e-04
6.624000000000000547e-04,4.570312499999951150e-03,-3.333984375000010117e-04
6.626000000000000596e-04,4.902343749999982236e-03,-3.261718750000013739e-04
6.628000000000000645e-04,4.531249999999764633e-03,-3.099609375000001235e-04
6.630000000000000693e-04,4.648437499999991118e-03,-3.267578125000000083e-04
6.632000000000000742e-04,4.863281250000017764e-03,-3.109374999999995823e-04
6.634000000000000790e-04,4.785156249999977796e-03,-3.033203124999982528e-04
6.636000000000000839e-04,5.058593750000062172e-03,-3.242187500000007216e-04
6.638000000000000888e-04,4.707031249999826805e-03,-3.429687499999995240e-04
6.640000000000000936e-04,4.707031250000159872e-03,-3.722656250000015016e-04
6.642000000000000985e-04,4.707031249999937828e-03,-3.457031249999992228e-04
6.644000000000001033e-04,4.335937499999720224e-03,-3.617187499999983263e-04
6.646000000000001082e-04,4.863281249999906741e-03,-3.710937500000007633e-04
6.648000000000001131e-04,4.628906249999897859e-03,-3.847656250000018596e-04
6.650000000000001179e-04,4.414062499999871214e-03,-4.388671874999998043e-04
6.652000000000001228e-04,4.492187499999911182e-03,-3.499999999999996170e-04
6.654000000000001276e-04,4.707031249999937828e-03,-3.751953124999998779e-04
6.656000000000000241e-04,4.921874999999853451e-03,-3.505859374999991188e-04
6.658000000000000290e-04,4.863281249999906741e-03,-3.996093750000002248e-04
6.660000000000000338e-04,4.511718749999893419e-03,-3.638671875000011255e-04
6.662000000000000387e-04,4.667968750000084377e-03,-3.535156250000009645e-04
6.664000000000000435e-04,4.726562500000031086e-03,-3.748046875000007883e-04
6.666000000000000484e-04,4.667968749999862332e-03,-4.234375000000002026e-04
6.668000000000000533e-04,4.746093749999902300e-03,-4.806640625000012726e-04
6.670000000000000581e-04,4.687499999999955591e-03,-4.904296875000001971e-04
6.672000000000000630e-04,4.453124999999835687e-03,-4.640625000000000652e-04
6.674000000000000678e-04,4.589843749999933387e-03,-4.417968750000007827e-04
6.676000000000000727e-04,4.941406250000168754e-03,-3.957031250000006550e-04
6.678000000000000776e-04,4.921874999999964473e-03,-3.623046874999995628e-04
6.680000000000000824e-04,4.335937500000053291e-03,-3.525390625000006384e-04
6.682000000000000873e-04,4.980468749999800160e-03,-3.968750000000005260e-04
6.684000000000000921e-04,4.628906250000008882e-03,-3.947265625000011963e-04
6.686000000000000970e-04,4.824218749999942268e-03,-3.988281249999994435e-04
6.688000000000001019e-04,4.746093750000124345e-03,-4.601562499999996281e-04
6.690000000000001067e-04,4.999999999999893419e-03,-4.218750000000003747e-04
6.692000000000001116e-04,4.511718749999893419e-03,-4.654296874999994810e-04
6.694000000000001165e-04,4.707031249999826805e-03,-4.701171874999998321e-04
6.696000000000001213e-04,4.746093749999902300e-03,-4.257812500000008119e-04
6.698000000000001262e-04,4.589843749999822364e-03,-3.951171874999985512e-04
6.700000000000000226e-04,4.511718750000004441e-03,-4.949218749999992686e-04
6.702000000000000275e-04,4.921874999999964473e-03,-3.751953124999990105e-04
6.704000000000000323e-04,4.628906249999897859e-03,-3.810546875000018346e-04
6.706000000000000372e-04,4.707031250000048850e-03,-3.869140625000011893e-04
6.708000000000000421e-04,4.609374999999915623e-03,-4.390625000000019512e-04
6.710000000000000469e-04,4.550781249999857891e-03,-4.734375000000007674e-04
6.712000000000000518e-04,4.531249999999986677e-03,-4.238281250000001596e-04
6.714000000000000567e-04,4.570312500000062172e-03,-4.433593749999988759e-04
6.716000000000000615e-04,4.687500000000177636e-03,-4.388671875000006717e-04
6.718000000000000664e-04,4.375000000000017764e-03,-3.976562500000013073e-04
6.720000000000000712e-04,4.628906250000119904e-03,-4.142578124999999126e-04
6.722000000000000761e-04,4.960937500000150990e-03,-3.429687499999986566e-04
6.724000000000000810e-04,4.472656249999817923e-03,-4.082031250000010131e-04
6.726000000000000858e-04,4.453124999999946709e-03,-3.757812500000011144e-04
6.728000000000000907e-04,4.980468750000022204e-03,-3.999999999999984471e-04
6.730000000000000955e-04,4.472656250000039968e-03,-3.730468750000005482e-04
6.732000000000001004e-04,4.667968749999973355e-03,-4.261718749999990341e-04
6.734000000000001053e-04,4.863281249999906741e-03,-4.544921874999989508e-04
6.736000000000001101e-04,4.687499999999844569e-03,-4.492187500000008327e-04
6.738000000000001150e-04,4.843749999999924505e-03,-3.878906249999997807e-04
6.740000000000001198e-04,4.609374999999915623e-03,-3.796874999999998168e-04
6.742000000000001247e-04,4.824218749999942268e-03,-3.703124999999999820e-04
6.744000000000000212e-04,4.726562499999809042e-03,-3.685546874999988745e-04
6.746000000000000260e-04,4.824218750000164313e-03,-3.548828124999995129e-04
6.748000000000000309e-04,4.492187499999800160e-03,-3.835937500000011213e-04
6.750000000000000357e-04,4.921874999999964473e-03,-4.464843750000002665e-04
6.752000000000000406e-04,4.433593749999964473e-03,-3.943359375000003719e-04
6.754000000000000455e-04,4.726562499999920064e-03,-3.855468750000000389e-04
6.756000000000000503e-04,4.726562499999809042e-03,-3.757812500000011144e-04
6.758000000000000552e-04,4.453124999999946709e-03,-3.984375000000003539e-04
6.760000000000000600e-04,4.589843749999933387e-03,-4.103515624999994754e-04
6.762000000000000649e-04,4.687499999999733546e-03,-3.712890625000003081e-04
6.764000000000000698e-04,4.765624999999884537e-03,-4.410156250000000014e-04
6.766000000000000746e-04,4.882812500000000000e-03,-3.261718750000013739e-04
6.768000000000000795e-04,4.628906249999897859e-03,-3.527343750000019179e-04
6.770000000000000843e-04,4.980468749999911182e-03,-3.574218750000014017e-04
6.772000000000000892e-04,4.804687500000071054e-03,-3.138671875000005607e-04
6.774000000000000941e-04,4.765625000000106581e-03,-3.308593749999991229e-04
6.776000000000000989e-04,4.843750000000146549e-03,-3.599609375000006883e-04
6.778000000000001038e-04,4.882812500000000000e-03,-3.537109375000005093e-04
6.780000000000001087e-04,4.667968749999973355e-03,-2.888671875000007119e-04
6.782000000000001135e-04,4.765625000000106581e-03,-3.207031250000011088e-04
6.784000000000001184e-04,4.921874999999964473e-03,-3.195312500000003705e-04
6.786000000000001232e-04,4.707031249999604761e-03,-3.783203125000012684e-04
6.788000000000001281e-04,4.882812500000000000e-03,-3.525390624999980363e-04
6.790000000000000245e-04,4.570312499999951150e-03,-2.833984374999995795e-04
6.792000000000000294e-04,4.589843749999933387e-03,-2.599609374999995587e-04
6.794000000000000343e-04,4.531249999999986677e-03,-3.091796874999993422e-04
6.796000000000000391e-04,4.863281249999795719e-03,-2.941406250000005648e-04
6.798000000000000440e-04,4.648437499999991118e-03,-3.351562500000012518e-04
6.800000000000000488e-04,4.648437499999991118e-03,-2.787109375000000958e-04
6.802000000000000537e-04,5.019531250000208722e-03,-3.251953124999993130e-04
6.804000000000000586e-04,4.570312500000062172e-03,-3.255859375000001374e-04
6.806000000000000634e-04,4.804687499999960032e-03,-2.816406249999984721e-04
6.808000000000000683e-04,4.628906250000008882e-03,-2.884765624999990202e-04
6.810000000000000732e-04,4.531249999999986677e-03,-2.892578124999998015e-04
6.812000000000000780e-04,4.667968749999973355e-03,-2.970703124999989411e-04
6.814000000000000829e-04,4.765624999999995559e-03,-3.003906250000007438e-04
6.816000000000000877e-04,4.746093749999902300e-03,-3.162109375000020373e-04
6.818000000000000926e-04,4.609374999999915623e-03,-3.335937499999996891e-04
6.820000000000000975e-04,4.492187500000022204e-03,-3.246093750000015460e-04
6.822000000000001023e-04,4.570312499999951150e-03,-3.367187499999993450e-04
6.824000000000001072e-04,4.628906250000119904e-03,-2.662109375000006051e-04
6.826000000000001120e-04,4.472656249999928946e-03,-3.125000000000002776e-04
6.828000000000001169e-04,4.902343749999982236e-03,-2.585937499999992756e-04
6.830000000000001218e-04,4.667968749999862332e-03,-3.013671874999993353e-04
6.832000000000001266e-04,4.609374999999915623e-03,-2.314453125000009645e-04
6.834000000000000231e-04,4.804687499999737987e-03,-2.748046875000005260e-04
6.836000000000000279e-04,4.609374999999915623e-03,-2.714843749999995906e-04
6.838000000000000328e-04,4.746093750000124345e-03,-3.113281249999995393e-04
6.840000000000000377e-04,4.570312499999840128e-03,-3.375000000000009936e-04
6.842000000000000425e-04,4.707031249999937828e-03,-3.390625000000008216e-04
6.844000000000000474e-04,4.570312499999951150e-03,-3.400390625000002803e-04
6.846000000000000522e-04,4.257812500000013323e-03,-3.191406250000030156e-04
6.848000000000000571e-04,4.687499999999844569e-03,-3.095703124999992992e-04
6.850000000000000620e-04,4.531250000000097700e-03,-2.972656249999993533e-04
6.852000000000000668e-04,4.394531250000111022e-03,-2.777343750000006370e-04
6.854000000000000717e-04,4.667968749999973355e-03,-2.539062500000006592e-04
6.856000000000000765e-04,4.511718749999893419e-03,-2.736328125000006550e-04
6.858000000000000814e-04,4.765624999999995559e-03,-2.947265624999991993e-04
6.860000000000000863e-04,4.609374999999915623e-03,-2.937500000000014752e-04
6.862000000000000911e-04,4.902343749999982236e-03,-2.861328125000001457e-04
6.864000000000000960e-04,4.941406249999946709e-03,-3.205078125000006967e-04
6.866000000000001009e-04,4.804687499999849010e-03,-3.980468749999977948e-04
6.868000000000001057e-04,4.746093750000013323e-03,-3.505859375000008535e-04
6.870000000000001106e-04,4.707031250000048850e-03,-2.890624999999993894e-04
6.872000000000001154e-04,4.375000000000239808e-03,-2.980468749999992673e-04
6.874000000000001203e-04,4.609375000000026645e-03,-2.953125000000013031e-04
6.876000000000001252e-04,4.687499999999955591e-03,-3.255859375000010048e-04
6.878000000000001300e-04,4.765624999999995559e-03,-2.599609374999978240e-04
6.880000000000000265e-04,4.765624999999773515e-03,-3.607421874999988676e-04
6.882000000000000313e-04,4.863281249999906741e-03,-3.240234375000003095e-04
6.884000000000000362e-04,4.707031249999937828e-03,-3.732421875000000930e-04
6.886000000000000410e-04,4.765624999999995559e-03,-3.099609375000001235e-04
6.888000000000000459e-04,4.726562499999920064e-03,-3.166015624999993922e-04
6.890000000000000508e-04,4.960937500000039968e-03,-3.556640625000002942e-04
6.892000000000000556e-04,4.609374999999804601e-03,-3.732421875000000930e-04
6.894000000000000605e-04,4.843749999999924505e-03,-3.455078124999988107e-04
6.896000000000000654e-04,4.765625000000106581e-03,-3.173828125000010408e-04
6.898000000000000702e-04,4.863281249999795719e-03,-3.582031249999995809e-04
6.900000000000000751e-04,4.531249999999986677e-03,-3.902343749999977879e-04
6.902000000000000799e-04,4.804687499999960032e-03,-3.167968750000015390e-04
6.904000000000000848e-04,4.101562499999933387e-03,-4.003906250000001388e-04
6.906000000000000897e-04,4.531249999999875655e-03,-4.003906250000001388e-04
6.908000000000000945e-04,4.511718749999893419e-03,-4.402343750000009548e-04
6.910000000000000994e-04,4.785156249999977796e-03,-4.246093750000000736e-04
6.912000000000001042e-04,4.726562499999920064e-03,-3.941406250000016945e-04
6.914000000000001091e-04,4.316406249999960032e-03,-4.097656249999982389e-04
6.916000000000001140e-04,4.628906249999786837e-03,-4.029296875000020275e-04
6.918000000000001188e-04,4.765624999999884537e-03,-4.068359374999989952e-04
6.920000000000001237e-04,4.921875000000075495e-03,-3.828125000000012074e-04
6.922000000000001286e-04,4.765625000000106581e-03,-3.927734375000005440e-04
6.924000000000000250e-04,4.902343749999982236e-03,-4.156250000000010630e-04
6.926000000000000299e-04,4.843749999999702460e-03,-4.240234374999997044e-04
6.928000000000000347e-04,4.531249999999875655e-03,-4.304687500000002956e-04
6.930000000000000396e-04,4.902343749999982236e-03,-4.406249999999974423e-04
6.932000000000000444e-04,4.863281249999906741e-03,-4.404296874999996322e-04
6.934000000000000493e-04,4.824218749999831246e-03,-5.066406250000005801e-04
6.936000000000000542e-04,4.531249999999986677e-03,-4.748046874999993158e-04
6.938000000000000590e-04,4.746093750000013323e-03,-4.751953125000010075e-04
6.940000000000000639e-04,4.687500000000066613e-03,-3.779296875000004441e-04
6.942000000000000687e-04,4.667968749999973355e-03,-4.189453125000011310e-04
6.944000000000000736e-04,4.472656250000150990e-03,-5.076171875000000389e-04
6.946000000000000785e-04,4.589843749999711342e-03,-3.621093749999991507e-04
6.948000000000000833e-04,4.882812499999888978e-03,-5.472656250000004427e-04
6.950000000000000882e-04,4.453125000000057732e-03,-4.808593750000016848e-04
6.952000000000000931e-04,4.941406249999835687e-03,-5.380859374999992853e-04
6.954000000000000979e-04,5.019531249999986677e-03,-4.974609375000002900e-04
6.956000000000001028e-04,4.863281250000017764e-03,-4.892578125000011935e-04
6.958000000000001076e-04,4.609375000000026645e-03,-5.056640625000002540e-04
6.960000000000001125e-04,4.609375000000026645e-03,-4.855468749999994338e-04
6.962000000000001174e-04,4.589843750000044409e-03,-4.814453125000003192e-04
6.964000000000001222e-04,4.746093749999902300e-03,-4.013671874999987302e-04
6.966000000000001271e-04,4.726562500000031086e-03,-3.892578125000000638e-04
6.968000000000000235e-04,4.843749999999813483e-03,-5.367187500000016043e-04
6.970000000000000284e-04,4.570312499999840128e-03,-4.707031249999993339e-04
6.972000000000000332e-04,4.550781249999968914e-03,-5.013671874999998598e-04
6.974000000000000381e-04,4.609375000000026645e-03,-5.365234374999994574e-04
6.976000000000000430e-04,4.433593750000075495e-03,-5.728515625000006606e-04
6.978000000000000478e-04,4.238281249999809042e-03,-4.941406250000002220e-04
6.980000000000000527e-04,5.097656250000137668e-03,-4.390625000000019512e-04
6.982000000000000576e-04,4.726562499999809042e-03,-4.345703125000002776e-04
6.984000000000000624e-04,4.628906249999897859e-03,-4.976562500000007022e-04
6.986000000000000673e-04,4.785156250000088818e-03,-4.863281250000002151e-04
6.988000000000000721e-04,4.804687499999960032e-03,-4.837890625000009284e-04
6.990000000000000770e-04,4.804687500000071054e-03,-4.824218749999997780e-04
6.992000000000000819e-04,4.726562499999809042e-03,-4.574218750000007966e-04
6.994000000000000867e-04,4.433593750000075495e-03,-5.029296874999996877e-04
6.996000000000000916e-04,4.726562500000031086e-03,-4.605468749999995851e-04
6.998000000000000964e-04,4.550781250000079936e-03,-4.792968749999992548e-04
7.000000000000001013e-04,4.433593749999964473e-03,-4.876953125000004982e-04
7.002000000000001062e-04,4.726562500000031086e-03,-4.716796874999996600e-04
7.004000000000001110e-04,4.785156249999977796e-03,-4.310546875000015321e-04
7.006000000000001159e-04,4.785156250000088818e-03,-4.001953124999979919e-04
7.008000000000001208e-04,4.648437500000102141e-03,-3.962890624999984221e-04
7.010000000000001256e-04,4.375000000000128786e-03,-4.394531250000001735e-04
7.012000000000001305e-04,4.902343750000093259e-03,-4.193359375000002207e-04
7.014000000000000269e-04,4.277343749999995559e-03,-5.050781250000007522e-04
7.016000000000000318e-04,4.609374999999804601e-03,-4.271484374999993602e-04
7.018000000000000366e-04,4.746093749999902300e-03,-4.523437499999987538e-04
7.020000000000000415e-04,4.824218749999942268e-03,-4.312499999999993422e-04
7.022000000000000464e-04,4.589843749999933387e-03,-3.921874999999993075e-04
7.024000000000000512e-04,4.765624999999884537e-03,-3.970703125000009381e-04
7.026000000000000561e-04,4.804687500000071054e-03,-3.914062499999993935e-04
7.028000000000000609e-04,4.824218750000053291e-03,-3.785156249999999459e-04
7.030000000000000658e-04,4.765624999999995559e-03,-3.851562499999992145e-04
7.032000000000000707e-04,4.843749999999924505e-03,-3.648437499999988495e-04
7.034000000000000755e-04,4.707031249999826805e-03,-3.378906250000000833e-04
7.036000000000000804e-04,4.921874999999631406e-03,-3.558593749999998390e-04
7.038000000000000853e-04,4.824218749999942268e-03,-3.953124999999989633e-04
7.040000000000000901e-04,4.414062499999982236e-03,-3.835937500000002540e-04
7.042000000000000950e-04,4.765624999999995559e-03,-3.476562500000007425e-04
7.044000000000000998e-04,4.492187500000022204e-03,-3.349609375000008396e-04
7.046000000000001047e-04,4.921874999999853451e-03,-3.658203125000000430e-04
7.048000000000001096e-04,4.960937499999928946e-03,-3.375000000000001263e-04
7.050000000000001144e-04,4.667968749999973355e-03,-2.935546875000010630e-04
7.052000000000001193e-04,4.726562500000142109e-03,-3.304687500000009007e-04
7.054000000000001241e-04,4.882812499999666933e-03,-3.396484375000003234e-04
7.056000000000001290e-04,4.804687500000071054e-03,-3.023437500000013961e-04
7.058000000000000254e-04,5.058593749999951150e-03,-1.990234375000001985e-04
7.060000000000000303e-04,4.726562499999809042e-03,-2.482421875000008493e-04
7.062000000000000352e-04,4.453125000000057732e-03,-3.582031249999995809e-04
7.064000000000000400e-04,4.550781249999857891e-03,-3.324218750000006856e-04
7.066000000000000449e-04,4.902343749999982236e-03,-3.376953125000005385e-04
7.068000000000000498e-04,4.804687500000071054e-03,-2.771484375000002678e-04
7.070000000000000546e-04,4.921874999999964473e-03,-2.708984375000018235e-04
7.072000000000000595e-04,4.667968750000084377e-03,-3.001953124999994643e-04
7.074000000000000643e-04,5.019531249999875655e-03,-2.472656250000013906e-04
7.076000000000000692e-04,5.117187499999897859e-03,-2.892578125000006689e-04
7.078000000000000741e-04,4.589843749999933387e-03,-2.103515625000006856e-04
7.080000000000000789e-04,4.511718750000004441e-03,-2.822265624999988412e-04
7.082000000000000838e-04,4.335937499999720224e-03,-2.892578125000015363e-04
7.084000000000000886e-04,4.453125000000057732e-03,-3.021484375000001166e-04
7.086000000000000935e-04,4.765624999999773515e-03,-2.533203125000011574e-04
7.088000000000000984e-04,4.726562499999920064e-03,-3.052734374999989050e-04
7.090000000000001032e-04,4.511718749999671374e-03,-2.777343750000006370e-04
7.092000000000001081e-04,4.765624999999995559e-03,-2.425781249999984374e-04
7.094000000000001130e-04,4.980468750000022204e-03,-2.431640625000005412e-04
7.096000000000001178e-04,4.707031249999715783e-03,-2.724609375000007841e-04
7.098000000000001227e-04,4.238281250000031086e-03,-2.849609375000002748e-04
7.100000000000001275e-04,4.726562499999920064e-03,-2.886718749999994324e-04
7.102000000000001324e-04,4.492187499999911182e-03,-3.107421875000009048e-04
7.104000000000000288e-04,4.550781250000079936e-03,-2.947265625000009340e-04
7.106000000000000337e-04,4.863281250000128786e-03,-3.339843750000013808e-04
7.108000000000000386e-04,4.902343750000093259e-03,-3.796875000000006842e-04
7.110000000000000434e-04,4.433593749999964473e-03,-3.082031249999990161e-04
7.112000000000000483e-04,4.726562499999920064e-03,-2.744140625000005690e-04
7.114000000000000531e-04,4.628906250000008882e-03,-2.781249999999997266e-04
7.116000000000000580e-04,4.511718749999893419e-03,-3.029296875000000305e-04
7.118000000000000629e-04,4.843749999999924505e-03,-2.859374999999997335e-04
7.120000000000000677e-04,4.707031249999937828e-03,-3.031249999999995753e-04
7.122000000000000726e-04,4.492187499999911182e-03,-3.753906250000011574e-04
7.124000000000000775e-04,4.531250000000097700e-03,-4.541015624999989939e-04
7.126000000000000823e-04,4.277343749999995559e-03,-3.949218749999981390e-04
7.128000000000000872e-04,4.609374999999804601e-03,-4.097656250000017084e-04
7.130000000000000920e-04,4.863281250000017764e-03,-3.701171875000004372e-04
7.132000000000000969e-04,4.472656250000039968e-03,-4.376953125000008007e-04
7.134000000000001018e-04,4.941406249999946709e-03,-4.519531250000005315e-04
7.136000000000001066e-04,4.589843750000044409e-03,-3.947265625000003289e-04
7.138000000000001115e-04,4.960937499999928946e-03,-3.779296874999995767e-04
7.140000000000001163e-04,4.980468750000133227e-03,-3.880859374999993255e-04
7.142000000000001212e-04,4.843749999999702460e-03,-4.578124999999998862e-04
7.144000000000001261e-04,4.804687500000071054e-03,-4.945312500000001790e-04
7.146000000000001309e-04,5.000000000000115463e-03,-5.222656249999997266e-04
7.148000000000000274e-04,5.019531249999875655e-03,-5.177734374999997877e-04
7.150000000000000322e-04,4.824218750000053291e-03,-5.082031250000004080e-04
7.152000000000000371e-04,5.175781249999844569e-03,-5.019531249999984943e-04
7.154000000000000420e-04,4.902343749999871214e-03,-4.378906250000012129e-04
7.156000000000000468e-04,4.960937499999817923e-03,-4.898437499999980932e-04
7.158000000000000517e-04,4.667968749999973355e-03,-5.449218750000007008e-04
7.160000000000000565e-04,4.628906250000008882e-03,-5.333984375000006689e-04
7.162000000000000614e-04,5.097656250000026645e-03,-5.474609374999991201e-04
7.164000000000000663e-04,5.175781249999844569e-03,-4.806640625000004052e-04
7.166000000000000711e-04,4.902343749999871214e-03,-5.390625000000004788e-04
7.168000000000000760e-04,4.726562500000031086e-03,-5.482421874999990341e-04
7.170000000000000808e-04,4.804687499999960032e-03,-5.400390625000008049e-04
7.172000000000000857e-04,4.648437499999769074e-03,-5.574218750000010589e-04
7.174000000000000906e-04,4.882812499999777955e-03,-5.771484374999984526e-04
7.176000000000000954e-04,4.570312499999840128e-03,-5.955078124999999001e-04
7.178000000000001003e-04,5.136718749999880096e-03,-5.583984375000005176e-04
7.180000000000001052e-04,5.058593749999840128e-03,-5.312500000000004718e-04
7.182000000000001100e-04,5.156250000000084377e-03,-5.468749999999987510e-04
7.184000000000001149e-04,4.843750000000035527e-03,-6.257812499999987343e-04
7.186000000000001197e-04,5.097656250000026645e-03,-6.037109374999998640e-04
7.188000000000001246e-04,5.156249999999751310e-03,-5.832031249999999542e-04
7.190000000000001295e-04,5.000000000000004441e-03,-5.468750000000004857e-04
7.192000000000000259e-04,4.550781249999746869e-03,-6.070312499999999320e-04
7.194000000000000308e-04,4.902343749999871214e-03,-6.181640624999991396e-04
7.196000000000000356e-04,4.824218750000053291e-03,-6.076171875000011685e-04
7.198000000000000405e-04,4.921875000000075495e-03,-6.037109375000007314e-04
7.200000000000000453e-04,4.960937500000150990e-03,-6.238281250000015515e-04
7.202000000000000502e-04,4.921874999999964473e-03,-6.230468749999999029e-04
7.204000000000000551e-04,4.531249999999986677e-03,-5.693359374999984457e-04
7.206000000000000599e-04,4.570312499999840128e-03,-5.500000000000001416e-04
7.208000000000000648e-04,4.902343749999982236e-03,-5.894531250000010006e-04
7.210000000000000697e-04,4.902343749999982236e-03,-6.199218750000019817e-04
7.212000000000000745e-04,4.785156249999866773e-03,-6.669921875000015682e-04
7.214000000000000794e-04,4.746093750000013323e-03,-6.140625000000008923e-04
7.216000000000000842e-04,4.804687499999960032e-03,-5.894531250000001332e-04
7.218000000000000891e-04,4.707031249999937828e-03,-6.140625000000000250e-04
7.220000000000000940e-04,4.902343749999871214e-03,-6.017578124999983444e-04
7.222000000000000988e-04,4.550781249999857891e-03,-5.673828125000003955e-04
7.224000000000001037e-04,4.882812500000111022e-03,-6.097656250000004982e-04
7.226000000000001085e-04,4.824218750000053291e-03,-5.742187499999992090e-04
7.228000000000001134e-04,4.687499999999733546e-03,-5.591796874999995642e-04
7.230000000000001183e-04,4.882812499999888978e-03,-5.351562499999983069e-04
7.232000000000001231e-04,4.667968749999862332e-03,-5.681640625000011768e-04
7.234000000000001280e-04,5.000000000000115463e-03,-5.869140624999999792e-04
7.236000000000001329e-04,5.019531249999875655e-03,-5.433593749999991382e-04
7.238000000000000293e-04,5.039062500000079936e-03,-6.207031250000018957e-04
7.240000000000000342e-04,4.902343750000093259e-03,-5.558593749999994962e-04
7.242000000000000390e-04,5.078124999999933387e-03,-6.138671875000004802e-04
7.244000000000000439e-04,4.726562499999809042e-03,-5.796875000000012088e-04
7.246000000000000487e-04,4.921875000000075495e-03,-5.607421874999993922e-04
7.248000000000000536e-04,5.156249999999973355e-03,-5.169921874999998737e-04
7.250000000000000585e-04,4.648437499999991118e-03,-4.699218750000028894e-04
7.252000000000000633e-04,4.824218749999942268e-03,-5.486328124999998584e-04
7.254000000000000682e-04,4.921875000000075495e-03,-5.632812500000004136e-04
7.256000000000000730e-04,4.824218750000053291e-03,-5.355468749999999986e-04
7.258000000000000779e-04,4.687499999999955591e-03,-5.085937500000003650e-04
7.260000000000000828e-04,4.765624999999995559e-03,-5.554687499999986719e-04
7.262000000000000876e-04,5.058593749999951150e-03,-5.623046875000000874e-04
7.264000000000000925e-04,4.980468749999911182e-03,-5.107421874999988273e-04
7.265999999999999889e-04,4.980468750000133227e-03,-4.671874999999997211e-04
7.268000000000001022e-04,4.824218749999831246e-03,-5.123046875000012573e-04
7.269999999999999987e-04,5.273437500000199840e-03,-4.550781249999993200e-04
7.272000000000001119e-04,4.843750000000035527e-03,-5.130859374999994366e-04
7.274000000000000084e-04,4.707031250000048850e-03,-4.597656249999996711e-04
7.276000000000001217e-04,4.707031249999937828e-03,-4.712890624999997030e-04
7.278000000000000181e-04,4.941406249999835687e-03,-4.767578124999999681e-04
7.280000000000001314e-04,4.824218750000053291e-03,-5.390624999999978767e-04
7.282000000000000278e-04,4.726562500000031086e-03,-4.693359374999999181e-04
7.284000000000001411e-04,4.687499999999955591e-03,-4.839843749999996059e-04
7.286000000000000375e-04,4.609375000000137668e-03,-4.347656250000006897e-04
7.288000000000001508e-04,4.980468750000022204e-03,-4.761718750000004663e-04
7.290000000000000473e-04,5.117187499999897859e-03,-4.046874999999996655e-04
7.292000000000001605e-04,4.921874999999853451e-03,-4.490234374999995531e-04
7.294000000000000570e-04,4.785156249999977796e-03,-4.617187500000003234e-04
7.296000000000001703e-04,4.667968749999862332e-03,-5.125000000000008021e-04
7.298000000000000667e-04,4.863281250000017764e-03,-4.285156250000005107e-04
7.300000000000001800e-04,4.980468750000022204e-03,-4.789062500000010325e-04
7.302000000000000764e-04,4.843749999999924505e-03,-4.441406249999987899e-04
7.303999999999999729e-04,4.785156249999866773e-03,-4.472656250000001804e-04
7.306000000000000862e-04,4.765624999999995559e-03,-5.265624999999992534e-04
7.307999999999999826e-04,4.882812499999888978e-03,-4.373046874999999764e-04
7.310000000000000959e-04,4.824218749999720224e-03,-4.410156250000000014e-04
7.311999999999999923e-04,4.824218749999942268e-03,-3.523437500000002262e-04
7.314000000000001056e-04,5.078124999999822364e-03,-4.609374999999995420e-04
7.316000000000000020e-04,4.765624999999773515e-03,-4.421875000000024744e-04
7.318000000000001153e-04,4.804687499999960032e-03,-4.353515625000001915e-04
7.320000000000000118e-04,4.843750000000146549e-03,-4.601562499999996281e-04
7.322000000000001250e-04,4.765624999999884537e-03,-4.730468749999990757e-04
7.324000000000000215e-04,4.921874999999853451e-03,-4.777343749999985595e-04
7.326000000000001348e-04,4.921874999999964473e-03,-4.718749999999992048e-04
7.328000000000000312e-04,4.843749999999924505e-03,-4.382812500000003025e-04
7.330000000000001445e-04,4.609375000000026645e-03,-4.763671874999991437e-04
7.332000000000000409e-04,4.589843749999933387e-03,-5.216796875000002248e-04
7.334000000000001542e-04,4.746093749999902300e-03,-4.978515625000002470e-04
7.336000000000000507e-04,4.648437499999880096e-03,-4.226562500000011560e-04
7.338000000000001639e-04,4.980468749999911182e-03,-4.039062499999988842e-04
7.340000000000000604e-04,4.589843750000044409e-03,-4.941406250000002220e-04
7.342000000000001737e-04,4.628906249999786837e-03,-5.099609374999989134e-04
7.344000000000000701e-04,4.550781249999857891e-03,-4.734375000000025022e-04
7.346000000000001834e-04,4.707031249999826805e-03,-5.269531250000018124e-04
7.348000000000000798e-04,4.746093749999902300e-03,-5.216796875000002248e-04
7.349999999999999763e-04,4.667968749999862332e-03,-4.337890624999994962e-04
7.352000000000000896e-04,4.472656249999928946e-03,-4.742187499999998140e-04
7.353999999999999860e-04,4.765624999999662492e-03,-5.257812500000010741e-04
7.356000000000000993e-04,4.726562499999809042e-03,-5.626953124999991770e-04
7.357999999999999957e-04,4.882812499999666933e-03,-5.917968750000007425e-04
7.360000000000001090e-04,4.785156249999866773e-03,-4.996093750000004871e-04
7.362000000000000054e-04,4.667968749999862332e-03,-5.175781250000011102e-04
7.364000000000001187e-04,4.765624999999773515e-03,-5.171875000000002859e-04
7.366000000000000152e-04,4.824218749999942268e-03,-5.625000000000013670e-04
7.368000000000001284e-04,5.332031249999924505e-03,-5.861328124999991979e-04
7.370000000000000249e-04,4.863281249999795719e-03,-5.328125000000011671e-04
7.372000000000001382e-04,4.882812499999888978e-03,-5.605468749999998473e-04
7.374000000000000346e-04,4.980468750000022204e-03,-5.119140625000004330e-04
7.376000000000001479e-04,4.921874999999742428e-03,-5.197265625000013073e-04
7.378000000000000443e-04,5.292968749999960032e-03,-4.980468749999989245e-04
7.380000000000001576e-04,4.824218749999831246e-03,-5.593749999999999764e-04
7.382000000000000541e-04,5.019531249999875655e-03,-6.083984374999984804e-04
7.384000000000001673e-04,5.253906250000106581e-03,-6.224609375000004011e-04
7.386000000000000638e-04,5.000000000000115463e-03,-5.908203124999995490e-04
7.388000000000001771e-04,4.921874999999964473e-03,-5.726562500000002484e-04
7.390000000000000735e-04,5.019531249999875655e-03,-5.783203124999983236e-04
7.392000000000001868e-04,4.804687499999849010e-03,-6.265625000000003830e-04
7.394000000000000832e-04,4.863281249999906741e-03,-6.062499999999991507e-04
7.395999999999999797e-04,4.882812499999888978e-03,-5.353515625000013212e-04
7.398000000000000929e-04,4.687500000000066613e-03,-5.328125000000011671e-04
7.399999999999999894e-04,4.765624999999884537e-03,-5.429687500000000486e-04
7.402000000000001027e-04,5.019531249999875655e-03,-5.947265624999999861e-04
7.403999999999999991e-04,4.746093749999791278e-03,-5.527343749999998404e-04
7.406000000000001124e-04,4.785156249999866773e-03,-5.880859375000007175e-04
7.408000000000000088e-04,5.039062499999968914e-03,-6.203124999999993366e-04
7.410000000000001221e-04,4.726562500000031086e-03,-7.115234375000001332e-04
7.412000000000000186e-04,5.117187499999897859e-03,-5.966796875000006384e-04
7.414000000000001318e-04,5.195312499999937828e-03,-6.296874999999983041e-04
7.416000000000000283e-04,4.882812500000111022e-03,-6.113281249999994588e-04
7.418000000000001416e-04,4.882812500000000000e-03,-6.039062500000011435e-04
7.420000000000000380e-04,5.156250000000084377e-03,-4.994140624999983402e-04
7.422000000000001513e-04,4.960937500000150990e-03,-5.375000000000015182e-04
7.424000000000000477e-04,5.312500000000053291e-03,-5.115234375000013434e-04
7.426000000000001610e-04,4.882812499999888978e-03,-5.847656249999997821e-04
7.428000000000000574e-04,5.175781249999844569e-03,-5.599609374999977435e-04
7.430000000000001707e-04,4.902343749999538147e-03,-5.671874999999991160e-04
7.432000000000000672e-04,5.117187499999897859e-03,-5.457031250000006148e-04
7.434000000000001804e-04,4.843749999999813483e-03,-5.906250000000000042e-04
7.436000000000000769e-04,5.253906250000106581e-03,-5.710937499999995531e-04
7.437999999999999733e-04,4.863281250000017764e-03,-5.251953124999998376e-04
7.440000000000000866e-04,4.941406249999835687e-03,-5.011718750000003150e-04
7.441999999999999831e-04,4.785156249999977796e-03,-5.765624999999998182e-04
7.444000000000000963e-04,5.488281250000115463e-03,-5.294921874999993644e-04
7.445999999999999928e-04,4.999999999999893419e-03,-4.960937500000008743e-04
7.448000000000001061e-04,4.882812500000111022e-03,-5.187500000000018485e-04
7.450000000000000025e-04,4.843750000000035527e-03,-4.802734375000004483e-04
7.452000000000001158e-04,4.960937499999928946e-03,-5.431640624999995934e-04
7.454000000000000122e-04,4.785156250000088818e-03,-5.373046875000011061e-04
7.456000000000001255e-04,4.882812499999777955e-03,-4.962890625000012865e-04
7.458000000000000219e-04,4.882812500000000000e-03,-5.046874999999999278e-04
7.460000000000001352e-04,5.039062499999968914e-03,-5.156250000000004580e-04
7.462000000000000317e-04,4.765625000000106581e-03,-4.570312500000025743e-04
7.464000000000001449e-04,5.195312499999826805e-03,-4.640625000000000652e-04
7.466000000000000414e-04,4.882812500000000000e-03,-4.447265625000000264e-04
7.468000000000001547e-04,4.804687499999960032e-03,-4.820312499999998210e-04
7.470000000000000511e-04,5.019531249999875655e-03,-4.537109374999999042e-04
7.472000000000001644e-04,4.550781249999746869e-03,-4.351562499999989120e-04
7.474000000000000608e-04,5.175781249999955591e-03,-4.249999999999974284e-04
7.476000000000001741e-04,4.824218749999942268e-03,-4.404296875000004996e-04
7.478000000000000706e-04,4.687499999999955591e-03,-5.011718749999994477e-04
7.480000000000001838e-04,4.746093749999902300e-03,-4.843749999999986955e-04
7.482000000000000803e-04,4.863281250000128786e-03,-4.373046875000017111e-04
7.483999999999999767e-04,4.843749999999813483e-03,-3.482421875000002442e-04
7.486000000000000900e-04,5.039062499999968914e-03,-3.783203124999995337e-04
7.487999999999999864e-04,5.175781250000066613e-03,-3.816406250000004691e-04
7.490000000000000997e-04,4.980468749999800160e-03,-3.556640624999994268e-04
7.491999999999999962e-04,4.960937500000039968e-03,-4.234375000000002026e-04
7.494000000000001094e-04,5.097656250000026645e-03,-4.048828125000000777e-04
7.496000000000000059e-04,5.195312499999826805e-03,-4.091796875000013392e-04
7.498000000000001192e-04,4.765624999999884537e-03,-3.880859375000001929e-04
7.500000000000000156e-04,4.765624999999884537e-03,-3.748046874999999209e-04
7.502000000000001289e-04,4.921875000000075495e-03,-3.880859374999993255e-04
7.504000000000000253e-04,4.999999999999893419e-03,-3.779296875000004441e-04
7.506000000000001386e-04,5.019531249999875655e-03,-4.203125000000014141e-04
7.508000000000000351e-04,4.902343749999982236e-03,-2.832031250000000347e-04
7.510000000000001483e-04,4.667968750000084377e-03,-2.847656250000007300e-04
7.512000000000000448e-04,4.843749999999813483e-03,-3.205078124999998293e-04
7.514000000000001581e-04,4.902343749999982236e-03,-3.328125000000023773e-04
7.516000000000000545e-04,4.902343750000204281e-03,-3.496093750000005274e-04
7.518000000000001678e-04,4.882812499999777955e-03,-3.597656250000011435e-04
7.520000000000000642e-04,4.941406250000057732e-03,-3.843750000000019026e-04
7.522000000000001775e-04,5.332031250000035527e-03,-3.214843749999992881e-04
7.524000000000000739e-04,5.078125000000044409e-03,-3.121093749999994532e-04
7.526000000000001872e-04,4.882812499999888978e-03,-2.763671875000020886e-04
7.528000000000000837e-04,4.921874999999964473e-03,-2.992187499999982708e-04
7.529999999999999801e-04,4.960937499999928946e-03,-3.248046874999984887e-04
7.532000000000000934e-04,4.960937499999817923e-03,-2.832031249999991673e-04
7.533999999999999898e-04,5.078125000000044409e-03,-2.154296875000027284e-04
7.536000000000001031e-04,4.902343749999760192e-03,-2.449218750000007813e-04
7.537999999999999996e-04,5.351562500000017764e-03,-3.314453124999994921e-04
7.540000000000001128e-04,4.882812500000000000e-03,-3.326171874999993630e-04
7.542000000000000093e-04,4.882812500000111022e-03,-3.626953125000003872e-04
7.544000000000001226e-04,4.765624999999884537e-03,-2.617187499999997988e-04
7.546000000000000190e-04,4.824218749999720224e-03,-2.796875000000012892e-04
7.548000000000001323e-04,4.707031249999937828e-03,-2.703124999999997197e-04
7.550000000000000287e-04,4.765624999999884537e-03,-2.595703125000004691e-04
7.552000000000001420e-04,4.687499999999955591e-03,-2.488281250000003511e-04
7.554000000000000384e-04,4.707031249999937828e-03,-2.435546875000004982e-04
7.556000000000001517e-04,4.921874999999964473e-03,-2.699218750000006301e-04
7.558000000000000482e-04,4.863281249999906741e-03,-3.173828124999993061e-04
7.560000000000001615e-04,4.804687500000071054e-03,-2.347656250000018999e-04
7.562000000000000579e-04,5.117187499999897859e-03,-2.210937500000016709e-04
7.564000000000001712e-04,5.058593749999951150e-03,-2.658203125000015155e-04
7.566000000000000676e-04,4.921874999999964473e-03,-2.619140625000002109e-04
7.568000000000001809e-04,4.902343749999760192e-03,-2.130859374999995171e-04
7.570000000000000773e-04,5.156250000000084377e-03,-2.025390625000006786e-04
7.572000000000001906e-04,4.941406249999946709e-03,-2.013671874999990730e-04
7.574000000000000871e-04,5.175781249999955591e-03,-2.355468750000000791e-04
7.575999999999999835e-04,5.078124999999933387e-03,-1.660156249999999306e-04
7.578000000000000968e-04,5.117187500000008882e-03,-2.140625000000007105e-04
7.579999999999999932e-04,4.921874999999964473e-03,-2.119140625000013808e-04
7.582000000000001065e-04,4.726562499999809042e-03,-2.355468750000000791e-04
7.584000000000000030e-04,4.863281250000017764e-03,-2.115234374999996891e-04
7.586000000000001162e-04,4.824218749999942268e-03,-1.992187500000006106e-04
7.588000000000000127e-04,4.902343749999760192e-03,-1.708984374999998265e-04
7.590000000000001260e-04,5.078125000000155431e-03,-1.949218749999984818e-04
7.592000000000000224e-04,4.687499999999844569e-03,-2.218749999999989828e-04
7.594000000000001357e-04,4.921874999999853451e-03,-1.742187499999998945e-04
7.596000000000000321e-04,4.843749999999813483e-03,-1.300781250000012865e-04
7.598000000000001454e-04,5.097656250000026645e-03,-8.652343750000044548e-05
7.600000000000000418e-04,5.234374999999791278e-03,-1.632812500000002318e-04
7.602000000000001551e-04,5.214843750000142109e-03,-1.566406249999992284e-04
7.604000000000000516e-04,5.273437499999977796e-03,-1.136718750000004913e-04
7.606000000000001648e-04,4.960937499999928946e-03,-1.406250000000001249e-04
7.608000000000000613e-04,4.765624999999773515e-03,-1.789062500000002456e-04
7.610000000000001746e-04,5.019531249999875655e-03,-1.906250000000006897e-04
7.612000000000000710e-04,4.902343749999871214e-03,-1.005859374999988967e-04
7.614000000000001843e-04,4.824218749999831246e-03,-1.142578125000008604e-04
7.616000000000000807e-04,5.156250000000084377e-03,-1.300781249999986844e-04
7.617999999999999772e-04,5.312500000000164313e-03,-1.509765625000011532e-04
7.620000000000000905e-04,5.136718750000102141e-03,-1.347656249999981681e-05
7.621999999999999869e-04,5.000000000000115463e-03,-8.652343750000044548e-05
7.624000000000001002e-04,4.921874999999853451e-03,-1.095703124999996420e-04
7.625999999999999966e-04,5.058593750000062172e-03,-1.439453125000010603e-04
7.628000000000001099e-04,4.863281249999906741e-03,-1.019531250000000472e-04
7.630000000000000063e-04,5.058593750000173195e-03,-2.128906249999895639e-05
7.632000000000001196e-04,5.273437499999977796e-03,-7.265625000000153905e-05
7.634000000000000161e-04,4.980468750000133227e-03,-1.236328125000006953e-04
7.636000000000001293e-04,5.097656250000026645e-03,-3.691406249999983763e-05
7.638000000000000258e-04,4.882812499999888978e-03,2.968750000000106720e-05
7.640000000000001391e-04,5.195312500000048850e-03,-4.746093749999954342e-05
7.642000000000000355e-04,5.156249999999862332e-03,-5.078125000001175449e-06
7.644000000000001488e-04,4.804687499999960032e-03,-1.132812500000048711e-05
7.646000000000000452e-04,5.097656250000026645e-03,1.875000000000053707e-05
7.648000000000001585e-04,4.882812499999666933e-03,-1.757812499999979877e-05
7.650000000000000550e-04,4.765624999999995559e-03,-7.753906250000143496e-05
7.652000000000001682e-04,5.273437500000199840e-03,-5.507812499999913819e-05
7.654000000000000647e-04,4.882812499999888978e-03,-5.078124999999787670e-05
7.656000000000001780e-04,5.175781249999955591e-03,9.238281250000066752e-05
7.658000000000000744e-04,5.039062499999968914e-03,6.054687500000634215e-06
7.660000000000001877e-04,4.960937499999928946e-03,3.710937499999938244e-05
7.662000000000000841e-04,4.804687499999960032e-03,9.316406249999971412e-05
7.663999999999999806e-04,4.628906249999897859e-03,5.957031250000167921e-05
7.666000000000000938e-04,4.570312499999951150e-03,7.207031250000030254e-05
7.667999999999999903e-04,4.824218749999942268e-03,-1.132812500000222183e-05
7.670000000000001036e-04,4.902343749999871214e-03,6.132812500000018457e-05
7.672000000000000000e-04,5.039062499999968914e-03,3.398437500000146133e-05
7.674000000000001133e-04,5.136718749999991118e-03,3.828125000000012074e-05
7.676000000000000097e-04,5.078124999999822364e-03,2.753906249999913541e-05
7.678000000000001230e-04,5.078124999999822364e-03,5.175781249999820283e-05
7.680000000000000195e-04,5.117187500000008882e-03,1.671874999999998015e-04
7.682000000000001327e-04,4.902343750000093259e-03,1.712890624999989161e-04
7.684000000000000292e-04,5.058593750000062172e-03,2.332031250000003372e-04
7.686000000000001425e-04,4.882812500000000000e-03,1.341796874999986663e-04
7.688000000000000389e-04,5.058593750000062172e-03,1.312499999999985553e-04
7.690000000000001522e-04,4.921874999999853451e-03,1.154296875000007314e-04
7.692000000000000486e-04,5.097656249999915623e-03,1.005859374999997641e-04
7.694000000000001619e-04,5.234374999999902300e-03,1.078124999999985345e-04
7.696000000000000583e-04,5.234374999999902300e-03,8.750000000000250633e-05
7.698000000000001716e-04,5.117187500000008882e-03,1.939453124999998904e-04
7.700000000000000681e-04,5.058593749999840128e-03,1.746093749999998515e-04
7.702000000000001814e-04,5.097656250000026645e-03,1.662109374999986081e-04
7.704000000000000778e-04,5.078124999999933387e-03,1.742187499999998945e-04
7.706000000000001911e-04,5.195312500000048850e-03,2.578125000000002290e-04
7.708000000000000875e-04,5.097656250000137668e-03,2.810546874999989703e-04
7.709999999999999840e-04,5.136718749999880096e-03,1.701171874999990452e-04
7.712000000000000972e-04,5.019531249999986677e-03,1.986328125000011088e-04
7.713999999999999937e-04,4.960937499999928946e-03,2.816406250000002068e-04
7.716000000000001070e-04,5.214843749999920064e-03,3.126953125000024244e-04
7.718000000000000034e-04,4.687499999999955591e-03,2.082031249999996211e-04
7.720000000000001167e-04,5.039062500000079936e-03,2.865234375000001027e-04
7.722000000000000131e-04,5.253906250000217604e-03,2.626953125000001249e-04
7.724000000000001264e-04,4.921874999999964473e-03,3.296874999999992520e-04
7.726000000000000228e-04,4.921875000000075495e-03,2.867187500000013822e-04
7.728000000000001361e-04,4.765624999999773515e-03,2.779296875000019165e-04
7.730000000000000326e-04,4.902343749999871214e-03,2.949218749999996114e-04
7.732000000000001459e-04,5.039062499999968914e-03,3.351562499999995171e-04
7.734000000000000423e-04,5.175781249999844569e-03,3.589843749999986275e-04
7.736000000000001556e-04,5.078124999999933387e-03,3.093750000000014891e-04
7.738000000000000520e-04,4.648437499999880096e-03,3.156249999999981987e-04
7.740000000000001653e-04,4.726562499999920064e-03,3.111328124999999944e-04
7.742000000000000617e-04,5.019531249999764633e-03,3.275390625000007896e-04
7.744000000000001750e-04,4.765624999999995559e-03,3.257812499999996822e-04
7.746000000000000715e-04,5.000000000000115463e-03,3.525390624999989037e-04
7.748000000000001847e-04,5.312499999999942268e-03,3.740234375000000069e-04
7.750000000000000812e-04,5.000000000000004441e-03,3.679687499999993727e-04
7.751999999999999776e-04,5.312499999999942268e-03,4.154296874999980488e-04
7.754000000000000909e-04,4.687499999999955591e-03,3.960937500000006120e-04
7.755999999999999873e-04,4.824218749999942268e-03,3.894531249999996086e-04
7.758000000000001006e-04,4.941406250000168754e-03,3.554687499999998820e-04
7.759999999999999971e-04,5.000000000000004441e-03,4.019531249999999667e-04
7.762000000000001104e-04,5.058593749999951150e-03,4.255859374999977976e-04
7.764000000000000068e-04,5.097656250000026645e-03,3.888671875000009742e-04
7.766000000000001201e-04,4.882812499999888978e-03,3.978515625000008521e-04
7.768000000000000165e-04,4.941406250000057732e-03,4.222656249999994643e-04
7.770000000000001298e-04,5.000000000000004441e-03,4.255859374999995323e-04
7.772000000000000262e-04,4.882812500000111022e-03,4.285156250000013781e-04
7.774000000000001395e-04,4.785156249999866773e-03,5.306640625000001027e-04
7.776000000000000360e-04,5.292968749999849010e-03,3.898437499999986983e-04
7.778000000000001492e-04,5.078124999999711342e-03,4.916015625000009354e-04
7.780000000000000457e-04,4.785156249999866773e-03,3.867187499999999098e-04
7.782000000000001590e-04,4.609374999999915623e-03,3.828125000000020747e-04
7.784000000000000554e-04,4.941406249999835687e-03,4.392578124999988939e-04
7.786000000000001687e-04,5.078125000000266454e-03,4.402343750000000874e-04
7.788000000000000651e-04,4.999999999999782396e-03,4.812499999999990397e-04
7.790000000000001784e-04,5.097656249999804601e-03,4.124999999999996725e-04
7.792000000000000749e-04,4.843749999999924505e-03,4.941406250000019568e-04
7.794000000000001881e-04,5.019531249999875655e-03,5.056640624999993866e-04
7.796000000000000846e-04,4.648437499999880096e-03,5.332031249999985220e-04
7.797999999999999810e-04,5.117187500000008882e-03,4.361328125000018402e-04
7.800000000000000943e-04,4.843749999999924505e-03,4.742187500000024161e-04
7.801999999999999907e-04,5.136718749999991118e-03,5.558593749999994962e-04
7.804000000000001040e-04,5.410156249999964473e-03,5.152343749999987663e-04
7.806000000000000005e-04,4.980468750000022204e-03,4.646484375000004344e-04
7.808000000000001137e-04,4.804687499999849010e-03,4.714843750000001152e-04
7.810000000000000102e-04,4.921874999999853451e-03,5.173828125000006981e-04
7.812000000000001235e-04,4.882812500000222045e-03,5.833984375000012337e-04
7.814000000000000199e-04,4.589843749999933387e-03,5.816406250000009936e-04
7.816000000000001332e-04,4.785156249999866773e-03,5.570312499999993672e-04
7.818000000000000296e-04,5.136718749999880096e-03,5.265625000000018555e-04
7.820000000000001429e-04,4.824218750000053291e-03,5.660156250000001124e-04
7.822000000000000394e-04,5.273437500000088818e-03,5.619140625000001305e-04
7.824000000000001526e-04,4.863281249999906741e-03,5.109375000000009742e-04
7.826000000000000491e-04,4.765624999999884537e-03,5.585937500000000625e-04
7.828000000000001624e-04,5.039062499999968914e-03,5.849609375000010617e-04
7.830000000000000588e-04,5.136718750000102141e-03,6.214843750000000749e-04
7.832000000000001721e-04,5.058593750000062172e-03,5.615234375000010408e-04
7.834000000000000685e-04,4.921874999999964473e-03,6.529296875000005149e-04
7.836000000000001818e-04,4.843749999999813483e-03,6.267578125000007952e-04
7.838000000000000782e-04,4.746093750000013323e-03,6.431640624999989883e-04
7.840000000000001915e-04,4.921875000000075495e-03,6.306640625000003650e-04
7.842000000000000880e-04,4.570312499999840128e-03,5.871093749999986566e-04
7.843999999999999844e-04,4.843749999999702460e-03,6.480468749999997516e-04
7.846000000000000977e-04,4.921874999999853451e-03,6.283203124999997558e-04
7.847999999999999941e-04,4.843749999999924505e-03,6.339843750000004330e-04
7.850000000000001074e-04,5.078125000000044409e-03,6.457031249999991424e-04
7.852000000000000039e-04,5.195312500000048850e-03,6.615234374999995684e-04
7.854000000000001171e-04,5.117187499999897859e-03,7.503906249999997558e-04
7.856000000000000136e-04,4.921874999999964473e-03,7.265625000000006453e-04
7.858000000000001269e-04,4.843749999999702460e-03,7.306640625000006273e-04
7.860000000000000233e-04,4.824218750000164313e-03,6.818359374999999334e-04
7.862000000000001366e-04,4.628906249999897859e-03,7.675781249999995975e-04
7.864000000000000330e-04,5.156249999999973355e-03,7.179687499999998571e-04
7.866000000000001463e-04,4.902343750000093259e-03,6.615234374999995684e-04
7.868000000000000427e-04,5.117187500000008882e-03,6.878906250000014350e-04
7.870000000000001560e-04,5.214843749999809042e-03,7.566406249999999348e-04
7.872000000000000525e-04,4.960937499999817923e-03,7.464843750000010533e-04
7.874000000000001658e-04,4.980468749999911182e-03,7.304687500000002151e-04
7.876000000000000622e-04,5.019531249999986677e-03,7.503906250000006231e-04
7.878000000000001755e-04,5.097656250000137668e-03,7.720703124999995365e-04
7.880000000000000719e-04,4.921874999999853451e-03,8.611328124999992686e-04
7.882000000000001852e-04,5.019531250000097700e-03,8.638671875000007022e-04
7.884000000000000816e-04,4.960937499999928946e-03,7.984374999999988010e-04
7.885999999999999781e-04,5.234375000000013323e-03,8.154296875000017000e-04
7.888000000000000914e-04,5.175781249999844569e-03,7.445312500000012684e-04
7.889999999999999878e-04,4.941406249999946709e-03,7.898437500000006148e-04
7.892000000000001011e-04,5.039062499999968914e-03,8.349609375000012837e-04
7.893999999999999975e-04,4.980468749999911182e-03,8.705078124999999709e-04
7.896000000000001108e-04,5.039062499999857891e-03,8.458984375000000791e-04
7.898000000000000072e-04,4.902343750000093259e-03,9.048828125000013892e-04
7.900000000000001205e-04,4.960937500000039968e-03,8.488281250000019248e-04
7.902000000000000170e-04,5.000000000000004441e-03,8.841796875000010672e-04
7.904000000000001303e-04,4.921874999999742428e-03,9.062499999999990702e-04
7.906000000000000267e-04,4.765624999999773515e-03,9.189453124999998404e-04
7.908000000000001400e-04,5.019531249999986677e-03,9.271484375000015390e-04
7.910000000000000364e-04,4.902343749999760192e-03,8.972656250000009270e-04
7.912000000000001497e-04,4.980468749999800160e-03,8.894531249999991854e-04
7.914000000000000461e-04,4.785156250000088818e-03,9.195312499999993422e-04
7.916000000000001594e-04,4.746093750000013323e-03,9.347656250000011338e-04
7.918000000000000559e-04,4.765625000000106581e-03,9.248046874999991951e-04
7.920000000000001691e-04,5.058593749999840128e-03,9.558593749999996780e-04
7.922000000000000656e-04,5.156249999999973355e-03,1.015234375000000078e-03
7.924000000000001789e-04,5.195312500000159872e-03,1.046289062500000561e-03
7.926000000000000753e-04,4.726562500000031086e-03,9.917968749999991895e-04
7.928000000000001886e-04,4.863281250000017764e-03,9.849609375000003761e-04
7.930000000000000850e-04,4.980468749999800160e-03,1.006054687500001522e-03
7.931999999999999815e-04,5.195312500000048850e-03,1.034375000000000572e-03
7.934000000000000948e-04,5.195312500000048850e-03,1.031445312499999593e-03
7.935999999999999912e-04,5.449218750000150990e-03,9.863281250000006592e-04
7.938000000000001045e-04,5.000000000000004441e-03,1.015624999999999167e-03
7.940000000000000009e-04,4.921874999999853451e-03,1.031445312499999593e-03
7.942000000000001142e-04,5.273437499999977796e-03,1.088671875000000663e-03
7.944000000000000106e-04,5.195312500000048850e-03,1.063085937500000445e-03
7.946000000000001239e-04,5.273437499999977796e-03,1.116210937500001533e-03
7.948000000000000204e-04,5.214843750000142109e-03,1.175390625000000654e-03
7.950000000000001336e-04,4.804687500000071054e-03,1.106445312499999140e-03
7.952000000000000301e-04,4.863281250000017764e-03,1.121484375000001386e-03
7.954000000000001434e-04,4.980468749999800160e-03,1.061132812499999793e-03
7.956000000000000398e-04,5.117187500000119904e-03,1.092382812499999821e-03
7.958000000000001531e-04,4.863281249999906741e-03,1.106445312500000874e-03
7.960000000000000495e-04,4.980468750000133227e-03,1.139453124999999407e-03
7.962000000000001628e-04,5.156250000000084377e-03,1.167968750000001471e-03
7.964000000000000593e-04,5.019531249999986677e-03,1.184375000000000532e-03
7.966000000000001725e-04,5.117187499999786837e-03,1.149023437500001389e-03
7.968000000000000690e-04,4.765625000000106581e-03,1.224609374999998702e-03
7.970000000000001823e-04,4.902343749999982236e-03,1.207617187500000140e-03
7.972000000000000787e-04,5.273437500000088818e-03,1.226171874999999398e-03
7.974000000000001920e-04,4.921874999999742428e-03,1.200195312500000090e-03
7.976000000000000884e-04,4.863281250000017764e-03,1.215429687500001014e-03
7.977999999999999849e-04,4.980468749999800160e-03,1.235351562500000555e-03
7.980000000000000981e-04,4.648437499999880096e-03,1.137109375000000533e-03
7.981999999999999946e-04,4.863281249999795719e-03,1.179101562500001546e-03
7.984000000000001079e-04,5.019531249999986677e-03,1.249609374999999419e-03
7.986000000000000043e-04,4.843749999999924505e-03,1.250195312499999788e-03
7.988000000000001176e-04,5.136718749999991118e-03,1.211718749999998387e-03
7.990000000000000140e-04,5.175781249999844569e-03,1.228906249999999097e-03
7.992000000000001273e-04,4.980468749999911182e-03,1.273437500000001998e-03
7.994000000000000238e-04,4.687499999999733546e-03,1.309179687500000230e-03
7.996000000000001370e-04,4.902343749999982236e-03,1.226562500000000222e-03
7.998000000000000335e-04,4.687499999999955591e-03,1.263867187500000884e-03
8.000000000000001468e-04,4.902343749999871214e-03,1.258007812499998927e-03
8.002000000000000432e-04,4.921875000000075495e-03,1.284179687499999514e-03
8.004000000000001565e-04,4.746093749999791278e-03,1.220507812500000455e-03
8.006000000000000529e-04,4.785156249999644729e-03,1.213476562499999495e-03
8.008000000000001662e-04,5.234374999999902300e-03,1.252539062500000397e-03
8.010000000000000626e-04,4.824218749999831246e-03,1.276562500000001654e-03
8.012000000000001759e-04,4.999999999999893419e-03,1.296093750000000371e-03
8.014000000000000724e-04,5.058593749999951150e-03,1.277929687499999335e-03
8.016000000000001856e-04,4.980468750000022204e-03,1.291015625000000062e-03
8.018000000000000821e-04,4.941406250000057732e-03,1.280273437499998210e-03
8.019999999999999785e-04,4.882812500000000000e-03,1.285937499999999754e-03
8.022000000000000918e-04,4.765624999999662492e-03,1.216015624999999649e-03
8.023999999999999883e-04,4.999999999999893419e-03,1.250390625000000200e-03
8.026000000000001015e-04,4.999999999999893419e-03,1.232226562500000032e-03
8.027999999999999980e-04,5.039062500000079936e-03,1.313085937499998065e-03
8.030000000000001113e-04,4.785156249999755751e-03,1.245117187499999480e-03
8.032000000000000077e-04,5.136718749999880096e-03,1.242187500000001103e-03
8.034000000000001210e-04,4.921874999999853451e-03,1.283789062499999557e-03
8.036000000000000174e-04,4.941406249999835687e-03,1.234179687499999817e-03
8.038000000000001307e-04,5.214843750000031086e-03,1.285937500000000622e-03
8.040000000000000271e-04,4.824218749999942268e-03,1.257226562500000748e-03
8.042000000000001404e-04,5.195312500000048850e-03,1.246484375000000630e-03
8.044000000000000369e-04,5.273437500000088818e-03,1.197265624999999112e-03
8.046000000000001501e-04,5.214843749999920064e-03,1.250976562499999702e-03
8.048000000000000466e-04,4.980468749999800160e-03,1.240624999999999541e-03
8.050000000000001599e-04,4.843750000000146549e-03,1.222070312499998548e-03
8.052000000000000563e-04,4.726562499999809042e-03,1.283398437499999600e-03
8.054000000000001696e-04,5.097656249999804601e-03,1.311328125000000427e-03
8.056000000000000660e-04,4.941406249999946709e-03,1.297070312500001564e-03
8.058000000000001793e-04,4.843749999999924505e-03,1.279687499999999575e-03
8.060000000000000758e-04,5.117187500000008882e-03,1.265429687500000712e-03
8.062000000000001890e-04,4.707031249999826805e-03,1.243750000000000931e-03
8.064000000000000855e-04,4.628906249999786837e-03,1.259570312499998755e-03
8.065999999999999819e-04,5.117187500000119904e-03,1.231835937500000075e-03
8.068000000000000952e-04,5.039062499999968914e-03,1.218359374999999391e-03
8.069999999999999916e-04,4.804687499999737987e-03,1.229296875000000788e-03
8.072000000000001049e-04,5.136718749999991118e-03,1.245117187500000347e-03
8.074000000000000014e-04,4.980468750000022204e-03,1.313476562499999757e-03
8.076000000000001146e-04,4.511718750000004441e-03,1.237890625000000709e-03
8.078000000000000111e-04,5.058593749999840128e-03,1.343750000000001193e-03
8.080000000000001244e-04,5.097656250000026645e-03,1.337695312499999692e-03
8.082000000000000208e-04,5.234375000000124345e-03,1.331250000000000835e-03
8.084000000000001341e-04,4.882812500000111022e-03,1.229296875000000788e-03
8.086000000000000305e-04,4.960937499999817923e-03,1.249414062499999006e-03
8.088000000000001438e-04,4.746093750000013323e-03,1.282226562500000597e-03
8.090000000000000403e-04,4.902343749999871214e-03,1.260937499999999038e-03
8.092000000000001535e-04,4.667968749999973355e-03,1.263671875000000472e-03
8.094000000000000500e-04,4.785156249999866773e-03,1.343359374999999502e-03
8.096000000000001633e-04,4.746093749999902300e-03,1.378710937499999512e-03
8.098000000000000597e-04,5.097656250000137668e-03,1.317773437499999284e-03
8.100000000000001730e-04,4.824218749999942268e-03,1.318554687500000065e-03
8.102000000000000694e-04,5.136718750000102141e-03,1.331249999999999101e-03
8.104000000000001827e-04,4.707031250000048850e-03,1.364257812499999369e-03
8.106000000000000792e-04,4.765625000000106581e-03,1.292968750000002449e-03
8.108000000000001924e-04,5.039062499999968914e-03,1.316210937499998589e-03
8.110000000000000889e-04,5.117187499999897859e-03,1.299804687500000396e-03
8.111999999999999853e-04,5.019531249999875655e-03,1.317187500000000649e-03
8.114000000000000986e-04,5.117187499999786837e-03,1.354492187499998709e-03
8.115999999999999950e-04,4.999999999999893419e-03,1.363476562499999455e-03
8.118000000000001083e-04,5.117187500000119904e-03,1.359960937499999842e-03
8.120000000000000048e-04,5.058593749999951150e-03,1.416015625000000173e-03
8.122000000000001180e-04,4.707031249999937828e-03,1.378710937500000379e-03
8.124000000000000145e-04,4.921874999999964473e-03,1.355273437499998623e-03
8.126000000000001278e-04,4.843749999999702460e-03,1.324609374999998965e-03
8.128000000000000242e-04,4.746093749999902300e-03,1.385546875000000060e-03
8.130000000000001375e-04,5.078124999999933387e-03,1.331640625000000792e-03
8.132000000000000339e-04,5.097656249999915623e-03,1.404687499999999686e-03
8.134000000000001472e-04,4.941406249999946709e-03,1.381835937500000035e-03
8.136000000000000437e-04,4.941406250000057732e-03,1.338476562500000473e-03
8.138000000000001569e-04,4.980468750000022204e-03,1.390429687499999088e-03
8.140000000000000534e-04,4.882812499999888978e-03,1.421484375000000439e-03
8.142000000000001667e-04,5.195312500000048850e-03,1.415820312499998894e-03
8.144000000000000631e-04,4.902343749999871214e-03,1.399023437500001611e-03
8.146000000000001764e-04,5.195312500000048850e-03,1.418749999999999005e-03
8.148000000000000728e-04,4.960937500000039968e-03,1.461328124999998652e-03
8.150000000000001861e-04,4.785156249999755751e-03,1.423828125000000180e-03
8.152000000000000825e-04,4.941406249999946709e-03,1.332617187500000251e-03
8.154000000000001958e-04,4.726562500000031086e-03,1.352539062500000659e-03
8.156000000000000923e-04,5.039062500000079936e-03,1.404882812500000099e-03
8.157999999999999887e-04,4.804687499999737987e-03,1.374023437500000028e-03
8.160000000000001020e-04,4.921874999999853451e-03,1.387890624999998934e-03
8.161999999999999984e-04,4.726562499999920064e-03,1.391601562499998092e-03
8.164000000000001117e-04,5.097656250000026645e-03,1.457617187500001230e-03
8.166000000000000082e-04,4.921874999999964473e-03,1.462109374999999434e-03
8.168000000000001214e-04,5.019531249999653610e-03,1.443554687500000176e-03
8.170000000000000179e-04,5.156250000000195399e-03,1.458007812499999452e-03
8.172000000000001312e-04,5.058593749999951150e-03,1.491796874999998766e-03
8.174000000000000276e-04,5.058593749999840128e-03,1.462109374999998566e-03
8.176000000000001409e-04,4.804687499999849010e-03,1.395117187499999439e-03
8.178000000000000373e-04,4.843750000000035527e-03,1.361328124999999258e-03
8.180000000000001506e-04,4.667968749999862332e-03,1.397070312499999224e-03
8.182000000000000470e-04,4.921875000000075495e-03,1.395117187499998572e-03
8.184000000000001603e-04,5.156249999999973355e-03,1.412304687499999281e-03
8.186000000000000568e-04,4.707031249999937828e-03,1.484375000000000451e-03
8.188000000000001700e-04,4.765624999999884537e-03,1.447460937500000613e-03
8.190000000000000665e-04,4.628906250000008882e-03,1.425781249999999965e-03
8.192000000000001798e-04,4.824218749999942268e-03,1.423632812500000636e-03
8.194000000000000762e-04,4.960937500000039968e-03,1.411718750000001514e-03
8.196000000000001895e-04,4.824218749999942268e-03,1.420507812500000112e-03
8.198000000000000859e-04,5.058593749999729106e-03,1.373046874999997967e-03
8.199999999999999824e-04,4.941406249999724665e-03,1.414648437499999890e-03
8.202000000000000957e-04,4.687499999999955591e-03,1.342773437500002602e-03
8.203999999999999921e-04,5.019531249999986677e-03,1.405664062500000880e-03
8.206000000000001054e-04,4.843749999999924505e-03,1.384375000000001056e-03
8.208000000000000018e-04,5.019531249999986677e-03,1.425195312499999596e-03
8.210000000000001151e-04,5.058593749999951150e-03,1.438085937499999911e-03
8.212000000000000115e-04,5.175781250000066613e-03,1.426562499999999879e-03
8.214000000000001248e-04,4.980468750000022204e-03,1.410742187499996851e-03
8.216000000000000213e-04,4.941406249999946709e-03,1.363281250000000777e-03
8.218000000000001345e-04,4.980468749999800160e-03,1.396875000000000547e-03
8.220000000000000310e-04,5.019531249999986677e-03,1.358203124999998734e-03
8.222000000000001443e-04,5.000000000000004441e-03,1.338281250000000928e-03
8.224000000000000407e-04,5.156249999999862332e-03,1.376953124999999271e-03
8.226000000000001540e-04,4.902343749999871214e-03,1.400195312500000615e-03
8.228000000000000504e-04,4.921874999999853451e-03,1.454101562500000749e-03
8.230000000000001637e-04,5.097656249999804601e-03,1.360742187500000623e-03
8.232000000000000602e-04,4.921874999999964473e-03,1.368554687499999763e-03
8.234000000000001734e-04,5.058593750000062172e-03,1.365820312500000064e-03
8.236000000000000699e-04,5.000000000000226485e-03,1.382226562500000859e-03
8.238000000000001832e-04,4.882812499999888978e-03,1.315820312500000366e-03
8.240000000000000796e-04,5.058593749999840128e-03,1.326171874999999660e-03
8.242000000000001929e-04,4.902343749999871214e-03,1.355859374999999860e-03
8.244000000000000893e-04,5.117187500000008882e-03,1.326757812499998294e-03
8.245999999999999858e-04,5.058593749999951150e-03,1.348437499999998943e-03
8.248000000000000990e-04,5.234374999999902300e-03,1.417968750000001693e-03
8.249999999999999955e-04,4.824218749999942268e-03,1.348632812500000222e-03
8.252000000000001088e-04,4.960937499999817923e-03,1.365820312500000064e-03
8.254000000000000052e-04,5.078125000000155431e-03,1.329492187499998861e-03
8.256000000000001185e-04,4.726562500000031086e-03,1.329101562499999771e-03
8.258000000000000149e-04,5.019531249999986677e-03,1.302148437499999270e-03
8.260000000000001282e-04,4.746093749999902300e-03,1.325390624999999746e-03
8.262000000000000247e-04,4.765624999999773515e-03,1.308789062499997671e-03
8.264000000000001379e-04,5.117187499999786837e-03,1.347656249999999029e-03
8.266000000000000344e-04,4.882812499999777955e-03,1.307226562499999578e-03
8.268000000000001477e-04,5.195312500000159872e-03,1.315429687499998675e-03
8.270000000000000441e-04,4.863281249999906741e-03,1.320703124999999395e-03
8.272000000000001574e-04,5.058593749999951150e-03,1.351953124999999423e-03
8.274000000000000538e-04,4.960937499999817923e-03,1.290625000000000105e-03
8.276000000000001671e-04,4.902343749999982236e-03,1.303906249999998643e-03
8.278000000000000635e-04,5.058593749999840128e-03,1.325976562499999248e-03
8.280000000000001768e-04,4.511718750000004441e-03,1.331835937500000337e-03
8.282000000000000733e-04,5.000000000000004441e-03,1.270312499999998006e-03
8.284000000000001866e-04,5.156250000000084377e-03,1.252148437500001307e-03
8.286000000000000830e-04,5.449218750000039968e-03,1.280664062499999901e-03
8.288000000000001963e-04,4.843750000000146549e-03,1.329101562499999771e-03
8.290000000000000927e-04,4.804687499999626965e-03,1.266601562499999716e-03
8.291999999999999892e-04,5.156249999999862332e-03,1.222070312500000283e-03
8.294000000000001024e-04,4.882812499999777955e-03,1.286718750000000536e-03
8.295999999999999989e-04,4.609375000000026645e-03,1.249804687499999831e-03
8.298000000000001122e-04,5.078124999999933387e-03,1.262109375000000644e-03
8.300000000000000086e-04,4.628906250000119904e-03,1.223632812500000111e-03
8.302000000000001219e-04,4.765624999999995559e-03,1.233593750000000315e-03
8.304000000000000183e-04,4.550781249999968914e-03,1.256054687500000010e-03
8.306000000000001316e-04,5.136718749999658051e-03,1.248437500000000415e-03
8.308000000000000280e-04,5.097656250000137668e-03,1.228320312500001329e-03
8.310000000000001413e-04,5.097656249999804601e-03,1.266796875000000995e-03
8.312000000000000378e-04,5.019531250000097700e-03,1.216015624999999649e-03
8.314000000000001511e-04,4.882812500000000000e-03,1.283203124999999188e-03
8.316000000000000475e-04,4.785156249999866773e-03,1.204687500000000897e-03
8.318000000000001608e-04,5.097656249999804601e-03,1.226171875000002000e-03
8.320000000000000572e-04,5.019531249999986677e-03,1.217382812499998197e-03
8.322000000000001705e-04,5.117187500000119904e-03,1.242187500000000236e-03
8.324000000000000669e-04,4.843750000000035527e-03,1.187890625000001879e-03
8.326000000000001802e-04,4.941406249999835687e-03,1.181445312499998686e-03
8.328000000000000767e-04,4.863281250000128786e-03,1.193359375000000409e-03
8.330000000000001899e-04,4.589843749999600320e-03,1.169335937499999152e-03
8.332000000000000864e-04,4.785156250000088818e-03,1.199218749999998897e-03
8.333999999999999828e-04,4.941406250000168754e-03,1.171875000000000173e-03
8.336000000000000961e-04,5.351562500000017764e-03,1.171289062499998937e-03
8.337999999999999926e-04,5.410156250000075495e-03,1.183789062500001030e-03
8.340000000000001058e-04,5.234374999999902300e-03,1.248828124999999505e-03
8.342000000000000023e-04,4.667968749999973355e-03,1.206054687499998578e-03
8.344000000000001156e-04,4.785156250000088818e-03,1.208203124999999642e-03
8.346000000000000120e-04,4.882812500000000000e-03,1.194921874999998503e-03
8.348000000000001253e-04,4.882812499999888978e-03,1.152929687500000092e-03
8.350000000000000217e-04,5.000000000000004441e-03,1.151562500000000676e-03
8.352000000000001350e-04,4.824218749999942268e-03,1.067773437500002531e-03
8.354000000000000314e-04,5.175781249999844569e-03,1.138671874999999493e-03
8.356000000000001447e-04,5.214843750000031086e-03,1.152734374999998812e-03
8.358000000000000412e-04,4.921874999999964473e-03,1.192578124999999628e-03
8.360000000000001544e-04,4.628906250000008882e-03,1.158203125000000812e-03
8.362000000000000509e-04,5.058593749999951150e-03,1.141406250000000060e-03
8.364000000000001642e-04,5.039062499999857891e-03,1.223828125000000523e-03
8.366000000000000606e-04,5.039062499999857891e-03,1.038867187499998776e-03
8.368000000000001739e-04,4.863281249999906741e-03,1.097851562499998351e-03
8.370000000000000703e-04,5.117187499999786837e-03,1.080273437499999420e-03
8.372000000000001836e-04,5.351562499999795719e-03,1.153124999999999636e-03
8.374000000000000801e-04,4.824218749999831246e-03,1.097070312500001039e-03
8.376000000000001933e-04,4.804687499999849010e-03,1.053320312500000654e-03
8.378000000000000898e-04,4.980468749999911182e-03,1.100195312499999828e-03
8.379999999999999862e-04,4.902343749999871214e-03,1.117187500000000125e-03
8.382000000000000995e-04,4.960937500000150990e-03,1.120117187500001971e-03
8.383999999999999959e-04,4.960937499999817923e-03,1.093749999999999237e-03
8.386000000000001092e-04,5.214843749999809042e-03,1.103710937499999441e-03
8.388000000000000057e-04,5.234374999999791278e-03,1.069140624999998478e-03
8.390000000000001189e-04,4.824218749999831246e-03,1.075585937499999936e-03
8.392000000000000154e-04,5.312500000000053291e-03,9.951171875000009923e-04
8.394000000000001287e-04,5.019531249999986677e-03,1.019140625000000515e-03
8.396000000000000251e-04,4.785156249999977796e-03,1.009179687500002046e-03
8.398000000000001384e-04,5.117187499999897859e-03,1.050976562500000044e-03
8.400000000000000348e-04,5.000000000000004441e-03,1.024609375000000780e-03
8.402000000000001481e-04,4.824218749999942268e-03,9.457031250000007966e-04
8.404000000000000446e-04,4.765624999999995559e-03,1.010156250000000637e-03
8.406000000000001578e-04,4.843749999999702460e-03,1.004687500000001239e-03
8.408000000000000543e-04,5.097656250000026645e-03,1.007031250000000114e-03
8.410000000000001676e-04,4.648437500000102141e-03,9.451171875000004274e-04
8.412000000000000640e-04,4.941406249999946709e-03,9.791015625000001540e-04
8.414000000000001773e-04,5.019531249999986677e-03,9.298828124999986358e-04
8.416000000000000737e-04,5.312499999999942268e-03,9.021484374999999556e-04
8.418000000000001870e-04,4.941406250000057732e-03,9.023437499999986330e-04
8.420000000000000834e-04,5.175781249999955591e-03,9.183593749999994713e-04
8.422000000000001967e-04,4.882812499999777955e-03,8.937500000000013142e-04
8.424000000000000932e-04,4.960937499999928946e-03,9.324218750000005246e-04
8.425999999999999896e-04,4.824218749999942268e-03,8.886718750000010061e-04
8.428000000000001029e-04,4.999999999999782396e-03,8.796875000000011283e-04
8.429999999999999993e-04,5.195312500000159872e-03,8.515625000000024911e-04
8.432000000000001126e-04,4.804687499999960032e-03,8.931640625000018124e-04
8.434000000000000091e-04,5.000000000000004441e-03,8.576171875000013906e-04
8.436000000000001223e-04,4.902343749999649170e-03,8.382812500000013517e-04
8.438000000000000188e-04,4.824218749999831246e-03,7.535156249999994116e-04
8.440000000000001321e-04,5.078124999999933387e-03,7.484374999999999709e-04
8.442000000000000285e-04,5.097656249999915623e-03,7.492187499999998848e-04
8.444000000000001418e-04,5.019531249999986677e-03,7.824218749999988301e-04
8.446000000000000382e-04,4.941406250000168754e-03,7.410156249999990535e-04
8.448000000000001515e-04,5.175781249999955591e-03,7.359375000000013475e-04
8.450000000000000479e-04,5.078124999999933387e-03,7.658203124999984901e-04
8.452000000000001612e-04,4.687499999999955591e-03,7.550781250000001069e-04
8.454000000000000577e-04,4.921874999999964473e-03,7.072265625000006065e-04
8.456000000000001710e-04,4.863281249999684697e-03,6.968749999999995781e-04
8.458000000000000674e-04,4.980468749999800160e-03,6.957031250000005745e-04
8.460000000000001807e-04,4.960937499999817923e-03,6.873046874999984637e-04
8.462000000000000771e-04,5.273437500000088818e-03,6.236328125000011394e-04
8.464000000000001904e-04,4.960937500000039968e-03,5.921874999999980974e-04
8.466000000000000868e-04,4.687499999999844569e-03,6.494140625000009021e-04
8.467999999999999833e-04,5.019531250000097700e-03,5.818359374999979364e-04
8.470000000000000966e-04,4.824218749999831246e-03,5.781249999999996461e-04
8.471999999999999930e-04,5.078124999999933387e-03,5.875000000000003483e-04
8.474000000000001063e-04,4.628906249999786837e-03,5.746093750000000333e-04
8.476000000000000027e-04,5.097656249999693578e-03,5.533203124999993422e-04
8.478000000000001160e-04,4.882812499999777955e-03,5.041015625000012934e-04
8.480000000000000124e-04,4.980468749999800160e-03,5.351562499999991743e-04
8.482000000000001257e-04,5.019531249999875655e-03,4.861328124999980682e-04
8.484000000000000222e-04,4.902343749999982236e-03,4.732421874999994879e-04
8.486000000000001355e-04,5.039062499999968914e-03,4.972656249999998779e-04
8.488000000000000319e-04,5.058593749999840128e-03,4.494140625000003775e-04
8.490000000000001452e-04,4.980468750000022204e-03,5.095703124999989564e-04
8.492000000000000416e-04,5.019531249999986677e-03,4.281250000000005537e-04
8.494000000000001549e-04,5.078124999999933387e-03,4.609375000000004094e-04
8.496000000000000513e-04,5.136718749999991118e-03,4.439453124999992450e-04
8.498000000000001646e-04,5.156249999999973355e-03,3.996093750000010922e-04
8.500000000000000611e-04,4.882812499999777955e-03,3.244140625000002665e-04
8.502000000000001743e-04,5.019531249999986677e-03,3.197265624999999153e-04
8.504000000000000708e-04,5.058593749999951150e-03,3.662109375000008674e-04
8.506000000000001841e-04,4.843749999999924505e-03,3.955078125000002429e-04
8.508000000000000805e-04,4.804687499999960032e-03,3.648437499999997169e-04
8.510000000000001938e-04,4.999999999999782396e-03,3.333984375000001443e-04
8.512000000000000902e-04,4.882812499999777955e-03,3.576171875000009465e-04
8.513999999999999867e-04,4.882812499999888978e-03,3.224609374999987468e-04
8.516000000000001000e-04,5.000000000000004441e-03,2.558593749999978420e-04
8.517999999999999964e-04,4.980468750000133227e-03,2.367187499999990827e-04
8.520000000000001097e-04,4.902343749999871214e-03,2.916015624999995434e-04
8.522000000000000061e-04,4.921874999999853451e-03,2.972656250000010880e-04
8.524000000000001194e-04,5.156249999999973355e-03,1.765624999999987690e-04
8.526000000000000158e-04,4.843749999999813483e-03,1.921874999999996503e-04
8.528000000000001291e-04,5.117187500000008882e-03,2.013671874999990730e-04
8.530000000000000256e-04,4.960937499999928946e-03,2.462890625000001971e-04
8.532000000000001388e-04,4.824218749999831246e-03,2.347656250000001651e-04
8.534000000000000353e-04,4.921874999999964473e-03,1.968749999999991340e-04
8.536000000000001486e-04,4.843749999999702460e-03,2.005859374999974243e-04
8.538000000000000450e-04,4.824218750000053291e-03,1.921875000000005176e-04
8.540000000000001583e-04,4.785156249999977796e-03,1.181640625000012976e-04
8.542000000000000547e-04,4.863281249999906741e-03,1.242187500000019318e-04
8.544000000000001680e-04,5.117187499999786837e-03,2.373046874999977171e-04
8.546000000000000645e-04,4.882812500000000000e-03,1.000000000000002623e-04
8.548000000000001777e-04,4.707031249999937828e-03,3.769531249999975159e-05
8.550000000000000742e-04,5.019531249999986677e-03,2.929687500000978384e-06
8.552000000000001875e-04,5.214843749999920064e-03,4.609375000000099504e-05
8.554000000000000839e-04,5.195312499999826805e-03,9.257812499999847761e-05
8.556000000000001972e-04,5.078125000000044409e-03,7.929687499999994033e-05
8.558000000000000936e-04,5.000000000000004441e-03,1.244140624999980071e-04
8.559999999999999901e-04,5.253906249999995559e-03,1.757812500000066613e-05
8.562000000000001033e-04,4.843749999999924505e-03,5.781249999999970440e-05
8.563999999999999998e-04,4.648437499999880096e-03,-2.402343749999952260e-05
8.566000000000001131e-04,5.351562500000017764e-03,1.425781249999886341e-05
8.568000000000000095e-04,4.863281250000017764e-03,1.953125000000652256e-06
8.570000000000001228e-04,4.648437499999880096e-03,2.929687500000111022e-06
8.572000000000000192e-04,5.156249999999751310e-03,-2.753906249999913541e-05
8.574000000000001325e-04,5.097656250000026645e-03,-4.980468750000102002e-05
8.576000000000000290e-04,4.687499999999844569e-03,-6.367187500000079381e-05
8.578000000000001422e-04,5.117187499999897859e-03,-4.199218749999927836e-05
8.580000000000000387e-04,4.746093749999902300e-03,-5.488281249999872602e-05
8.582000000000001520e-04,5.039062499999857891e-03,-4.238281249999923533e-05
8.584000000000000484e-04,4.628906250000008882e-03,-5.253906250000071887e-05
8.586000000000001617e-04,4.999999999999782396e-03,-8.945312499999968914e-05
8.588000000000000581e-04,4.863281249999906741e-03,-1.605468750000022676e-04
8.590000000000001714e-04,4.863281249999906741e-03,-1.591796874999985151e-04
8.592000000000000678e-04,5.136718749999991118e-03,-1.570312500000017875e-04
8.594000000000001811e-04,4.941406249999946709e-03,-1.558593750000001818e-04
8.596000000000000776e-04,5.039062499999746869e-03,-1.626953125000007300e-04
8.598000000000001909e-04,4.980468749999800160e-03,-1.101562499999991437e-04
8.600000000000000873e-04,4.941406249999946709e-03,-1.724609374999987871e-04
8.601999999999999837e-04,4.902343749999871214e-03,-1.576171874999978198e-04
8.604000000000000970e-04,5.273437500000088818e-03,-1.802734374999996614e-04
8.605999999999999935e-04,4.902343749999871214e-03,-1.312500000000002900e-04
8.608000000000001067e-04,4.980468749999911182e-03,-1.830078125000019623e-04
8.610000000000000032e-04,4.824218749999831246e-03,-3.794921875000011394e-04
8.612000000000001165e-04,4.863281250000128786e-03,-2.349609374999988426e-04
8.614000000000000129e-04,4.941406249999946709e-03,-3.099609375000027256e-04
8.616000000000001262e-04,5.000000000000004441e-03,-2.767578125000011782e-04
8.618000000000000226e-04,4.999999999999893419e-03,-3.091796875000010769e-04
8.620000000000001359e-04,4.902343749999871214e-03,-2.863281249999988232e-04
8.622000000000000323e-04,4.667968749999862332e-03,-2.623046874999993006e-04
8.624000000000001456e-04,4.648437499999991118e-03,-2.283203125000004413e-04
8.626000000000000421e-04,5.175781249999844569e-03,-3.048828124999998154e-04
8.628000000000001554e-04,5.371093750000000000e-03,-3.392578125000012337e-04
8.630000000000000518e-04,5.371093750000000000e-03,-3.677734374999989606e-04
8.632000000000001651e-04,4.999999999999782396e-03,-3.595703124999989966e-04
8.634000000000000615e-04,5.253906250000106581e-03,-4.498046875000020692e-04
8.636000000000001748e-04,5.117187500000008882e-03,-4.074218750000002318e-04
8.638000000000000712e-04,5.078124999999933387e-03,-4.183593750000016293e-04
8.640000000000001845e-04,5.000000000000004441e-03,-3.976562500000004399e-04
8.642000000000000810e-04,4.960937499999817923e-03,-3.960937500000006120e-04
8.644000000000001942e-04,4.648437500000213163e-03,-4.193359374999993533e-04
8.646000000000000907e-04,4.960937499999928946e-03,-4.089843749999983250e-04
8.647999999999999871e-04,4.785156249999866773e-03,-4.339843749999999084e-04
8.650000000000001004e-04,4.843749999999924505e-03,-4.830078124999992797e-04
8.651999999999999968e-04,4.765624999999884537e-03,-4.669921875000010436e-04
8.654000000000001101e-04,5.312499999999942268e-03,-5.117187500000000208e-04
8.656000000000000066e-04,4.999999999999782396e-03,-5.285156249999999056e-04
8.658000000000001199e-04,5.117187500000119904e-03,-5.404296874999998945e-04
8.660000000000000163e-04,4.882812499999888978e-03,-5.310546875000009270e-04
8.662000000000001296e-04,5.117187500000008882e-03,-5.681640625000003095e-04
8.664000000000000260e-04,4.960937499999928946e-03,-5.367187499999981348e-04
8.666000000000001393e-04,4.746093750000013323e-03,-5.792968750000003844e-04
8.668000000000000357e-04,4.999999999999893419e-03,-5.058593749999989314e-04
8.670000000000001490e-04,5.019531249999986677e-03,-6.277343750000011213e-04
8.672000000000000455e-04,4.804687499999960032e-03,-6.080078125000019929e-04
8.674000000000001587e-04,5.078125000000155431e-03,-6.525390624999996905e-04
8.676000000000000552e-04,5.078125000000155431e-03,-6.066406249999991077e-04
8.678000000000001685e-04,5.078124999999822364e-03,-6.287109374999997127e-04
8.680000000000000649e-04,5.195312499999937828e-03,-6.814453124999999764e-04
8.682000000000001782e-04,4.882812499999888978e-03,-6.908203125000006786e-04
8.684000000000000746e-04,4.863281250000128786e-03,-7.339843750000006953e-04
8.686000000000001879e-04,4.667968749999862332e-03,-6.874999999999988759e-04
8.688000000000000844e-04,5.039062500000079936e-03,-7.490234375000003400e-04
8.690000000000001976e-04,5.117187500000008882e-03,-6.902343750000003095e-04
8.692000000000000941e-04,4.824218750000053291e-03,-7.392578124999996808e-04
8.693999999999999905e-04,4.863281249999906741e-03,-7.578125000000006731e-04
8.696000000000001038e-04,5.078124999999933387e-03,-7.988281250000004927e-04
8.698000000000000002e-04,5.019531249999986677e-03,-8.166015624999989689e-04
8.700000000000001135e-04,5.078125000000044409e-03,-8.369140625000019360e-04
8.702000000000000100e-04,4.843749999999924505e-03,-7.748046875000018374e-04
8.704000000000001232e-04,4.746093750000013323e-03,-7.953125000000000125e-04
8.706000000000000197e-04,4.824218749999942268e-03,-8.228515625000008826e-04
8.708000000000001330e-04,4.902343749999871214e-03,-8.886718749999975367e-04
8.710000000000000294e-04,5.136718749999880096e-03,-8.796875000000011283e-04
8.712000000000001427e-04,4.882812500000000000e-03,-8.695312499999996447e-04
8.714000000000000391e-04,4.882812499999888978e-03,-8.537109375000000860e-04
8.716000000000001524e-04,4.882812500000111022e-03,-8.728515625000014475e-04
8.718000000000000489e-04,5.058593750000173195e-03,-8.800781250000010852e-04
8.720000000000001621e-04,5.019531249999875655e-03,-8.947265625000016404e-04
8.722000000000000586e-04,5.156250000000195399e-03,-8.919921874999993394e-04
8.724000000000001719e-04,4.999999999999782396e-03,-1.045312499999998500e-03
8.726000000000000683e-04,5.000000000000004441e-03,-1.015625000000000035e-03
8.728000000000001816e-04,5.195312499999937828e-03,-9.650390624999999681e-04
8.730000000000000780e-04,5.039062499999857891e-03,-9.462890625000020331e-04
8.732000000000001913e-04,5.253906249999995559e-03,-9.892578125000007702e-04
8.734000000000000877e-04,4.843750000000035527e-03,-1.036132812500000812e-03
8.736000000000002010e-04,4.804687499999960032e-03,-9.927734374999995157e-04
8.738000000000000975e-04,5.058593749999951150e-03,-1.005664062500000698e-03
8.739999999999999939e-04,4.941406249999946709e-03,-1.002539062500000175e-03
8.742000000000001072e-04,4.941406249999835687e-03,-1.023242187500000497e-03
8.744000000000000036e-04,5.097656249999915623e-03,-1.016015624999999124e-03
8.746000000000001169e-04,5.214843749999809042e-03,-1.054687500000000937e-03
8.748000000000000134e-04,4.804687499999849010e-03,-1.128710937500001024e-03
8.750000000000001266e-04,5.117187500000008882e-03,-1.083593749999999488e-03
8.752000000000000231e-04,5.273437499999866773e-03,-1.049023437500000260e-03
8.754000000000001364e-04,4.882812500000000000e-03,-1.043164062500000905e-03
8.756000000000000328e-04,5.039062499999857891e-03,-1.037304687499998081e-03
8.758000000000001461e-04,5.117187499999897859e-03,-1.091601562499999040e-03
8.760000000000000425e-04,5.117187500000008882e-03,-1.121093749999999695e-03
8.762000000000001558e-04,4.785156249999755751e-03,-1.114257812499999147e-03
8.764000000000000522e-04,4.902343749999871214e-03,-1.141406250000000927e-03
8.766000000000001655e-04,4.843750000000035527e-03,-1.089257812500001033e-03
8.768000000000000620e-04,4.863281249999906741e-03,-1.112109374999998082e-03
8.770000000000001752e-04,5.097656250000026645e-03,-1.121874999999999609e-03
8.772000000000000717e-04,5.097656250000026645e-03,-1.149218749999999199e-03
8.774000000000001850e-04,5.097656249999804601e-03,-1.135937500000001529e-03
8.776000000000000814e-04,5.175781249999955591e-03,-1.128515625000001479e-03
8.778000000000001947e-04,4.863281250000128786e-03,-1.137695312500000902e-03
8.780000000000000911e-04,5.039062500000079936e-03,-1.139843749999999364e-03
8.781999999999999876e-04,5.156249999999862332e-03,-1.142382812500001253e-03
8.784000000000001009e-04,4.609374999999804601e-03,-1.222265624999999828e-03
8.785999999999999973e-04,5.039062499999968914e-03,-1.183203125000001528e-03
8.788000000000001106e-04,4.902343749999982236e-03,-1.281640625000001095e-03
8.790000000000000070e-04,5.371093750000111022e-03,-1.194726562499999825e-03
8.792000000000001203e-04,5.019531249999875655e-03,-1.157812500000000855e-03
8.794000000000000167e-04,5.117187500000008882e-03,-1.164453124999998389e-03
8.796000000000001300e-04,5.234374999999791278e-03,-1.144726562499999260e-03
8.798000000000000265e-04,4.746093750000013323e-03,-1.143945312500000214e-03
8.800000000000001397e-04,5.039062499999746869e-03,-1.172460937500000543e-03
8.802000000000000362e-04,4.648437499999991118e-03,-1.187695312499999732e-03
8.804000000000001495e-04,4.941406249999835687e-03,-1.212695312499999581e-03
8.806000000000000459e-04,5.136718749999991118e-03,-1.233789062500000727e-03
8.808000000000001592e-04,5.058593749999951150e-03,-1.242968750000002752e-03
8.810000000000000556e-04,4.707031249999826805e-03,-1.315234374999999130e-03
8.812000000000001689e-04,4.609374999999693578e-03,-1.230078125000000702e-03
8.814000000000000654e-04,4.999999999999671374e-03,-1.191601562499999302e-03
8.816000000000001786e-04,5.039062499999968914e-03,-1.181445312500002155e-03
8.818000000000000751e-04,5.351562500000128786e-03,-1.218554687500001538e-03
8.820000000000001884e-04,4.960937499999928946e-03,-1.172656250000000955e-03
8.822000000000000848e-04,4.746093749999902300e-03,-1.207421875000000595e-03
8.824000000000001981e-04,4.941406249999724665e-03,-1.202734374999999377e-03
8.826000000000000945e-04,5.175781249999733546e-03,-1.243164062500001429e-03
8.827999999999999910e-04,4.921874999999853451e-03,-1.291406250000000887e-03
8.830000000000001042e-04,4.902343749999871214e-03,-1.259179687499997931e-03
8.832000000000000007e-04,4.921874999999853451e-03,-1.242578124999999326e-03
8.834000000000001140e-04,4.726562499999809042e-03,-1.295312499999998722e-03
8.836000000000000104e-04,4.863281249999906741e-03,-1.249023437499998182e-03
8.838000000000001237e-04,5.058593749999729106e-03,-1.252539062500001264e-03
8.840000000000000201e-04,5.000000000000004441e-03,-1.252734375000000809e-03
8.842000000000001334e-04,4.921874999999964473e-03,-1.269726562500000239e-03
8.844000000000000299e-04,4.941406250000057732e-03,-1.240429687500000863e-03
8.846000000000001431e-04,5.332031249999924505e-03,-1.254296874999999770e-03
8.848000000000000396e-04,4.921874999999964473e-03,-1.208398437499998319e-03
8.850000000000001529e-04,5.156250000000084377e-03,-1.305859374999998428e-03
8.852000000000000493e-04,5.039062499999968914e-03,-1.260937499999999906e-03
8.854000000000001626e-04,5.058593749999840128e-03,-1.291406250000000019e-03
8.856000000000000590e-04,5.078125000000155431e-03,-1.332812499999998929e-03
8.858000000000001723e-04,4.980468750000022204e-03,-1.277343749999999833e-03
8.860000000000000688e-04,4.843749999999924505e-03,-1.350195312500000050e-03
8.862000000000001820e-04,5.039062499999968914e-03,-1.264648437499999931e-03
8.864000000000000785e-04,4.843749999999924505e-03,-1.300585937500002044e-03
8.866000000000001918e-04,4.648437499999880096e-03,-1.311328125000000427e-03
8.868000000000000882e-04,5.078124999999933387e-03,-1.306835937500000488e-03
8.870000000000002015e-04,4.941406249999724665e-03,-1.330273437499999642e-03
8.872000000000000979e-04,5.019531249999986677e-03,-1.307421875000000858e-03
8.873999999999999944e-04,4.765624999999662492e-03,-1.333593750000000577e-03
8.876000000000001076e-04,5.019531249999875655e-03,-1.329492187500000595e-03
8.878000000000000041e-04,5.214843749999920064e-03,-1.369726562500000501e-03
8.880000000000001174e-04,4.824218749999942268e-03,-1.384570312499999734e-03
8.882000000000000138e-04,5.000000000000004441e-03,-1.368164062500001540e-03
8.884000000000001271e-04,4.960937500000039968e-03,-1.319335937500000847e-03
8.886000000000000235e-04,4.765624999999773515e-03,-1.332812500000000663e-03
8.888000000000001368e-04,4.804687499999737987e-03,-1.308789062499999406e-03
8.890000000000000333e-04,4.726562500000031086e-03,-1.350585937500001742e-03
8.892000000000001465e-04,4.609374999999915623e-03,-1.318359375000001388e-03
8.894000000000000430e-04,5.214843749999698019e-03,-1.429101562499999166e-03
8.896000000000001563e-04,5.078125000000044409e-03,-1.437890624999999499e-03
8.898000000000000527e-04,4.960937499999928946e-03,-1.389062500000002275e-03
8.900000000000001660e-04,5.097656250000137668e-03,-1.378320312499999555e-03
8.902000000000000624e-04,5.214843749999920064e-03,-1.313476562499998890e-03
8.904000000000001757e-04,5.019531249999986677e-03,-1.390039062499999999e-03
8.906000000000000721e-04,4.882812499999888978e-03,-1.387890625000002404e-03
8.908000000000001854e-04,4.902343749999982236e-03,-1.401171874999999206e-03
8.910000000000000819e-04,4.980468749999911182e-03,-1.386718749999999931e-03
8.912000000000001951e-04,4.921874999999853451e-03,-1.360937499999999301e-03
8.914000000000000916e-04,4.609374999999804601e-03,-1.392187500000000196e-03
8.915999999999999880e-04,4.921874999999742428e-03,-1.338671874999999151e-03
8.918000000000001013e-04,4.824218750000053291e-03,-1.418750000000001607e-03
8.919999999999999978e-04,5.078124999999933387e-03,-1.445898437500000785e-03
8.922000000000001110e-04,5.000000000000004441e-03,-1.423242187500000679e-03
8.924000000000000075e-04,4.960937499999817923e-03,-1.383007812500000773e-03
8.926000000000001208e-04,4.765624999999884537e-03,-1.380859374999998841e-03
8.928000000000000172e-04,5.195312500000048850e-03,-1.400585937499997970e-03
8.930000000000001305e-04,5.039062499999746869e-03,-1.372656250000000612e-03
8.932000000000000269e-04,4.511718749999782396e-03,-1.402148437500001267e-03
8.934000000000001402e-04,4.921874999999853451e-03,-1.417187500000000912e-03
8.936000000000000366e-04,5.019531249999986677e-03,-1.437109374999998718e-03
8.938000000000001499e-04,4.882812499999888978e-03,-1.355273437499999491e-03
8.940000000000000464e-04,4.765625000000106581e-03,-1.423828125000001048e-03
8.942000000000001596e-04,5.136718749999880096e-03,-1.411328124999999822e-03
8.944000000000000561e-04,5.117187499999897859e-03,-1.431054687500000686e-03
8.946000000000001694e-04,5.214843750000031086e-03,-1.411523437499998500e-03
8.948000000000000658e-04,4.941406249999835687e-03,-1.372656249999998010e-03
8.950000000000001791e-04,5.156249999999862332e-03,-1.381445312500000078e-03
8.952000000000000755e-04,4.882812499999777955e-03,-1.335546875000000362e-03
8.954000000000001888e-04,4.921874999999853451e-03,-1.316210937500000323e-03
8.956000000000000853e-04,4.980468749999911182e-03,-1.376171875000000225e-03
8.958000000000001985e-04,4.550781250000190958e-03,-1.387695312499999389e-03
8.960000000000000950e-04,5.117187499999786837e-03,-1.420898437499999202e-03
8.961999999999999914e-04,4.882812500000000000e-03,-1.340039062499999434e-03
8.964000000000001047e-04,5.136718750000102141e-03,-1.289062500000000278e-03
8.966000000000000011e-04,4.921874999999964473e-03,-1.353906249999999208e-03
8.968000000000001144e-04,5.136718749999991118e-03,-1.351757812499999878e-03
8.970000000000000109e-04,4.707031249999937828e-03,-1.299218750000000026e-03
8.972000000000001241e-04,4.863281249999906741e-03,-1.351562500000000333e-03
8.974000000000000206e-04,4.765624999999884537e-03,-1.308398437500001184e-03
8.976000000000001339e-04,4.863281249999795719e-03,-1.366601562499999110e-03
8.978000000000000303e-04,4.746093749999902300e-03,-1.287499999999998715e-03
8.980000000000001436e-04,4.746093749999902300e-03,-1.324414062500000287e-03
8.982000000000000400e-04,4.804687499999849010e-03,-1.317968749999997961e-03
8.984000000000001533e-04,4.843750000000035527e-03,-1.310546875000000513e-03
8.986000000000000498e-04,4.882812499999777955e-03,-1.336914062499999778e-03
8.988000000000001630e-04,4.746093749999902300e-03,-1.284570312500000339e-03
8.990000000000000595e-04,4.804687500000071054e-03,-1.296484374999999460e-03
8.992000000000001728e-04,5.410156249999853451e-03,-1.258203125000000207e-03
8.994000000000000692e-04,4.882812500000000000e-03,-1.231640624999999663e-03
8.996000000000001825e-04,5.039062499999857891e-03,-1.230468750000000659e-03
8.998000000000000789e-04,5.097656249999915623e-03,-1.225195312499999072e-03
9.000000000000001922e-04,4.824218750000053291e-03,-1.223828125000001391e-03
9.002000000000000886e-04,4.882812499999888978e-03,-1.196875000000001757e-03
9.004000000000002019e-04,4.687499999999955591e-03,-1.229882812500000290e-03
9.006000000000000984e-04,4.804687499999849010e-03,-1.224804687499997380e-03
9.007999999999999948e-04,5.097656250000026645e-03,-1.238476562500001946e-03
9.010000000000001081e-04,5.019531249999875655e-03,-1.208593750000000466e-03
9.012000000000000045e-04,4.863281249999906741e-03,-1.231445312500000118e-03
9.014000000000001178e-04,5.058593749999951150e-03,-1.157226562499997884e-03
9.016000000000000143e-04,4.843749999999813483e-03,-1.155664062499998923e-03
9.018000000000001275e-04,4.863281249999906741e-03,-1.141210937500000515e-03
9.020000000000000240e-04,4.960937499999817923e-03,-1.078125000000000090e-03
9.022000000000001373e-04,4.960937499999928946e-03,-1.137304687499999210e-03
9.024000000000000337e-04,4.843750000000035527e-03,-1.172656250000001822e-03
9.026000000000001470e-04,4.765624999999773515e-03,-1.183203125000000661e-03
9.028000000000000434e-04,4.980468750000022204e-03,-1.152539062500001002e-03
9.030000000000001567e-04,5.039062499999968914e-03,-1.140234375000000189e-03
9.032000000000000531e-04,5.019531250000097700e-03,-1.084570312500001549e-03
9.034000000000001664e-04,5.156250000000084377e-03,-1.146874999999999457e-03
9.036000000000000629e-04,4.921874999999964473e-03,-1.071093749999999997e-03
9.038000000000001762e-04,5.214843749999920064e-03,-1.051562499999999546e-03
9.040000000000000726e-04,4.980468749999689138e-03,-1.070117187500001406e-03
9.042000000000001859e-04,4.882812499999888978e-03,-1.028906249999999439e-03
9.044000000000000823e-04,5.273437500000088818e-03,-1.059179687499999141e-03
9.046000000000001956e-04,4.531249999999764633e-03,-1.063867187500002094e-03
9.048000000000000920e-04,4.824218749999942268e-03,-1.093945312499997914e-03
9.049999999999999885e-04,5.058593749999951150e-03,-1.057226562499998489e-03
9.052000000000001018e-04,4.863281249999906741e-03,-1.003710937500000913e-03
9.053999999999999982e-04,5.117187500000008882e-03,-1.006835937499999702e-03
9.056000000000001115e-04,4.882812500000000000e-03,-9.249999999999987399e-04
9.058000000000000079e-04,5.117187499999897859e-03,-9.771484375000003691e-04
9.060000000000001212e-04,4.726562499999920064e-03,-9.408203125000000333e-04
9.062000000000000176e-04,4.960937499999928946e-03,-9.720703125000009284e-04
9.064000000000001309e-04,5.039062500000079936e-03,-9.257812500000003886e-04
9.066000000000000274e-04,4.785156249999977796e-03,-9.798828125000000680e-04
9.068000000000001407e-04,4.960937500000039968e-03,-9.832031250000001360e-04
9.070000000000000371e-04,5.058593750000062172e-03,-9.505859374999998251e-04
9.072000000000001504e-04,4.941406249999835687e-03,-9.505859375000015599e-04
9.074000000000000468e-04,4.941406250000057732e-03,-9.535156250000008035e-04
9.076000000000001601e-04,5.273437499999977796e-03,-9.199218750000010339e-04
9.078000000000000565e-04,5.332031250000146549e-03,-8.792968749999994366e-04
9.080000000000001698e-04,5.078125000000044409e-03,-8.808593750000001318e-04
9.082000000000000663e-04,4.726562499999920064e-03,-8.431640625000003803e-04
9.084000000000001795e-04,4.707031249999826805e-03,-8.796874999999993935e-04
9.086000000000000760e-04,4.999999999999893419e-03,-7.800781250000016903e-04
9.088000000000001893e-04,4.824218749999942268e-03,-8.302734375000009326e-04
9.090000000000000857e-04,4.804687500000182077e-03,-8.019531250000010159e-04
9.092000000000001990e-04,4.785156249999977796e-03,-8.742187499999999958e-04
9.094000000000000954e-04,4.746093749999902300e-03,-8.654296875000005301e-04
9.095999999999999919e-04,4.980468750000022204e-03,-8.658203124999996197e-04
9.098000000000001052e-04,5.039062500000079936e-03,-7.824218749999996975e-04
9.100000000000000016e-04,4.707031249999826805e-03,-7.744140625000010131e-04
9.102000000000001149e-04,4.707031249999826805e-03,-7.613281250000002859e-04
9.104000000000000113e-04,4.882812500000000000e-03,-7.595703124999991784e-04
9.106000000000001246e-04,4.746093749999902300e-03,-6.687500000000000736e-04
9.108000000000000210e-04,5.000000000000004441e-03,-8.076171875000008257e-04
9.110000000000001343e-04,5.136718749999769074e-03,-7.130859374999999611e-04
9.112000000000000308e-04,4.941406249999835687e-03,-7.212890624999999251e-04
9.114000000000001440e-04,4.902343749999982236e-03,-7.431640624999992506e-04
9.116000000000000405e-04,4.941406249999835687e-03,-7.150390625000014808e-04
9.118000000000001538e-04,4.863281250000017764e-03,-7.392578124999988134e-04
9.120000000000000502e-04,4.921874999999742428e-03,-7.228515625000006203e-04
9.122000000000001635e-04,5.156250000000084377e-03,-7.074218749999992839e-04
9.124000000000000599e-04,5.019531249999986677e-03,-6.931640625000004205e-04
9.126000000000001732e-04,5.097656249999915623e-03,-6.605468750000009770e-04
9.128000000000000697e-04,4.863281250000017764e-03,-6.095703124999992187e-04
9.130000000000001829e-04,5.234375000000013323e-03,-6.300781249999999958e-04
9.132000000000000794e-04,4.941406249999946709e-03,-6.009765624999984304e-04
9.134000000000001927e-04,5.078124999999933387e-03,-6.115234375000007383e-04
9.136000000000000891e-04,5.156249999999973355e-03,-6.111328125000007813e-04
9.138000000000002024e-04,4.824218749999720224e-03,-6.257812499999996017e-04
9.140000000000000988e-04,4.648437499999769074e-03,-6.222656249999991215e-04
9.141999999999999953e-04,5.039062499999746869e-03,-5.753906249999999473e-04
9.144000000000001085e-04,4.531249999999875655e-03,-6.162109374999993547e-04
9.146000000000000050e-04,4.960937499999928946e-03,-5.908203125000004163e-04
9.148000000000001183e-04,4.902343749999982236e-03,-5.552734374999999944e-04
9.150000000000000147e-04,4.921874999999853451e-03,-4.929687500000012185e-04
9.152000000000001280e-04,4.863281249999906741e-03,-5.099609374999997807e-04
9.154000000000000244e-04,4.707031249999715783e-03,-4.785156250000019429e-04
9.156000000000001377e-04,4.687500000000066613e-03,-5.103515624999980030e-04
9.158000000000000342e-04,4.785156249999866773e-03,-5.248046874999998807e-04
9.160000000000001474e-04,4.980468750000022204e-03,-5.480468750000003567e-04
9.162000000000000439e-04,4.941406249999835687e-03,-5.109375000000009742e-04
9.164000000000001572e-04,5.078125000000155431e-03,-5.007812500000012254e-04
9.166000000000000536e-04,5.175781249999955591e-03,-4.431640624999984637e-04
9.168000000000001669e-04,4.921875000000075495e-03,-4.308593749999993852e-04
9.170000000000000633e-04,5.058593749999951150e-03,-3.533203125000014197e-04
9.172000000000001766e-04,4.999999999999782396e-03,-4.416015625000003705e-04
9.174000000000000730e-04,4.746093749999902300e-03,-4.265624999999998584e-04
9.176000000000001863e-04,5.058593750000173195e-03,-4.408203124999978545e-04
9.178000000000000828e-04,4.824218749999942268e-03,-3.935546875000021927e-04
9.180000000000001961e-04,5.058593750000062172e-03,-4.398437499999992631e-04
9.182000000000000925e-04,4.882812499999888978e-03,-4.226562499999985539e-04
9.183999999999999889e-04,5.000000000000115463e-03,-4.298828124999990591e-04
9.186000000000001022e-04,4.785156250000199840e-03,-3.849609375000005371e-04
9.187999999999999987e-04,5.292968749999737987e-03,-3.357421874999990188e-04
9.190000000000001119e-04,5.078124999999933387e-03,-3.292968750000001624e-04
9.192000000000000084e-04,4.921874999999853451e-03,-3.154296875000003886e-04
9.194000000000001217e-04,4.882812499999888978e-03,-3.291015624999997502e-04
9.196000000000000181e-04,5.117187500000008882e-03,-3.205078125000006967e-04
9.198000000000001314e-04,5.039062499999857891e-03,-3.238281249999990299e-04
9.200000000000000278e-04,5.351562499999795719e-03,-2.624999999999988454e-04
9.202000000000001411e-04,4.980468749999689138e-03,-3.154296875000012559e-04
9.204000000000000375e-04,4.941406250000168754e-03,-3.236328124999986178e-04
9.206000000000001508e-04,4.765624999999884537e-03,-2.804687500000003358e-04
9.208000000000000473e-04,4.746093750000013323e-03,-2.748046874999996586e-04
9.210000000000001606e-04,5.332031250000035527e-03,-2.324218750000004233e-04
9.212000000000000570e-04,5.351562500000128786e-03,-2.511718749999992256e-04
9.214000000000001703e-04,5.136718749999991118e-03,-2.392578125000001041e-04
9.216000000000000667e-04,5.058593749999951150e-03,-1.751953125000010880e-04
9.218000000000001800e-04,4.863281249999906741e-03,-2.138671874999994310e-04
9.220000000000000764e-04,4.863281249999906741e-03,-2.126953125000012948e-04
9.222000000000001897e-04,4.999999999999782396e-03,-1.925781249999987399e-04
9.224000000000000862e-04,4.960937499999928946e-03,-1.927734375000000194e-04
9.226000000000001994e-04,5.234374999999902300e-03,-1.966796875000013239e-04
9.228000000000000959e-04,5.273437500000088818e-03,-1.603515624999983860e-04
9.229999999999999923e-04,4.902343749999760192e-03,-1.544921874999990313e-04
9.232000000000001056e-04,5.000000000000004441e-03,-1.205078124999993047e-04
9.234000000000000020e-04,5.234374999999902300e-03,-1.394531250000019887e-04
9.236000000000001153e-04,5.175781249999955591e-03,-1.029296874999995060e-04
9.238000000000000118e-04,5.039062499999968914e-03,-1.148437499999994948e-04
9.240000000000001251e-04,4.824218749999942268e-03,-7.597656250000160705e-05
9.242000000000000215e-04,5.039062500000079936e-03,-8.378906250000074662e-05
9.244000000000001348e-04,4.941406250000057732e-03,-8.300781250000083267e-05
9.246000000000000312e-04,4.746093749999902300e-03,-7.109375000000171113e-05
9.248000000000001445e-04,5.097656250000137668e-03,-3.730468750000066197e-05
9.250000000000000409e-04,5.156249999999973355e-03,-7.812500000000006939e-06
9.252000000000001542e-04,5.058593749999840128e-03,-3.828124999999751865e-05
9.254000000000000507e-04,5.214843750000142109e-03,-8.984374999999877875e-06
9.256000000000001639e-04,4.902343749999982236e-03,1.269531250000077022e-05
9.258000000000000604e-04,5.195312499999937828e-03,3.144531250000043993e-05
9.260000000000001737e-04,4.746093749999902300e-03,1.406249999999931860e-05
9.262000000000000701e-04,5.195312499999937828e-03,2.187500000000019290e-05
9.264000000000001834e-04,4.999999999999782396e-03,1.226562499999995018e-04
9.266000000000000798e-04,4.843750000000035527e-03,5.175781249999993755e-05
9.268000000000001931e-04,4.804687499999849010e-03,1.874999999999880235e-05
9.270000000000000896e-04,4.882812500000000000e-03,1.169921875000005593e-04
9.272000000000002028e-04,4.843749999999813483e-03,6.562499999999797662e-05
9.274000000000000993e-04,4.941406249999946709e-03,9.453125000000086459e-05
9.275999999999999957e-04,4.882812500000000000e-03,1.402343749999993006e-04
9.278000000000001090e-04,5.253906249999995559e-03,1.693359374999999986e-04
9.280000000000000054e-04,5.019531250000097700e-03,1.537109374999991174e-04
9.282000000000001187e-04,5.136718749999991118e-03,1.394531250000002540e-04
9.284000000000000152e-04,4.589843749999822364e-03,2.027343749999993561e-04
9.286000000000001284e-04,4.726562499999920064e-03,2.150390624999993019e-04
9.288000000000000249e-04,5.039062499999968914e-03,1.902343749999998654e-04
9.290000000000001382e-04,5.351562500000128786e-03,1.626953124999989952e-04
9.292000000000000346e-04,4.804687499999960032e-03,1.677734374999975686e-04
9.294000000000001479e-04,4.687499999999955591e-03,2.130859374999995171e-04
9.296000000000000443e-04,5.117187500000119904e-03,2.494140625000007203e-04
9.298000000000001576e-04,5.234374999999791278e-03,2.667968750000009742e-04
9.300000000000000541e-04,5.058593749999951150e-03,3.107421875000000375e-04
9.302000000000001673e-04,5.058593749999951150e-03,3.265625000000004635e-04
9.304000000000000638e-04,4.707031249999826805e-03,3.039062500000012240e-04
9.306000000000001771e-04,4.863281250000017764e-03,3.005859374999985539e-04
9.308000000000000735e-04,4.804687499999960032e-03,3.275390624999999223e-04
9.310000000000001868e-04,5.117187499999897859e-03,3.396484374999994560e-04
9.312000000000000832e-04,5.195312499999937828e-03,3.458984375000005024e-04
9.314000000000001965e-04,4.667968749999973355e-03,3.291015624999997502e-04
9.316000000000000929e-04,5.136718750000213163e-03,3.443359374999989397e-04
9.317999999999999894e-04,4.921874999999964473e-03,3.718749999999998099e-04
9.320000000000001027e-04,4.863281250000017764e-03,3.671874999999994588e-04
9.321999999999999991e-04,4.882812500000111022e-03,3.953124999999989633e-04
9.324000000000001124e-04,4.921875000000075495e-03,4.779296875000007064e-04
9.326000000000000088e-04,5.234374999999791278e-03,4.300781249999994713e-04
9.328000000000001221e-04,4.843749999999924505e-03,4.279296874999992742e-04
9.330000000000000186e-04,4.707031249999826805e-03,4.218750000000003747e-04
9.332000000000001318e-04,5.019531249999875655e-03,4.187500000000007189e-04
9.334000000000000283e-04,4.921874999999853451e-03,3.892578125000009312e-04
9.336000000000001416e-04,4.746093749999791278e-03,4.300781250000003386e-04
9.338000000000000380e-04,5.097656249999915623e-03,4.617187499999985886e-04
9.340000000000001513e-04,4.648437499999769074e-03,5.083984374999990855e-04
9.342000000000000477e-04,5.058593750000062172e-03,5.251953125000007050e-04
9.344000000000001610e-04,5.136718749999991118e-03,4.845703125000008424e-04
9.346000000000000574e-04,5.117187499999897859e-03,5.205078125000003539e-04
9.348000000000001707e-04,4.882812500000000000e-03,5.146484374999992645e-04
9.350000000000000672e-04,4.980468749999911182e-03,5.052734375000002970e-04
9.352000000000001805e-04,4.941406249999946709e-03,4.335937499999990841e-04
9.354000000000000769e-04,4.941406250000057732e-03,4.740234375000002692e-04
9.356000000000001902e-04,4.863281249999795719e-03,5.177734375000015224e-04
9.358000000000000866e-04,4.687500000000066613e-03,5.056640625000011213e-04
9.360000000000001999e-04,5.058593749999840128e-03,5.003906249999995337e-04
9.362000000000000963e-04,4.765624999999884537e-03,5.490234375000006828e-04
9.363999999999999928e-04,4.863281249999906741e-03,5.796875000000012088e-04
9.366000000000001061e-04,5.019531250000097700e-03,5.849609375000010617e-04
9.368000000000000025e-04,5.117187499999897859e-03,5.736328125000014419e-04
9.370000000000001158e-04,4.765624999999995559e-03,5.689453125000010908e-04
9.372000000000000122e-04,4.960937500000039968e-03,5.195312499999982930e-04
9.374000000000001255e-04,4.902343749999982236e-03,5.363281249999999126e-04
9.376000000000000219e-04,4.843749999999702460e-03,5.259765624999988842e-04
9.378000000000001352e-04,4.726562499999920064e-03,5.353515624999987191e-04
9.380000000000000317e-04,4.804687499999960032e-03,6.205078124999997488e-04
9.382000000000001450e-04,4.863281249999906741e-03,5.082031250000004080e-04
9.384000000000000414e-04,4.843749999999924505e-03,5.314453125000017514e-04
9.386000000000001547e-04,4.921874999999964473e-03,5.919921875000002873e-04
9.388000000000000511e-04,4.843749999999813483e-03,5.662109375000005246e-04
9.390000000000001644e-04,4.882812500000111022e-03,6.337890624999991535e-04
9.392000000000000608e-04,4.863281249999906741e-03,6.035156250000003192e-04
9.394000000000001741e-04,5.000000000000115463e-03,5.679687500000007647e-04
9.396000000000000706e-04,4.687499999999955591e-03,6.312500000000007341e-04
9.398000000000001838e-04,4.785156250000088818e-03,5.853515625000010186e-04
9.400000000000000803e-04,5.019531249999875655e-03,5.416015624999997655e-04
9.402000000000001936e-04,4.609375000000026645e-03,5.900390624999996350e-04
9.404000000000000900e-04,4.863281249999906741e-03,5.564453125000016001e-04
9.406000000000002033e-04,5.175781249999955591e-03,6.132812500000001110e-04
9.408000000000000997e-04,4.960937499999817923e-03,5.691406250000006356e-04
9.409999999999999962e-04,5.117187500000008882e-03,5.955078124999990327e-04
9.412000000000001095e-04,5.097656250000026645e-03,6.316406250000006911e-04
9.414000000000000059e-04,4.882812499999777955e-03,6.169921874999992686e-04
9.416000000000001192e-04,5.136718749999769074e-03,6.429687500000011782e-04
9.418000000000000156e-04,4.726562500000031086e-03,5.953125000000003553e-04
9.420000000000001289e-04,4.609374999999693578e-03,6.226562500000008132e-04
9.422000000000000253e-04,5.039062499999968914e-03,6.230468750000007702e-04
9.424000000000001386e-04,5.097656249999915623e-03,5.982421875000004663e-04
9.426000000000000351e-04,5.195312499999826805e-03,5.906250000000017389e-04
9.428000000000001483e-04,5.000000000000004441e-03,6.056640624999996489e-04
9.430000000000000448e-04,5.273437499999866773e-03,6.085937499999997599e-04
9.432000000000001581e-04,4.980468749999689138e-03,6.460937499999982320e-04
9.434000000000000545e-04,4.746093750000013323e-03,6.599609374999997405e-04
9.436000000000001678e-04,4.707031249999826805e-03,6.269531250000003400e-04
9.438000000000000642e-04,4.765624999999884537e-03,6.205078125000006162e-04
9.440000000000001775e-04,4.785156249999977796e-03,7.169921874999995309e-04
9.442000000000000740e-04,5.058593749999840128e-03,5.851562499999997391e-04
9.444000000000001872e-04,4.960937500000039968e-03,6.501953125000008160e-04
9.446000000000000837e-04,4.882812499999888978e-03,6.417968749999995726e-04
9.448000000000001970e-04,4.960937500000039968e-03,6.521484374999997335e-04
9.450000000000000934e-04,5.175781249999844569e-03,6.890625000000004385e-04
9.452000000000002067e-04,4.980468749999800160e-03,6.615234375000013031e-04
9.454000000000001031e-04,5.136718750000102141e-03,6.859374999999990480e-04
9.455999999999999996e-04,4.941406250000279776e-03,7.111328125000010436e-04
9.458000000000001128e-04,5.117187499999897859e-03,7.492187500000007522e-04
9.460000000000000093e-04,5.156250000000084377e-03,7.199218749999996420e-04
9.462000000000001226e-04,4.999999999999893419e-03,6.900390624999990299e-04
9.464000000000000190e-04,5.078125000000044409e-03,6.994140625000023342e-04
9.466000000000001323e-04,4.785156249999977796e-03,6.906250000000011338e-04
9.468000000000000287e-04,5.410156249999964473e-03,7.154296875000014377e-04
9.470000000000001420e-04,5.156249999999862332e-03,7.070312500000010617e-04
9.472000000000000385e-04,5.175781249999955591e-03,7.662109375000001818e-04
9.474000000000001517e-04,5.097656249999915623e-03,7.941406250000001416e-04
9.476000000000000482e-04,4.902343749999982236e-03,7.054687499999986317e-04
9.478000000000001615e-04,5.019531249999986677e-03,7.259765625000002762e-04
9.480000000000000579e-04,4.765624999999995559e-03,7.576171874999993935e-04
9.482000000000001712e-04,5.234375000000013323e-03,8.015625000000019262e-04
9.484000000000000676e-04,5.117187499999897859e-03,7.791015624999987621e-04
9.486000000000001809e-04,5.390624999999871214e-03,7.439453125000008993e-04
9.488000000000000773e-04,4.687499999999955591e-03,7.533203125000007341e-04
9.490000000000001906e-04,4.902343749999982236e-03,7.552734375000005190e-04
9.492000000000000871e-04,5.078125000000044409e-03,7.396484375000005052e-04
9.494000000000002003e-04,4.785156249999977796e-03,7.892578125000011130e-04
9.496000000000000968e-04,5.117187500000119904e-03,8.654296874999987954e-04
9.497999999999999932e-04,5.195312499999937828e-03,8.095703124999997433e-04
9.500000000000001065e-04,5.019531249999986677e-03,7.984375000000005357e-04
9.502000000000000030e-04,4.726562499999809042e-03,8.210937500000023773e-04
9.504000000000001162e-04,4.824218750000053291e-03,7.517578125000009062e-04
9.506000000000000127e-04,4.765624999999995559e-03,7.919921875000016792e-04
9.508000000000001260e-04,4.746093750000013323e-03,8.265625000000009076e-04
9.510000000000000224e-04,4.921874999999964473e-03,8.671874999999999029e-04
9.512000000000001357e-04,4.765624999999773515e-03,8.324218749999985276e-04
9.514000000000000321e-04,4.980468749999911182e-03,8.470703125000008174e-04
9.516000000000001454e-04,4.785156249999977796e-03,8.312500000000012587e-04
9.518000000000000418e-04,4.843749999999924505e-03,8.337890625000022801e-04
9.520000000000001551e-04,5.019531249999875655e-03,8.291015624999993269e-04
9.522000000000000516e-04,5.058593749999840128e-03,8.369140624999984665e-04
9.524000000000001648e-04,4.843749999999702460e-03,8.406250000000019609e-04
9.526000000000000613e-04,4.941406249999946709e-03,8.499999999999991937e-04
9.528000000000001746e-04,5.039062499999968914e-03,8.308593749999995670e-04
9.530000000000000710e-04,4.687499999999955591e-03,7.941406250000010089e-04
9.532000000000001843e-04,4.746093749999791278e-03,8.203125000000007286e-04
9.534000000000000807e-04,4.765624999999995559e-03,8.378906250000022621e-04
9.536000000000001940e-04,4.824218749999942268e-03,8.751953124999994546e-04
9.538000000000000905e-04,4.589843750000044409e-03,8.677734375000002720e-04
9.540000000000002037e-04,4.980468750000022204e-03,8.337890624999979433e-04
9.542000000000001002e-04,4.843749999999813483e-03,8.414062500000001402e-04
9.543999999999999966e-04,5.156249999999973355e-03,8.330078125000006314e-04
9.546000000000001099e-04,4.980468749999911182e-03,8.558593749999994157e-04
9.548000000000000063e-04,5.058593749999951150e-03,8.251953125000006245e-04
9.550000000000001196e-04,4.570312499999840128e-03,8.498046874999996489e-04
9.552000000000000161e-04,5.136718749999991118e-03,8.019531250000001485e-04
9.554000000000001293e-04,4.746093750000013323e-03,7.439453125000000319e-04
9.556000000000000258e-04,4.882812499999888978e-03,8.009765625000006897e-04
9.558000000000001391e-04,4.746093749999902300e-03,8.394531249999994879e-04
9.560000000000000355e-04,4.882812499999888978e-03,8.390625000000021330e-04
9.562000000000001488e-04,4.609374999999915623e-03,8.322265624999981154e-04
9.564000000000000452e-04,5.000000000000004441e-03,9.064453125000003497e-04
9.566000000000001585e-04,4.960937499999928946e-03,8.267578124999987177e-04
9.568000000000000550e-04,4.980468750000022204e-03,8.027343750000000625e-04
9.570000000000001682e-04,5.234374999999902300e-03,7.787109375000005398e-04
9.572000000000000647e-04,4.902343749999871214e-03,7.335937499999990036e-04
9.574000000000001780e-04,4.941406249999946709e-03,7.826171874999992423e-04
9.576000000000000744e-04,4.804687499999960032e-03,7.611328124999990064e-04
9.578000000000001877e-04,5.117187499999897859e-03,7.648437499999998987e-04
9.580000000000000841e-04,5.117187499999897859e-03,7.779296874999997585e-04
9.582000000000001974e-04,4.570312500000173195e-03,7.898437499999980127e-04
9.584000000000000938e-04,4.941406249999946709e-03,7.757812499999978267e-04
9.586000000000002071e-04,5.078125000000044409e-03,8.125000000000015890e-04
9.588000000000001036e-04,4.707031249999937828e-03,8.078125000000003705e-04
9.590000000000000000e-04,4.804687499999737987e-03,8.003906249999994532e-04
9.592000000000001133e-04,5.078124999999822364e-03,7.654296875000002678e-04
9.594000000000000097e-04,5.312499999999942268e-03,7.160156249999992048e-04
9.596000000000001230e-04,5.117187499999897859e-03,7.283203124999991507e-04
9.598000000000000195e-04,5.000000000000004441e-03,7.117187500000005454e-04
9.600000000000001327e-04,5.292968749999960032e-03,7.746093750000014252e-04
9.602000000000000292e-04,5.019531250000097700e-03,7.535156249999994116e-04
9.604000000000001425e-04,5.058593749999840128e-03,7.904296875000001166e-04
9.606000000000000389e-04,5.234375000000013323e-03,7.550781250000027089e-04
9.608000000000001522e-04,5.058593750000062172e-03,7.470703125000005551e-04
9.610000000000000486e-04,5.019531249999875655e-03,7.285156250000004302e-04
9.612000000000001619e-04,4.667968749999973355e-03,7.015624999999990619e-04
9.614000000000000584e-04,4.960937499999928946e-03,7.392578124999996808e-04
9.616000000000001716e-04,4.667968749999973355e-03,7.011718749999999722e-04
9.618000000000000681e-04,5.097656249999804601e-03,7.374999999999985734e-04
9.620000000000001814e-04,4.882812500000000000e-03,6.609374999999983319e-04
9.622000000000000778e-04,5.351562500000017764e-03,6.892578125000008507e-04
9.624000000000001911e-04,5.136718749999769074e-03,7.257812499999998640e-04
9.626000000000000875e-04,5.156249999999973355e-03,7.673828125000009201e-04
9.628000000000002008e-04,5.039062499999968914e-03,7.443359374999999889e-04
9.630000000000000972e-04,4.941406249999835687e-03,7.775390625000006689e-04
9.631999999999999937e-04,4.902343749999982236e-03,7.298828125000015807e-04
9.634000000000001070e-04,4.882812500000000000e-03,6.697265624999977976e-04
9.636000000000000034e-04,4.804687499999960032e-03,6.476562499999997946e-04
9.638000000000001167e-04,5.332031250000035527e-03,6.523437500000001457e-04
9.640000000000000131e-04,4.804687499999737987e-03,6.587890624999998695e-04
9.642000000000001264e-04,5.292968749999960032e-03,6.798828125000001485e-04
9.644000000000000229e-04,4.746093749999791278e-03,7.650390625000003109e-04
9.646000000000001361e-04,5.097656249999804601e-03,6.427734374999998987e-04
9.648000000000000326e-04,5.078125000000044409e-03,6.742187500000012060e-04
9.650000000000001459e-04,5.039062499999968914e-03,6.498046874999982569e-04
9.652000000000000423e-04,5.039062499999857891e-03,6.738281250000003816e-04
9.654000000000001556e-04,4.824218749999831246e-03,7.328124999999982223e-04
9.656000000000000520e-04,5.117187499999786837e-03,6.570312500000004968e-04
9.658000000000001653e-04,5.136718750000102141e-03,6.824218750000003025e-04
9.660000000000000617e-04,4.941406249999835687e-03,6.363281249999993075e-04
9.662000000000001750e-04,5.273437499999866773e-03,6.132812500000001110e-04
9.664000000000000715e-04,5.000000000000115463e-03,6.357421875000024078e-04
9.666000000000001847e-04,5.019531249999986677e-03,6.595703125000006509e-04
9.668000000000000812e-04,4.999999999999782396e-03,6.517578124999989092e-04
9.670000000000001945e-04,5.156249999999973355e-03,6.072265625000012115e-04
9.672000000000000909e-04,5.312499999999942268e-03,6.515625000000002318e-04
9.674000000000002042e-04,5.468750000000022204e-03,6.509765624999989952e-04
9.676000000000001006e-04,5.117187499999897859e-03,6.496093750000013142e-04
9.677999999999999971e-04,5.175781249999844569e-03,6.093749999999988065e-04
9.680000000000001104e-04,5.371093750000111022e-03,6.876953125000018902e-04
9.682000000000000068e-04,4.785156249999977796e-03,6.794921875000001915e-04
9.684000000000001201e-04,5.410156249999853451e-03,5.927734374999993339e-04
9.686000000000000165e-04,5.214843749999920064e-03,5.673828125000003955e-04
9.688000000000001298e-04,4.843749999999924505e-03,5.486328124999989911e-04
9.690000000000000262e-04,4.863281249999795719e-03,6.240234375000019637e-04
9.692000000000001395e-04,4.843749999999924505e-03,5.679687500000007647e-04
9.694000000000000360e-04,4.921874999999964473e-03,6.041015625000006883e-04
9.696000000000001492e-04,5.585937499999915623e-03,6.517578125000006439e-04
9.698000000000000457e-04,5.078125000000044409e-03,6.248046875000018777e-04
9.700000000000001590e-04,4.863281250000128786e-03,5.943359375000000291e-04
9.702000000000000554e-04,5.058593749999840128e-03,5.878906250000003053e-04
9.704000000000001687e-04,5.019531249999986677e-03,5.988281249999991007e-04
9.706000000000000651e-04,4.902343750000093259e-03,5.910156250000008285e-04
9.708000000000001784e-04,4.804687499999849010e-03,6.017578125000000791e-04
9.710000000000000749e-04,4.804687499999849010e-03,5.521484374999994713e-04
9.712000000000001881e-04,4.824218750000053291e-03,5.544921875000009479e-04
9.714000000000000846e-04,5.039062499999746869e-03,5.974609374999996850e-04
9.716000000000001979e-04,5.253906249999995559e-03,5.785156249999987357e-04
9.718000000000000943e-04,5.117187500000008882e-03,5.240234375000008341e-04
9.720000000000002076e-04,4.921874999999853451e-03,5.376953124999993283e-04
9.722000000000001040e-04,4.589843749999933387e-03,5.607421875000002595e-04
9.724000000000000005e-04,4.902343749999871214e-03,5.166015625000007841e-04
9.726000000000001137e-04,5.136718749999880096e-03,5.093749999999994116e-04
9.728000000000000102e-04,4.824218750000053291e-03,5.091796875000016015e-04
9.730000000000001235e-04,4.941406249999835687e-03,4.935546874999981182e-04
9.732000000000000199e-04,5.136718750000102141e-03,4.839843750000022080e-04
9.734000000000001332e-04,4.882812499999888978e-03,5.347656249999992173e-04
9.736000000000000296e-04,5.058593750000062172e-03,6.294921874999996267e-04
9.738000000000001429e-04,4.785156250000088818e-03,4.410156249999982667e-04
9.740000000000000394e-04,4.999999999999782396e-03,4.773437499999994699e-04
9.742000000000001526e-04,4.882812499999777955e-03,4.576171874999994740e-04
9.744000000000000491e-04,5.156249999999973355e-03,4.525390625000000333e-04
9.746000000000001624e-04,4.726562499999809042e-03,4.427734374999993741e-04
9.748000000000000588e-04,4.921874999999964473e-03,4.734375000000007674e-04
9.750000000000001721e-04,5.039062500000079936e-03,4.544921875000006856e-04
9.752000000000000685e-04,4.999999999999893419e-03,4.169921875000004788e-04
9.754000000000001818e-04,4.980468750000022204e-03,4.197265625000001776e-04
9.756000000000000782e-04,4.863281249999906741e-03,4.203124999999988121e-04
9.758000000000001915e-04,5.117187500000008882e-03,4.576171875000012088e-04
9.760000000000000880e-04,5.156249999999973355e-03,4.414062499999982236e-04
9.762000000000002013e-04,5.019531249999875655e-03,4.498046874999994671e-04
9.764000000000000977e-04,5.039062500000079936e-03,3.958984375000001998e-04
9.765999999999999941e-04,4.863281249999906741e-03,3.593749999999985845e-04
9.768000000000001074e-04,4.863281249999795719e-03,3.078125000000016612e-04
9.770000000000000039e-04,5.195312499999937828e-03,3.339843750000005135e-04
9.772000000000001171e-04,4.746093749999902300e-03,3.312499999999999473e-04
9.774000000000000136e-04,4.492187499999911182e-03,3.804687499999997308e-04
9.776000000000001269e-04,5.292968749999960032e-03,3.843750000000001679e-04
9.778000000000000233e-04,5.097656250000137668e-03,3.507812499999986636e-04
9.780000000000001366e-04,4.941406250000057732e-03,3.390624999999982195e-04
9.782000000000000330e-04,4.980468749999800160e-03,3.273437499999995101e-04
9.784000000000001463e-04,4.960937499999928946e-03,3.210937500000010658e-04
9.786000000000000427e-04,5.097656249999915623e-03,3.218750000000001124e-04
9.788000000000001560e-04,5.019531249999875655e-03,2.908203124999978947e-04
9.790000000000000525e-04,5.136718749999769074e-03,2.855468750000006439e-04
9.792000000000001658e-04,4.824218749999831246e-03,2.320312499999995989e-04
9.794000000000000622e-04,5.019531249999875655e-03,2.662109374999988703e-04
9.796000000000001755e-04,4.882812499999777955e-03,2.492187499999994407e-04
9.798000000000000719e-04,4.902343750000204281e-03,3.654296875000000860e-04
9.800000000000001852e-04,5.039062500000079936e-03,3.050781250000002276e-04
9.802000000000000816e-04,4.863281249999906741e-03,2.634765624999991715e-04
9.804000000000001949e-04,4.921874999999964473e-03,2.511718750000000930e-04
9.806000000000000914e-04,4.960937499999817923e-03,2.529296874999994657e-04
9.808000000000002046e-04,4.902343750000093259e-03,2.062499999999998362e-04
9.810000000000001011e-04,4.882812499999777955e-03,2.128906249999991049e-04
9.811999999999999975e-04,5.078124999999822364e-03,2.246093750000004163e-04
9.814000000000001108e-04,5.234375000000013323e-03,2.171875000000003664e-04
9.816000000000000072e-04,5.078125000000044409e-03,1.892578124999986719e-04
9.818000000000001205e-04,5.449218749999817923e-03,1.519531250000006120e-04
9.820000000000000170e-04,5.039062500000079936e-03,1.925781250000004746e-04
9.822000000000001303e-04,4.980468749999911182e-03,2.052734374999995101e-04
9.824000000000000267e-04,5.078125000000044409e-03,2.744140625000014364e-04
9.826000000000001400e-04,5.058593749999840128e-03,1.664062499999990202e-04
9.828000000000000364e-04,5.312499999999720224e-03,1.822265625000003136e-04
9.830000000000001497e-04,4.921874999999853451e-03,1.505859375000011963e-04
9.832000000000000461e-04,4.960937499999928946e-03,1.552734374999998126e-04
9.834000000000001594e-04,5.136718749999991118e-03,9.218750000000025535e-05
9.836000000000000559e-04,4.843749999999813483e-03,1.066406250000003983e-04
9.838000000000001691e-04,5.058593749999951150e-03,1.402343750000001679e-04
9.840000000000000656e-04,5.058593749999729106e-03,1.214843749999996309e-04
9.842000000000001789e-04,4.863281249999795719e-03,1.271484375000003081e-04
9.844000000000000753e-04,5.156249999999751310e-03,1.566406249999992284e-04
9.846000000000001886e-04,5.214843750000031086e-03,1.273437499999989855e-04
9.848000000000000850e-04,5.117187499999897859e-03,1.351562499999981251e-04
9.850000000000001983e-04,5.078124999999822364e-03,1.699218750000012351e-04
9.852000000000000948e-04,5.195312499999937828e-03,1.083984374999980363e-04
9.854000000000002080e-04,5.136718749999880096e-03,1.800781250000018513e-04
9.856000000000001045e-04,5.039062499999968914e-03,6.386718750000033862e-05
9.858000000000000009e-04,5.019531249999875655e-03,4.316406249999828193e-05
9.860000000000001142e-04,4.824218749999831246e-03,6.308593749999955730e-05
9.862000000000000106e-04,5.234375000000013323e-03,7.089843749999869688e-05
9.864000000000001239e-04,5.097656249999804601e-03,7.187499999999902300e-05
9.866000000000000204e-04,5.449218749999928946e-03,9.472656249999954203e-05
9.868000000000001336e-04,5.253906250000106581e-03,8.085937499999976824e-05
9.870000000000000301e-04,5.136718749999769074e-03,1.093750000000009645e-04
9.872000000000001434e-04,5.078124999999933387e-03,1.097656250000017888e-04
9.874000000000000398e-04,4.785156249999977796e-03,7.812499999999920203e-05
9.876000000000001531e-04,4.960937499999928946e-03,5.996093749999990147e-05
9.878000000000000495e-04,5.351562499999906741e-03,5.097656250000002359e-05
9.880000000000001628e-04,5.058593750000062172e-03,3.496093750000005274e-05
9.882000000000000593e-04,5.117187499999897859e-03,3.906249999982222554e-07
9.884000000000001725e-04,5.214843749999809042e-03,2.695312499999963363e-05
9.886000000000000690e-04,5.312500000000164313e-03,6.445312499999897304e-05
9.888000000000001823e-04,5.371093749999777955e-03,6.542968750000016653e-05
9.890000000000000787e-04,4.921874999999742428e-03,5.976562499999862194e-05
9.892000000000001920e-04,4.707031249999937828e-03,4.023437499999817091e-05
9.894000000000000884e-04,5.117187499999897859e-03,6.093749999999849287e-05
9.896000000000002017e-04,4.941406249999835687e-03,3.046874999999837907e-05
9.898000000000000981e-04,5.117187500000008882e-03,2.539062499999286682e-06
9.899999999999999946e-04,4.941406249999946709e-03,-1.054687500000057315e-05
9.902000000000001079e-04,5.039062499999857891e-03,-4.531249999999847899e-05
9.904000000000000043e-04,5.292968749999849010e-03,-2.324218750000134337e-05
9.906000000000001176e-04,4.687499999999955591e-03,-1.269531250000163758e-05
9.908000000000000140e-04,5.000000000000004441e-03,1.289062499999944766e-05
9.910000000000001273e-04,5.273437499999977796e-03,1.015624999999888145e-05
9.912000000000000238e-04,4.960937499999928946e-03,2.285156250000051903e-05
9.914000000000001370e-04,5.058593750000062172e-03,1.082031249999993588e-04
9.916000000000000335e-04,5.253906249999995559e-03,-1.119140625000002512e-04
9.918000000000001468e-04,5.175781249999844569e-03,-7.128906250000038858e-05
9.920000000000000432e-04,5.312499999999942268e-03,-4.824218750000119210e-05
9.922000000000001565e-04,5.195312499999937828e-03,1.562499999999827915e-06
9.924000000000000529e-04,5.195312499999826805e-03,-8.886718749999845263e-05
9.926000000000001662e-04,4.941406249999724665e-03,-8.125000000000059258e-05
9.928000000000000626e-04,4.902343749999982236e-03,-8.750000000000077161e-05
9.930000000000001759e-04,5.195312500000159872e-03,-8.183593749999922701e-05
9.932000000000000724e-04,5.195312499999937828e-03,-1.953125000000045103e-05
9.934000000000001857e-04,5.039062499999746869e-03,-5.742187500000061479e-05
9.936000000000000821e-04,5.214843749999920064e-03,-4.414062500000121014e-05
9.938000000000001954e-04,5.234375000000013323e-03,-8.613281250000048850e-05
9.940000000000000918e-04,4.804687500000182077e-03,-2.402343750000038997e-05
9.942000000000002051e-04,5.136718749999880096e-03,-7.480468750000086875e-05
9.944000000000001015e-04,5.156250000000084377e-03,-9.433593750000045242e-05
9.945999999999999980e-04,5.156250000000084377e-03,-7.929687499999994033e-05
9.948000000000001113e-04,5.273437499999977796e-03,-9.238281249999980016e-05
9.950000000000000077e-04,5.078125000000044409e-03,-1.302734374999990966e-04
9.952000000000001210e-04,5.097656249999915623e-03,-1.414062499999983041e-04
9.954000000000000174e-04,5.332031250000035527e-03,-9.824218750000088957e-05
9.956000000000001307e-04,5.234375000000013323e-03,-1.273437500000015876e-04
9.958000000000000271e-04,5.195312499999826805e-03,-7.578125000000032752e-05
9.960000000000001404e-04,5.000000000000004441e-03,-5.976562500000122402e-05
9.962000000000000369e-04,5.117187499999897859e-03,-9.804687500000047740e-05
9.964000000000001502e-04,5.195312500000048850e-03,-1.025390625000004163e-04
9.966000000000000466e-04,4.804687499999960032e-03,-1.421874999999990855e-04
9.968000000000001599e-04,5.273437500000088818e-03,-1.345703125000012254e-04
9.970000000000000563e-04,5.156249999999973355e-03,-1.189453125000003442e-04
9.972000000000001696e-04,5.234374999999902300e-03,-1.201171874999984804e-04
9.974000000000000660e-04,5.312499999999831246e-03,-1.615234375000008590e-04
9.976000000000001793e-04,5.078124999999933387e-03,-1.214843750000004982e-04
9.978000000000000758e-04,5.058593750000173195e-03,-1.726562500000000666e-04
9.980000000000001890e-04,4.960937499999817923e-03,-1.400390624999997558e-04
9.982000000000000855e-04,5.039062499999857891e-03,-1.312500000000011574e-04
9.984000000000001988e-04,4.980468750000022204e-03,-8.925781249999927697e-05
9.986000000000000952e-04,4.824218749999942268e-03,-1.937499999999994782e-04
9.988000000000002085e-04,5.136718749999991118e-03,-1.361328125000001860e-04
9.990000000000001049e-04,4.824218749999609201e-03,-1.505859375000003289e-04
9.992000000000000014e-04,5.214843749999920064e-03,-1.568359375000031100e-04
9.994000000000001147e-04,5.273437500000088818e-03,-1.349609374999994477e-04
9.996000000000000111e-04,4.882812499999888978e-03,-1.394531250000011213e-04
9.998000000000001244e-04,5.097656249999915623e-03,-1.480468749999984401e-04
1.000000000000000021e-03,5.273437499999977796e-03,-1.292968749999996378e-04
